atom_idx,atom_name,residue,residue_idx,residue_number,chain,sasa_nm2,sasa_A2
0,N,MET,0,1,0,0.013669858,1.3669857755303383
1,CA,MET,0,1,0,0.0,0.0
2,C,MET,0,1,0,0.0,0.0
3,CB,MET,0,1,0,0.0025158923,0.25158922653645277
4,O,MET,0,1,0,0.12500355,12.500354647636414
5,CG,MET,0,1,0,0.008805623,0.8805623278021812
6,SD,MET,0,1,0,0.37799644,37.799644470214844
7,CE,MET,0,1,0,0.12956846,12.956845760345459
8,H,MET,0,1,0,0.16281827,16.28182679414749
9,HA,MET,0,1,0,0.099106774,9.910677373409271
10,HB2,MET,0,1,0,0.07344519,7.344519346952438
11,HB3,MET,0,1,0,0.09733701,9.7337007522583
12,HG2,MET,0,1,0,0.14069621,14.06962126493454
13,HG3,MET,0,1,0,0.08494866,8.494865894317627
14,HE1,MET,0,1,0,0.25130644,25.13064444065094
15,HE2,MET,0,1,0,0.2539611,25.396108627319336
16,HE3,MET,0,1,0,0.16458803,16.458803415298462
17,H2,MET,0,1,0,0.23095417,23.095417022705078
18,H3,MET,0,1,0,0.011503465,1.1503464542329311
19,N,ILE,1,2,0,0.0,0.0
20,CA,ILE,1,2,0,0.0,0.0
21,C,ILE,1,2,0,0.0,0.0
22,CB,ILE,1,2,0,0.0,0.0
23,O,ILE,1,2,0,0.03236699,3.236699104309082
24,CG1,ILE,1,2,0,0.020127138,2.012713812291622
25,CG2,ILE,1,2,0,0.08931418,8.931417763233185
26,CD1,ILE,1,2,0,0.115731046,11.573104560375214
27,H,ILE,1,2,0,0.0061941734,0.6194173358380795
28,HA,ILE,1,2,0,0.0008848819,0.08848818833939731
29,HB,ILE,1,2,0,0.045128975,4.512897506356239
30,HG12,ILE,1,2,0,0.111495115,11.149511486291885
31,HG13,ILE,1,2,0,0.020352283,2.0352283492684364
32,HG21,ILE,1,2,0,0.14777528,14.777527749538422
33,HG22,ILE,1,2,0,0.10618582,10.618582367897034
34,HG23,ILE,1,2,0,0.11061023,11.0610231757164
35,HD11,ILE,1,2,0,0.15042992,15.042991936206818
36,HD12,ILE,1,2,0,0.2495367,24.95366930961609
37,HD13,ILE,1,2,0,0.20352283,20.352283120155334
38,N,LEU,2,3,0,0.0,0.0
39,CA,LEU,2,3,0,0.0,0.0
40,C,LEU,2,3,0,0.0,0.0
41,CB,LEU,2,3,0,0.010063569,1.006356906145811
42,O,LEU,2,3,0,0.0022322063,0.22322062868624926
43,CG,LEU,2,3,0,0.0,0.0
44,CD1,LEU,2,3,0,0.10063569,10.063569247722626
45,CD2,LEU,2,3,0,0.095603906,9.560390561819077
46,H,LEU,2,3,0,0.0,0.0
47,HA,LEU,2,3,0,0.030970866,3.09708658605814
48,HB2,LEU,2,3,0,0.025661575,2.566157467663288
49,HB3,LEU,2,3,0,0.02389181,2.3891810327768326
50,HG,LEU,2,3,0,0.11591953,11.591953039169312
51,HD11,LEU,2,3,0,0.16547291,16.547290980815887
52,HD12,LEU,2,3,0,0.20706236,20.706236362457275
53,HD13,LEU,2,3,0,0.119459055,11.945905536413193
54,HD21,LEU,2,3,0,0.08494866,8.494865894317627
55,HD22,LEU,2,3,0,0.20794724,20.7947239279747
56,HD23,LEU,2,3,0,0.1858252,18.58251988887787
57,N,ASN,3,4,0,0.0,0.0
58,CA,ASN,3,4,0,0.0,0.0
59,C,ASN,3,4,0,0.0012579461,0.12579461326822639
60,CB,ASN,3,4,0,0.015095353,1.509535312652588
61,O,ASN,3,4,0,0.027902579,2.7902578935027122
62,CG,ASN,3,4,0,0.025158923,2.5158923119306564
63,H,ASN,3,4,0,0.007079055,0.7079055067151785
64,HA,ASN,3,4,0,0.0,0.0
65,HB2,ASN,3,4,0,0.054862678,5.486267805099487
66,HB3,ASN,3,4,0,0.08052425,8.05242508649826
67,ND2,ASN,3,4,0,0.06721013,6.72101303935051
68,OD1,ASN,3,4,0,0.15290613,15.2906134724617
69,HD22,ASN,3,4,0,0.12299858,12.299858033657074
70,HD21,ASN,3,4,0,0.14777528,14.777527749538422
71,N,LYS,4,5,0,0.0113915475,1.139154750853777
72,CA,LYS,4,5,0,0.0,0.0
73,C,LYS,4,5,0,0.0025158923,0.25158922653645277
74,CB,LYS,4,5,0,0.011321515,1.132151484489441
75,O,LYS,4,5,0,0.0022322063,0.22322062868624926
76,CG,LYS,4,5,0,0.008805623,0.8805623278021812
77,CD,LYS,4,5,0,0.015095353,1.509535312652588
78,CE,LYS,4,5,0,0.013837407,1.383740734308958
79,NZ,LYS,4,5,0,0.017087322,1.7087321728467941
80,H,LYS,4,5,0,0.0017697638,0.17697637667879462
81,HA,LYS,4,5,0,0.029201102,2.9201101511716843
82,HB2,LYS,4,5,0,0.04778362,4.778362065553665
83,HB3,LYS,4,5,0,0.035395276,3.539527580142021
84,HG2,LYS,4,5,0,0.03628016,3.6280158907175064
85,HG3,LYS,4,5,0,0.0008848819,0.08848818833939731
86,HD2,LYS,4,5,0,0.054862678,5.486267805099487
87,HD3,LYS,4,5,0,0.05663244,5.663244053721428
88,HE2,LYS,4,5,0,0.0044244095,0.44244094751775265
89,HE3,LYS,4,5,0,0.054862678,5.486267805099487
90,HZ1,LYS,4,5,0,0.16547291,16.547290980815887
91,HZ2,LYS,4,5,0,0.16193338,16.193337738513947
92,HZ3,LYS,4,5,0,0.22210535,22.210535407066345
93,N,ALA,5,6,0,0.0,0.0
94,CA,ALA,5,6,0,0.0012579461,0.12579461326822639
95,C,ALA,5,6,0,0.0,0.0
96,CB,ALA,5,6,0,0.095603906,9.560390561819077
97,O,ALA,5,6,0,0.058037363,5.803736299276352
98,H,ALA,5,6,0,0.0,0.0
99,HA,ALA,5,6,0,0.111495115,11.149511486291885
100,HB1,ALA,5,6,0,0.016812757,1.6812756657600403
101,HB2,ALA,5,6,0,0.11061023,11.0610231757164
102,HB3,ALA,5,6,0,0.23714834,23.714834451675415
103,N,LEU,6,7,0,0.0,0.0
104,CA,LEU,6,7,0,0.0,0.0
105,C,LEU,6,7,0,0.0,0.0
106,CB,LEU,6,7,0,0.0,0.0
107,O,LEU,6,7,0,0.055805158,5.5805157870054245
108,CG,LEU,6,7,0,0.0,0.0
109,CD1,LEU,6,7,0,0.06415525,6.4155250787734985
110,CD2,LEU,6,7,0,0.10315158,10.31515821814537
111,H,LEU,6,7,0,0.0,0.0
112,HA,LEU,6,7,0,0.03804992,3.804992139339447
113,HB2,LEU,6,7,0,0.0,0.0
114,HB3,LEU,6,7,0,0.0044244095,0.44244094751775265
115,HG,LEU,6,7,0,0.11503465,11.503464728593826
116,HD11,LEU,6,7,0,0.06725103,6.725102663040161
117,HD12,LEU,6,7,0,0.20617747,20.61774730682373
118,HD13,LEU,6,7,0,0.10884047,10.88404729962349
119,HD21,LEU,6,7,0,0.1663578,16.635780036449432
120,HD22,LEU,6,7,0,0.20706236,20.706236362457275
121,HD23,LEU,6,7,0,0.12742299,12.74229884147644
122,N,MET,7,8,0,0.0,0.0
123,CA,MET,7,8,0,0.0,0.0
124,C,MET,7,8,0,0.0,0.0
125,CB,MET,7,8,0,0.0,0.0
126,O,MET,7,8,0,0.090404354,9.040435403585434
127,CG,MET,7,8,0,0.0,0.0
128,SD,MET,7,8,0,0.3123162,31.23162090778351
129,CE,MET,7,8,0,0.03899633,3.899633139371872
130,H,MET,7,8,0,0.0,0.0
131,HA,MET,7,8,0,0.027431339,2.7431339025497437
132,HB2,MET,7,8,0,0.016812757,1.6812756657600403
133,HB3,MET,7,8,0,0.04158945,4.158945009112358
134,HG2,MET,7,8,0,0.017697638,1.7697637900710106
135,HG3,MET,7,8,0,0.04601386,4.6013858169317245
136,HE1,MET,7,8,0,0.07256032,7.256031781435013
137,HE2,MET,7,8,0,0.05663244,5.663244053721428
138,HE3,MET,7,8,0,0.007963937,0.7963936775922775
139,N,LEU,8,9,0,0.0,0.0
140,CA,LEU,8,9,0,0.0,0.0
141,C,LEU,8,9,0,0.0,0.0
142,CB,LEU,8,9,0,0.0075476766,0.754767656326294
143,O,LEU,8,9,0,0.060269568,6.026956811547279
144,CG,LEU,8,9,0,0.0,0.0
145,CD1,LEU,8,9,0,0.044028115,4.402811452746391
146,CD2,LEU,8,9,0,0.0075476766,0.754767656326294
147,H,LEU,8,9,0,0.0,0.0
148,HA,LEU,8,9,0,0.012388347,1.238834671676159
149,HB2,LEU,8,9,0,0.0008848819,0.08848818833939731
150,HB3,LEU,8,9,0,0.07079055,7.079055160284042
151,HG,LEU,8,9,0,0.013273228,1.3273227959871292
152,HD11,LEU,8,9,0,0.16901244,16.90124422311783
153,HD12,LEU,8,9,0,0.0061941734,0.6194173358380795
154,HD13,LEU,8,9,0,0.015042992,1.5042992308735847
155,HD21,LEU,8,9,0,0.007963937,0.7963936775922775
156,HD22,LEU,8,9,0,0.0,0.0
157,HD23,LEU,8,9,0,0.15308456,15.308456122875214
158,N,GLY,9,10,0,0.0,0.0
159,CA,GLY,9,10,0,0.012579462,1.2579461559653282
160,C,GLY,9,10,0,0.010063569,1.006356906145811
161,O,GLY,9,10,0,0.15179002,15.179002285003662
162,H,GLY,9,10,0,0.0,0.0
163,HA2,GLY,9,10,0,0.1415811,14.158110320568085
164,HA3,GLY,9,10,0,0.111495115,11.149511486291885
165,N,THR,10,11,0,0.0,0.0
166,CA,THR,10,11,0,0.0,0.0
167,C,THR,10,11,0,0.0,0.0
168,CB,THR,10,11,0,0.0025158923,0.25158922653645277
169,O,THR,10,11,0,0.107145905,10.714590549468994
170,CG2,THR,10,11,0,0.09183007,9.18300673365593
171,OG1,THR,10,11,0,0.18862143,18.86214315891266
172,H,THR,10,11,0,0.0,0.0
173,HA,THR,10,11,0,0.05309291,5.309291183948517
174,HB,THR,10,11,0,0.099106774,9.910677373409271
175,HG21,THR,10,11,0,0.16458803,16.458803415298462
176,HG22,THR,10,11,0,0.1371567,13.715669512748718
177,HG23,THR,10,11,0,0.14689039,14.689038693904877
178,HG1,THR,10,11,0,0.0017697638,0.17697637667879462
179,N,LEU,11,12,0,0.0,0.0
180,CA,LEU,11,12,0,0.0,0.0
181,C,LEU,11,12,0,0.0,0.0
182,CB,LEU,11,12,0,0.0,0.0
183,O,LEU,11,12,0,0.050224643,5.022464320063591
184,CG,LEU,11,12,0,0.0,0.0
185,CD1,LEU,11,12,0,0.05157579,5.157579109072685
186,CD2,LEU,11,12,0,0.0,0.0
187,H,LEU,11,12,0,0.0,0.0
188,HA,LEU,11,12,0,0.0,0.0
189,HB2,LEU,11,12,0,0.0044244095,0.44244094751775265
190,HB3,LEU,11,12,0,0.0,0.0
191,HG,LEU,11,12,0,0.058402203,5.8402203023433685
192,HD11,LEU,11,12,0,0.013273228,1.3273227959871292
193,HD12,LEU,11,12,0,0.10884047,10.88404729962349
194,HD13,LEU,11,12,0,0.099106774,9.910677373409271
195,HD21,LEU,11,12,0,0.0,0.0
196,HD22,LEU,11,12,0,0.011503465,1.1503464542329311
197,HD23,LEU,11,12,0,0.0,0.0
198,N,ALA,12,13,0,0.0,0.0
199,CA,ALA,12,13,0,0.0012579461,0.12579461326822639
200,C,ALA,12,13,0,0.0012579461,0.12579461326822639
201,CB,ALA,12,13,0,0.08805623,8.805622905492783
202,O,ALA,12,13,0,0.06696619,6.696619093418121
203,H,ALA,12,13,0,0.0,0.0
204,HA,ALA,12,13,0,0.11326488,11.326488107442856
205,HB1,ALA,12,13,0,0.12830788,12.830787897109985
206,HB2,ALA,12,13,0,0.12122882,12.122882157564163
207,HB3,ALA,12,13,0,0.16812755,16.812755167484283
208,N,LEU,13,14,0,0.0,0.0
209,CA,LEU,13,14,0,0.0,0.0
210,C,LEU,13,14,0,0.0,0.0
211,CB,LEU,13,14,0,0.0,0.0
212,O,LEU,13,14,0,0.054689053,5.468905344605446
213,CG,LEU,13,14,0,0.0,0.0
214,CD1,LEU,13,14,0,0.0,0.0
215,CD2,LEU,13,14,0,0.020127138,2.012713812291622
216,H,LEU,13,14,0,0.0,0.0
217,HA,LEU,13,14,0,0.026546456,2.6546455919742584
218,HB2,LEU,13,14,0,0.0,0.0
219,HB3,LEU,13,14,0,0.0017697638,0.17697637667879462
220,HG,LEU,13,14,0,0.011503465,1.1503464542329311
221,HD11,LEU,13,14,0,0.0,0.0
222,HD12,LEU,13,14,0,0.0,0.0
223,HD13,LEU,13,14,0,0.0,0.0
224,HD21,LEU,13,14,0,0.07256032,7.256031781435013
225,HD22,LEU,13,14,0,0.0,0.0
226,HD23,LEU,13,14,0,0.0044244095,0.44244094751775265
227,N,THR,14,15,0,0.0,0.0
228,CA,THR,14,15,0,0.0,0.0
229,C,THR,14,15,0,0.0,0.0
230,CB,THR,14,15,0,0.0012579461,0.12579461326822639
231,O,THR,14,15,0,0.03236699,3.236699104309082
232,CG2,THR,14,15,0,0.047801953,4.780195280909538
233,OG1,THR,14,15,0,0.06250177,6.250177323818207
234,H,THR,14,15,0,0.007963937,0.7963936775922775
235,HA,THR,14,15,0,0.0929126,9.291259944438934
236,HB,THR,14,15,0,0.050438266,5.043826624751091
237,HG21,THR,14,15,0,0.048668504,4.86685037612915
238,HG22,THR,14,15,0,0.015927874,1.592787355184555
239,HG23,THR,14,15,0,0.17697638,17.697638273239136
240,HG1,THR,14,15,0,0.0035395275,0.35395275335758924
241,N,THR,15,16,0,0.0,0.0
242,CA,THR,15,16,0,0.0,0.0
243,C,THR,15,16,0,0.0,0.0
244,CB,THR,15,16,0,0.0025158923,0.25158922653645277
245,O,THR,15,16,0,0.06361788,6.361787766218185
246,CG2,THR,15,16,0,0.037738383,3.7738382816314697
247,OG1,THR,15,16,0,0.22768503,22.768503427505493
248,H,THR,15,16,0,0.015042992,1.5042992308735847
249,HA,THR,15,16,0,0.07786961,7.7869608998298645
250,HB,THR,15,16,0,0.14246598,14.24659788608551
251,HG21,THR,15,16,0,0.109725356,10.972535610198975
252,HG22,THR,15,16,0,0.011503465,1.1503464542329311
253,HG23,THR,15,16,0,0.20352283,20.352283120155334
254,HG1,THR,15,16,0,0.12742299,12.74229884147644
255,N,VAL,16,17,0,0.0,0.0
256,CA,VAL,16,17,0,0.0,0.0
257,C,VAL,16,17,0,0.0,0.0
258,CB,VAL,16,17,0,0.0,0.0
259,O,VAL,16,17,0,0.0022322063,0.22322062868624926
260,CG1,VAL,16,17,0,0.015095353,1.509535312652588
261,CG2,VAL,16,17,0,0.013837407,1.383740734308958
262,H,VAL,16,17,0,0.019467402,1.9467402249574661
263,HA,VAL,16,17,0,0.027431339,2.7431339025497437
264,HB,VAL,16,17,0,0.071675435,7.167543470859528
265,HG11,VAL,16,17,0,0.0,0.0
266,HG12,VAL,16,17,0,0.045128975,4.512897506356239
267,HG13,VAL,16,17,0,0.033625513,3.3625513315200806
268,HG21,VAL,16,17,0,0.20706236,20.706236362457275
269,HG22,VAL,16,17,0,0.0044244095,0.44244094751775265
270,HG23,VAL,16,17,0,0.0,0.0
271,N,MET,17,18,0,0.0,0.0
272,CA,MET,17,18,0,0.0,0.0
273,C,MET,17,18,0,0.0,0.0
274,CB,MET,17,18,0,0.008805623,0.8805623278021812
275,O,MET,17,18,0,0.11049421,11.04942113161087
276,CG,MET,17,18,0,0.017611247,1.7611246556043625
277,SD,MET,17,18,0,0.39408138,39.408138394355774
278,CE,MET,17,18,0,0.13208434,13.208433985710144
279,H,MET,17,18,0,0.031855747,3.18557471036911
280,HA,MET,17,18,0,0.019467402,1.9467402249574661
281,HB2,MET,17,18,0,0.12565322,12.56532222032547
282,HB3,MET,17,18,0,0.058402203,5.8402203023433685
283,HG2,MET,17,18,0,0.09025795,9.025795012712479
284,HG3,MET,17,18,0,0.11061023,11.0610231757164
285,HE1,MET,17,18,0,0.18140079,18.140079081058502
286,HE2,MET,17,18,0,0.16281827,16.28182679414749
287,HE3,MET,17,18,0,0.2495367,24.95366930961609
288,N,SER,18,19,0,0.0,0.0
289,CA,SER,18,19,0,0.0,0.0
290,C,SER,18,19,0,0.0,0.0
291,CB,SER,18,19,0,0.04151222,4.151222109794617
292,O,SER,18,19,0,0.0011161031,0.11161031434312463
293,OG,SER,18,19,0,0.15960275,15.960274636745453
294,H,SER,18,19,0,0.0,0.0
295,HA,SER,18,19,0,0.04689874,4.68987412750721
296,HB2,SER,18,19,0,0.111495115,11.149511486291885
297,HB3,SER,18,19,0,0.1902496,19.024960696697235
298,HG,SER,18,19,0,0.0017697638,0.17697637667879462
299,N,PRO,19,20,0,0.0,0.0
300,CA,PRO,19,20,0,0.0,0.0
301,C,PRO,19,20,0,0.0,0.0
302,CB,PRO,19,20,0,0.035222493,3.522249311208725
303,O,PRO,19,20,0,0.16071886,16.07188582420349
304,CG,PRO,19,20,0,0.040254276,4.025427624583244
305,CD,PRO,19,20,0,0.0163533,1.6353299841284752
306,HA,PRO,19,20,0,0.0,0.0
307,HB2,PRO,19,20,0,0.1318474,13.184739649295807
308,HB3,PRO,19,20,0,0.08848819,8.848819136619568
309,HG2,PRO,19,20,0,0.2052926,20.529259741306305
310,HG3,PRO,19,20,0,0.21591118,21.59111797809601
311,HD2,PRO,19,20,0,0.11238,11.23799979686737
312,HD3,PRO,19,20,0,0.096452124,9.645212441682816
313,N,CYS,20,21,0,0.0,0.0
314,CA,CYS,20,21,0,0.0,0.0
315,C,CYS,20,21,0,0.0,0.0
316,CB,CYS,20,21,0,0.0,0.0
317,O,CYS,20,21,0,0.026786476,2.6786476373672485
318,SG,CYS,20,21,0,0.010723303,1.0723303072154522
319,H,CYS,20,21,0,0.0,0.0
320,HA,CYS,20,21,0,0.05132315,5.132314935326576
321,HB2,CYS,20,21,0,0.0,0.0
322,HB3,CYS,20,21,0,0.0,0.0
323,HG,CYS,20,21,0,0.0,0.0
324,N,GLY,21,22,0,0.0113915475,1.139154750853777
325,CA,GLY,21,22,0,0.030190706,3.019070625305176
326,C,GLY,21,22,0,0.011321515,1.132151484489441
327,O,GLY,21,22,0,0.25223932,25.223931670188904
328,H,GLY,21,22,0,0.09114283,9.114283323287964
329,HA2,GLY,21,22,0,0.22033559,22.033558785915375
330,HA3,GLY,21,22,0,0.21325654,21.325653791427612
331,N,GLY,22,23,0,0.02392225,2.392224967479706
332,CA,GLY,22,23,0,0.0037738383,0.377383828163147
333,C,GLY,22,23,0,0.011321515,1.132151484489441
334,O,GLY,22,23,0,0.007812722,0.7812721654772758
335,H,GLY,22,23,0,0.02300693,2.3006929084658623
336,HA2,GLY,22,23,0,0.011503465,1.1503464542329311
337,HA3,GLY,22,23,0,0.031855747,3.18557471036911
338,N,GLU,23,24,0,0.0,0.0
339,CA,GLU,23,24,0,0.0,0.0
340,C,GLU,23,24,0,0.0025158923,0.25158922653645277
341,CB,GLU,23,24,0,0.0,0.0
342,O,GLU,23,24,0,0.008928825,0.892882514744997
343,CG,GLU,23,24,0,0.0163533,1.6353299841284752
344,CD,GLU,23,24,0,0.076734714,7.673471421003342
345,OE1,GLU,23,24,0,0.5000142,50.001418590545654
346,OE2,GLU,23,24,0,0.08259163,8.259163051843643
347,H,GLU,23,24,0,0.020352283,2.0352283492684364
348,HA,GLU,23,24,0,0.09114283,9.114283323287964
349,HB2,GLU,23,24,0,0.0,0.0
350,HB3,GLU,23,24,0,0.017697638,1.7697637900710106
351,HG2,GLU,23,24,0,0.17078221,17.0782208442688
352,HG3,GLU,23,24,0,0.14954504,14.954504370689392
353,N,ASP,24,25,0,0.0056957738,0.5695773754268885
354,CA,ASP,24,25,0,0.0,0.0
355,C,ASP,24,25,0,0.0,0.0
356,CB,ASP,24,25,0,0.0163533,1.6353299841284752
357,O,ASP,24,25,0,0.14732562,14.732562005519867
358,CG,ASP,24,25,0,0.04277017,4.277016967535019
359,OD1,ASP,24,25,0,0.12723576,12.72357553243637
360,OD2,ASP,24,25,0,0.085939944,8.593994379043579
361,H,ASP,24,25,0,0.049553387,4.955338686704636
362,HA,ASP,24,25,0,0.033625513,3.3625513315200806
363,HB2,ASP,24,25,0,0.104416065,10.441606491804123
364,HB3,ASP,24,25,0,0.10530094,10.530094057321548
365,N,ILE,25,26,0,0.0,0.0
366,CA,ILE,25,26,0,0.0,0.0
367,C,ILE,25,26,0,0.0,0.0
368,CB,ILE,25,26,0,0.0,0.0
369,O,ILE,25,26,0,0.07589501,7.589501142501831
370,CG1,ILE,25,26,0,0.0,0.0
371,CG2,ILE,25,26,0,0.028932761,2.8932761400938034
372,CD1,ILE,25,26,0,0.0,0.0
373,H,ILE,25,26,0,0.0,0.0
374,HA,ILE,25,26,0,0.04689874,4.68987412750721
375,HB,ILE,25,26,0,0.0,0.0
376,HG12,ILE,25,26,0,0.01415811,1.415811013430357
377,HG13,ILE,25,26,0,0.0,0.0
378,HG21,ILE,25,26,0,0.0,0.0
379,HG22,ILE,25,26,0,0.0,0.0
380,HG23,ILE,25,26,0,0.078754485,7.87544846534729
381,HD11,ILE,25,26,0,0.0,0.0
382,HD12,ILE,25,26,0,0.0,0.0
383,HD13,ILE,25,26,0,0.0,0.0
384,N,VAL,26,27,0,0.0,0.0
385,CA,VAL,26,27,0,0.0,0.0
386,C,VAL,26,27,0,0.0,0.0
387,CB,VAL,26,27,0,0.0012579461,0.12579461326822639
388,O,VAL,26,27,0,0.14732562,14.732562005519867
389,CG1,VAL,26,27,0,0.098119795,9.811979532241821
390,CG2,VAL,26,27,0,0.08931418,8.931417763233185
391,H,VAL,26,27,0,0.06725103,6.725102663040161
392,HA,VAL,26,27,0,0.04689874,4.68987412750721
393,HB,VAL,26,27,0,0.12122882,12.122882157564163
394,HG11,VAL,26,27,0,0.17697638,17.697638273239136
395,HG12,VAL,26,27,0,0.2344937,23.44937026500702
396,HG13,VAL,26,27,0,0.030085985,3.0085984617471695
397,HG21,VAL,26,27,0,0.0831789,8.317890018224716
398,HG22,VAL,26,27,0,0.13892646,13.892646133899689
399,HG23,VAL,26,27,0,0.18317056,18.317055702209473
400,N,ALA,27,28,0,0.0,0.0
401,CA,ALA,27,28,0,0.0012579461,0.12579461326822639
402,C,ALA,27,28,0,0.0075476766,0.754767656326294
403,CB,ALA,27,28,0,0.0,0.0
404,O,ALA,27,28,0,0.18415701,18.415701389312744
405,H,ALA,27,28,0,0.048668504,4.86685037612915
406,HA,ALA,27,28,0,0.016812757,1.6812756657600403
407,HB1,ALA,27,28,0,0.0,0.0
408,HB2,ALA,27,28,0,0.0,0.0
409,HB3,ALA,27,28,0,0.0,0.0
410,N,ASP,28,29,0,0.0,0.0
411,CA,ASP,28,29,0,0.0,0.0
412,C,ASP,28,29,0,0.0,0.0
413,CB,ASP,28,29,0,0.0025158923,0.25158922653645277
414,O,ASP,28,29,0,0.21429181,21.42918109893799
415,CG,ASP,28,29,0,0.04151222,4.151222109794617
416,OD1,ASP,28,29,0,0.33148262,33.14826190471649
417,OD2,ASP,28,29,0,0.1439773,14.397729933261871
418,H,ASP,28,29,0,0.0,0.0
419,HA,ASP,28,29,0,0.07079055,7.079055160284042
420,HB2,ASP,28,29,0,0.0,0.0
421,HB3,ASP,28,29,0,0.09733701,9.7337007522583
422,N,HIS,29,30,0,0.0,0.0
423,CA,HIS,29,30,0,0.0,0.0
424,C,HIS,29,30,0,0.0,0.0
425,CB,HIS,29,30,0,0.0,0.0
426,O,HIS,29,30,0,0.0,0.0
427,CG,HIS,29,30,0,0.0,0.0
428,H,HIS,29,30,0,0.0,0.0
429,HA,HIS,29,30,0,0.0026546456,0.26546455919742584
430,HB2,HIS,29,30,0,0.0,0.0
431,HB3,HIS,29,30,0,0.0,0.0
432,CD2,HIS,29,30,0,0.0,0.0
433,ND1,HIS,29,30,0,0.0,0.0
434,CE1,HIS,29,30,0,0.028932761,2.8932761400938034
435,NE2,HIS,29,30,0,0.007974084,0.7974083535373211
436,HD1,HIS,29,30,0,0.0008848819,0.08848818833939731
437,HD2,HIS,29,30,0,0.007963937,0.7963936775922775
438,HE1,HIS,29,30,0,0.12034394,12.034393846988678
439,HE2,HIS,29,30,0,0.21148677,21.148677170276642
440,N,VAL,30,31,0,0.0,0.0
441,CA,VAL,30,31,0,0.0,0.0
442,C,VAL,30,31,0,0.0,0.0
443,CB,VAL,30,31,0,0.0,0.0
444,O,VAL,30,31,0,0.008928825,0.892882514744997
445,CG1,VAL,30,31,0,0.011321515,1.132151484489441
446,CG2,VAL,30,31,0,0.033964545,3.3964544534683228
447,H,VAL,30,31,0,0.0,0.0
448,HA,VAL,30,31,0,0.0,0.0
449,HB,VAL,30,31,0,0.08583354,8.583354204893112
450,HG11,VAL,30,31,0,0.063711494,6.37114942073822
451,HG12,VAL,30,31,0,0.026546456,2.6546455919742584
452,HG13,VAL,30,31,0,0.0,0.0
453,HG21,VAL,30,31,0,0.10353118,10.353118181228638
454,HG22,VAL,30,31,0,0.076984726,7.698472589254379
455,HG23,VAL,30,31,0,0.0,0.0
456,N,ALA,31,32,0,0.0,0.0
457,CA,ALA,31,32,0,0.0,0.0
458,C,ALA,31,32,0,0.0,0.0
459,CB,ALA,31,32,0,0.0,0.0
460,O,ALA,31,32,0,0.0,0.0
461,H,ALA,31,32,0,0.0,0.0
462,HA,ALA,31,32,0,0.0,0.0
463,HB1,ALA,31,32,0,0.0,0.0
464,HB2,ALA,31,32,0,0.0,0.0
465,HB3,ALA,31,32,0,0.0,0.0
466,N,SER,32,33,0,0.0,0.0
467,CA,SER,32,33,0,0.0,0.0
468,C,SER,32,33,0,0.0,0.0
469,CB,SER,32,33,0,0.0,0.0
470,O,SER,32,33,0,0.0,0.0
471,OG,SER,32,33,0,0.0,0.0
472,H,SER,32,33,0,0.009733701,0.9733701124787331
473,HA,SER,32,33,0,0.0,0.0
474,HB2,SER,32,33,0,0.027431339,2.7431339025497437
475,HB3,SER,32,33,0,0.0,0.0
476,HG,SER,32,33,0,0.0,0.0
477,N,TYR,33,34,0,0.0,0.0
478,CA,TYR,33,34,0,0.0,0.0
479,C,TYR,33,34,0,0.0,0.0
480,CB,TYR,33,34,0,0.0,0.0
481,O,TYR,33,34,0,0.0,0.0
482,CG,TYR,33,34,0,0.0,0.0
483,CD1,TYR,33,34,0,0.0012579461,0.12579461326822639
484,CD2,TYR,33,34,0,0.0,0.0
485,CE1,TYR,33,34,0,0.006289731,0.6289730779826641
486,CE2,TYR,33,34,0,0.0,0.0
487,OH,TYR,33,34,0,0.0,0.0
488,CZ,TYR,33,34,0,0.0,0.0
489,H,TYR,33,34,0,0.0,0.0
490,HA,TYR,33,34,0,0.0,0.0
491,HB2,TYR,33,34,0,0.0,0.0
492,HB3,TYR,33,34,0,0.0,0.0
493,HD1,TYR,33,34,0,0.0,0.0
494,HD2,TYR,33,34,0,0.0,0.0
495,HE1,TYR,33,34,0,0.010618582,1.0618582367897034
496,HE2,TYR,33,34,0,0.0,0.0
497,HH,TYR,33,34,0,0.0,0.0
498,N,GLY,34,35,0,0.0,0.0
499,CA,GLY,34,35,0,0.0,0.0
500,C,GLY,34,35,0,0.0,0.0
501,O,GLY,34,35,0,0.0,0.0
502,H,GLY,34,35,0,0.0,0.0
503,HA2,GLY,34,35,0,0.0,0.0
504,HA3,GLY,34,35,0,0.0,0.0
505,N,VAL,35,36,0,0.0,0.0
506,CA,VAL,35,36,0,0.0,0.0
507,C,VAL,35,36,0,0.0,0.0
508,CB,VAL,35,36,0,0.0,0.0
509,O,VAL,35,36,0,0.0,0.0
510,CG1,VAL,35,36,0,0.0,0.0
511,CG2,VAL,35,36,0,0.0,0.0
512,H,VAL,35,36,0,0.0,0.0
513,HA,VAL,35,36,0,0.0,0.0
514,HB,VAL,35,36,0,0.0,0.0
515,HG11,VAL,35,36,0,0.0044244095,0.44244094751775265
516,HG12,VAL,35,36,0,0.0,0.0
517,HG13,VAL,35,36,0,0.0017697638,0.17697637667879462
518,HG21,VAL,35,36,0,0.0,0.0
519,HG22,VAL,35,36,0,0.0,0.0
520,HG23,VAL,35,36,0,0.0,0.0
521,N,ASN,36,37,0,0.0,0.0
522,CA,ASN,36,37,0,0.0,0.0
523,C,ASN,36,37,0,0.0,0.0
524,CB,ASN,36,37,0,0.0,0.0
525,O,ASN,36,37,0,0.0011161031,0.11161031434312463
526,CG,ASN,36,37,0,0.0,0.0
527,H,ASN,36,37,0,0.0,0.0
528,HA,ASN,36,37,0,0.0,0.0
529,HB2,ASN,36,37,0,0.0,0.0
530,HB3,ASN,36,37,0,0.0,0.0
531,ND2,ASN,36,37,0,0.0,0.0
532,OD1,ASN,36,37,0,0.0,0.0
533,HD22,ASN,36,37,0,0.0,0.0
534,HD21,ASN,36,37,0,0.0,0.0
535,N,LEU,37,38,0,0.0,0.0
536,CA,LEU,37,38,0,0.0,0.0
537,C,LEU,37,38,0,0.0,0.0
538,CB,LEU,37,38,0,0.0012579461,0.12579461326822639
539,O,LEU,37,38,0,0.0,0.0
540,CG,LEU,37,38,0,0.0,0.0
541,CD1,LEU,37,38,0,0.0,0.0
542,CD2,LEU,37,38,0,0.018869191,1.8869191408157349
543,H,LEU,37,38,0,0.0,0.0
544,HA,LEU,37,38,0,0.0,0.0
545,HB2,LEU,37,38,0,0.0061941734,0.6194173358380795
546,HB3,LEU,37,38,0,0.0,0.0
547,HG,LEU,37,38,0,0.0,0.0
548,HD11,LEU,37,38,0,0.0,0.0
549,HD12,LEU,37,38,0,0.0,0.0
550,HD13,LEU,37,38,0,0.0,0.0
551,HD21,LEU,37,38,0,0.013273228,1.3273227959871292
552,HD22,LEU,37,38,0,0.0044244095,0.44244094751775265
553,HD23,LEU,37,38,0,0.0,0.0
554,N,TYR,38,39,0,0.0,0.0
555,CA,TYR,38,39,0,0.0,0.0
556,C,TYR,38,39,0,0.0,0.0
557,CB,TYR,38,39,0,0.0,0.0
558,O,TYR,38,39,0,0.0,0.0
559,CG,TYR,38,39,0,0.0,0.0
560,CD1,TYR,38,39,0,0.0,0.0
561,CD2,TYR,38,39,0,0.0,0.0
562,CE1,TYR,38,39,0,0.0,0.0
563,CE2,TYR,38,39,0,0.011321515,1.132151484489441
564,OH,TYR,38,39,0,0.15625444,15.625444054603577
565,CZ,TYR,38,39,0,0.0025158923,0.25158922653645277
566,H,TYR,38,39,0,0.0,0.0
567,HA,TYR,38,39,0,0.0,0.0
568,HB2,TYR,38,39,0,0.0,0.0
569,HB3,TYR,38,39,0,0.0,0.0
570,HD1,TYR,38,39,0,0.0,0.0
571,HD2,TYR,38,39,0,0.0,0.0
572,HE1,TYR,38,39,0,0.020352283,2.0352283492684364
573,HE2,TYR,38,39,0,0.09114283,9.114283323287964
574,HH,TYR,38,39,0,0.052208032,5.2208032459020615
575,N,GLN,39,40,0,0.0,0.0
576,CA,GLN,39,40,0,0.0,0.0
577,C,GLN,39,40,0,0.0,0.0
578,CB,GLN,39,40,0,0.0,0.0
579,O,GLN,39,40,0,0.03906361,3.906361013650894
580,CG,GLN,39,40,0,0.0,0.0
581,CD,GLN,39,40,0,0.0,0.0
582,H,GLN,39,40,0,0.0026546456,0.26546455919742584
583,HA,GLN,39,40,0,0.0,0.0
584,HB2,GLN,39,40,0,0.0,0.0
585,HB3,GLN,39,40,0,0.0,0.0
586,HG2,GLN,39,40,0,0.0,0.0
587,HG3,GLN,39,40,0,0.0,0.0
588,NE2,GLN,39,40,0,0.027339716,2.7339715510606766
589,OE1,GLN,39,40,0,0.0,0.0
590,HE21,GLN,39,40,0,0.02389181,2.3891810327768326
591,HE22,GLN,39,40,0,0.016812757,1.6812756657600403
592,N,SER,40,41,0,0.0,0.0
593,CA,SER,40,41,0,0.0,0.0
594,C,SER,40,41,0,0.0025158923,0.25158922653645277
595,CB,SER,40,41,0,0.0163533,1.6353299841284752
596,O,SER,40,41,0,0.2555876,25.55876076221466
597,OG,SER,40,41,0,0.008928825,0.892882514744997
598,H,SER,40,41,0,0.0,0.0
599,HA,SER,40,41,0,0.06282661,6.282661110162735
600,HB2,SER,40,41,0,0.17697638,17.697638273239136
601,HB3,SER,40,41,0,0.0061941734,0.6194173358380795
602,HG,SER,40,41,0,0.005309291,0.5309291183948517
603,N,TYR,41,42,0,0.0,0.0
604,CA,TYR,41,42,0,0.0,0.0
605,C,TYR,41,42,0,0.0,0.0
606,CB,TYR,41,42,0,0.0,0.0
607,O,TYR,41,42,0,0.0011161031,0.11161031434312463
608,CG,TYR,41,42,0,0.0,0.0
609,CD1,TYR,41,42,0,0.0,0.0
610,CD2,TYR,41,42,0,0.0327066,3.2706599682569504
611,CE1,TYR,41,42,0,0.008805623,0.8805623278021812
612,CE2,TYR,41,42,0,0.070444986,7.04449862241745
613,OH,TYR,41,42,0,0.20089857,20.089857280254364
614,CZ,TYR,41,42,0,0.031448655,3.144865483045578
615,H,TYR,41,42,0,0.0,0.0
616,HA,TYR,41,42,0,0.04601386,4.6013858169317245
617,HB2,TYR,41,42,0,0.0,0.0
618,HB3,TYR,41,42,0,0.0,0.0
619,HD1,TYR,41,42,0,0.0,0.0
620,HD2,TYR,41,42,0,0.050438266,5.043826624751091
621,HE1,TYR,41,42,0,0.0,0.0
622,HE2,TYR,41,42,0,0.0929126,9.291259944438934
623,HH,TYR,41,42,0,0.017697638,1.7697637900710106
624,N,GLY,42,43,0,0.017087322,1.7087321728467941
625,CA,GLY,42,43,0,0.023900976,2.390097640454769
626,C,GLY,42,43,0,0.0327066,3.2706599682569504
627,O,GLY,42,43,0,0.006696619,0.6696619093418121
628,H,GLY,42,43,0,0.116804406,11.680440604686737
629,HA2,GLY,42,43,0,0.02831622,2.831622026860714
630,HA3,GLY,42,43,0,0.16458803,16.458803415298462
631,N,PRO,43,44,0,0.0011391548,0.11391547741368413
632,CA,PRO,43,44,0,0.0025158923,0.25158922653645277
633,C,PRO,43,44,0,0.0075476766,0.754767656326294
634,CB,PRO,43,44,0,0.031448655,3.144865483045578
635,O,PRO,43,44,0,0.27456138,27.456137537956238
636,CG,PRO,43,44,0,0.0012579461,0.12579461326822639
637,CD,PRO,43,44,0,0.0025158923,0.25158922653645277
638,HA,PRO,43,44,0,0.09822189,9.822189062833786
639,HB2,PRO,43,44,0,0.06548126,6.548126041889191
640,HB3,PRO,43,44,0,0.17166708,17.166708409786224
641,HG2,PRO,43,44,0,0.0,0.0
642,HG3,PRO,43,44,0,0.0008848819,0.08848818833939731
643,HD2,PRO,43,44,0,0.040704567,4.070456698536873
644,HD3,PRO,43,44,0,0.04158945,4.158945009112358
645,N,SER,44,45,0,0.0,0.0
646,CA,SER,44,45,0,0.0,0.0
647,C,SER,44,45,0,0.0075476766,0.754767656326294
648,CB,SER,44,45,0,0.017611247,1.7611246556043625
649,O,SER,44,45,0,0.083707735,8.370773494243622
650,OG,SER,44,45,0,0.0055805156,0.558051560074091
651,H,SER,44,45,0,0.0044244095,0.44244094751775265
652,HA,SER,44,45,0,0.04158945,4.158945009112358
653,HB2,SER,44,45,0,0.0017697638,0.17697637667879462
654,HB3,SER,44,45,0,0.15219969,15.219968557357788
655,HG,SER,44,45,0,0.099106774,9.910677373409271
656,N,GLY,45,46,0,0.0,0.0
657,CA,GLY,45,46,0,0.0,0.0
658,C,GLY,45,46,0,0.0,0.0
659,O,GLY,45,46,0,0.06250177,6.250177323818207
660,H,GLY,45,46,0,0.015042992,1.5042992308735847
661,HA2,GLY,45,46,0,0.0,0.0
662,HA3,GLY,45,46,0,0.0,0.0
663,N,GLN,46,47,0,0.0,0.0
664,CA,GLN,46,47,0,0.0,0.0
665,C,GLN,46,47,0,0.0,0.0
666,CB,GLN,46,47,0,0.0,0.0
667,O,GLN,46,47,0,0.0,0.0
668,CG,GLN,46,47,0,0.0,0.0
669,CD,GLN,46,47,0,0.0,0.0
670,H,GLN,46,47,0,0.0,0.0
671,HA,GLN,46,47,0,0.015927874,1.592787355184555
672,HB2,GLN,46,47,0,0.049553387,4.955338686704636
673,HB3,GLN,46,47,0,0.0,0.0
674,HG2,GLN,46,47,0,0.0,0.0
675,HG3,GLN,46,47,0,0.06282661,6.282661110162735
676,NE2,GLN,46,47,0,0.0056957738,0.5695773754268885
677,OE1,GLN,46,47,0,0.081475526,8.147552609443665
678,HE21,GLN,46,47,0,0.0,0.0
679,HE22,GLN,46,47,0,0.0044244095,0.44244094751775265
680,N,TYR,47,48,0,0.0,0.0
681,CA,TYR,47,48,0,0.0,0.0
682,C,TYR,47,48,0,0.0,0.0
683,CB,TYR,47,48,0,0.0,0.0
684,O,TYR,47,48,0,0.0,0.0
685,CG,TYR,47,48,0,0.0,0.0
686,CD1,TYR,47,48,0,0.0,0.0
687,CD2,TYR,47,48,0,0.0,0.0
688,CE1,TYR,47,48,0,0.0,0.0
689,CE2,TYR,47,48,0,0.0,0.0
690,OH,TYR,47,48,0,0.0,0.0
691,CZ,TYR,47,48,0,0.0,0.0
692,H,TYR,47,48,0,0.0,0.0
693,HA,TYR,47,48,0,0.0,0.0
694,HB2,TYR,47,48,0,0.0,0.0
695,HB3,TYR,47,48,0,0.0,0.0
696,HD1,TYR,47,48,0,0.0,0.0
697,HD2,TYR,47,48,0,0.0,0.0
698,HE1,TYR,47,48,0,0.0,0.0
699,HE2,TYR,47,48,0,0.0,0.0
700,HH,TYR,47,48,0,0.0,0.0
701,N,THR,48,49,0,0.0,0.0
702,CA,THR,48,49,0,0.0,0.0
703,C,THR,48,49,0,0.0,0.0
704,CB,THR,48,49,0,0.0,0.0
705,O,THR,48,49,0,0.0,0.0
706,CG2,THR,48,49,0,0.0,0.0
707,OG1,THR,48,49,0,0.0,0.0
708,H,THR,48,49,0,0.0,0.0
709,HA,THR,48,49,0,0.0,0.0
710,HB,THR,48,49,0,0.0,0.0
711,HG21,THR,48,49,0,0.0,0.0
712,HG22,THR,48,49,0,0.0,0.0
713,HG23,THR,48,49,0,0.0,0.0
714,HG1,THR,48,49,0,0.0,0.0
715,N,HIS,49,50,0,0.0,0.0
716,CA,HIS,49,50,0,0.0,0.0
717,C,HIS,49,50,0,0.0,0.0
718,CB,HIS,49,50,0,0.0,0.0
719,O,HIS,49,50,0,0.0,0.0
720,CG,HIS,49,50,0,0.0,0.0
721,H,HIS,49,50,0,0.0,0.0
722,HA,HIS,49,50,0,0.0,0.0
723,HB2,HIS,49,50,0,0.0,0.0
724,HB3,HIS,49,50,0,0.0,0.0
725,CD2,HIS,49,50,0,0.0,0.0
726,ND1,HIS,49,50,0,0.0,0.0
727,CE1,HIS,49,50,0,0.0025158923,0.25158922653645277
728,NE2,HIS,49,50,0,0.0,0.0
729,HD1,HIS,49,50,0,0.05132315,5.132314935326576
730,HD2,HIS,49,50,0,0.0,0.0
731,HE1,HIS,49,50,0,0.04689874,4.68987412750721
732,N,GLU,50,51,0,0.0,0.0
733,CA,GLU,50,51,0,0.0,0.0
734,C,GLU,50,51,0,0.0012579461,0.12579461326822639
735,CB,GLU,50,51,0,0.008805623,0.8805623278021812
736,O,GLU,50,51,0,0.0,0.0
737,CG,GLU,50,51,0,0.0,0.0
738,CD,GLU,50,51,0,0.0,0.0
739,OE2,GLU,50,51,0,0.0,0.0
740,OE1,GLU,50,51,0,0.041295815,4.129581525921822
741,H,GLU,50,51,0,0.0,0.0
742,HA,GLU,50,51,0,0.0,0.0
743,HB2,GLU,50,51,0,0.0035395275,0.35395275335758924
744,HB3,GLU,50,51,0,0.0017697638,0.17697637667879462
745,HG2,GLU,50,51,0,0.0,0.0
746,HG3,GLU,50,51,0,0.0,0.0
747,HE2,GLU,50,51,0,0.0,0.0
748,N,PHE,51,52,0,0.0,0.0
749,CA,PHE,51,52,0,0.0,0.0
750,C,PHE,51,52,0,0.0,0.0
751,CB,PHE,51,52,0,0.0,0.0
752,O,PHE,51,52,0,0.0,0.0
753,CG,PHE,51,52,0,0.0,0.0
754,CD1,PHE,51,52,0,0.0,0.0
755,CD2,PHE,51,52,0,0.0,0.0
756,CE1,PHE,51,52,0,0.0,0.0
757,CE2,PHE,51,52,0,0.0,0.0
758,CZ,PHE,51,52,0,0.0,0.0
759,H,PHE,51,52,0,0.0,0.0
760,HA,PHE,51,52,0,0.0,0.0
761,HB2,PHE,51,52,0,0.0,0.0
762,HB3,PHE,51,52,0,0.0,0.0
763,HD1,PHE,51,52,0,0.0,0.0
764,HD2,PHE,51,52,0,0.0,0.0
765,HE1,PHE,51,52,0,0.0,0.0
766,HE2,PHE,51,52,0,0.0,0.0
767,HZ,PHE,51,52,0,0.0,0.0
768,N,ASP,52,53,0,0.0,0.0
769,CA,ASP,52,53,0,0.0,0.0
770,C,ASP,52,53,0,0.033964545,3.3964544534683228
771,CB,ASP,52,53,0,0.012579462,1.2579461559653282
772,O,ASP,52,53,0,0.006696619,0.6696619093418121
773,CG,ASP,52,53,0,0.037738383,3.7738382816314697
774,OD1,ASP,52,53,0,0.043528024,4.352802410721779
775,OD2,ASP,52,53,0,0.09710097,9.710097312927246
776,H,ASP,52,53,0,0.0,0.0
777,HA,ASP,52,53,0,0.050438266,5.043826624751091
778,HB2,ASP,52,53,0,0.005309291,0.5309291183948517
779,HB3,ASP,52,53,0,0.114149764,11.414976418018341
780,N,GLY,53,54,0,0.022783095,2.278309501707554
781,CA,GLY,53,54,0,0.030190706,3.019070625305176
782,C,GLY,53,54,0,0.0,0.0
783,O,GLY,53,54,0,0.0033483095,0.33483095467090607
784,H,GLY,53,54,0,0.039819684,3.9819683879613876
785,HA2,GLY,53,54,0,0.10884047,10.88404729962349
786,HA3,GLY,53,54,0,0.049553387,4.955338686704636
787,N,ASP,54,55,0,0.0,0.0
788,CA,ASP,54,55,0,0.0,0.0
789,C,ASP,54,55,0,0.0,0.0
790,CB,ASP,54,55,0,0.0,0.0
791,O,ASP,54,55,0,0.0,0.0
792,CG,ASP,54,55,0,0.0,0.0
793,OD1,ASP,54,55,0,0.0,0.0
794,OD2,ASP,54,55,0,0.0044644126,0.4464412573724985
795,H,ASP,54,55,0,0.0,0.0
796,HA,ASP,54,55,0,0.0,0.0
797,HB2,ASP,54,55,0,0.0,0.0
798,HB3,ASP,54,55,0,0.0,0.0
799,HD2,ASP,54,55,0,0.0,0.0
800,N,GLU,55,56,0,0.0,0.0
801,CA,GLU,55,56,0,0.0,0.0
802,C,GLU,55,56,0,0.0,0.0
803,CB,GLU,55,56,0,0.0,0.0
804,O,GLU,55,56,0,0.0,0.0
805,CG,GLU,55,56,0,0.0,0.0
806,CD,GLU,55,56,0,0.0,0.0
807,OE1,GLU,55,56,0,0.0,0.0
808,OE2,GLU,55,56,0,0.022322062,2.232206240296364
809,H,GLU,55,56,0,0.0035395275,0.35395275335758924
810,HA,GLU,55,56,0,0.0,0.0
811,HB2,GLU,55,56,0,0.0,0.0
812,HB3,GLU,55,56,0,0.034510393,3.451039269566536
813,HG2,GLU,55,56,0,0.0,0.0
814,HG3,GLU,55,56,0,0.0,0.0
815,HE2,GLU,55,56,0,0.034510393,3.451039269566536
816,N,GLN,56,57,0,0.0,0.0
817,CA,GLN,56,57,0,0.0,0.0
818,C,GLN,56,57,0,0.0,0.0
819,CB,GLN,56,57,0,0.0,0.0
820,O,GLN,56,57,0,0.0,0.0
821,CG,GLN,56,57,0,0.0,0.0
822,CD,GLN,56,57,0,0.008805623,0.8805623278021812
823,H,GLN,56,57,0,0.0,0.0
824,HA,GLN,56,57,0,0.0,0.0
825,HB2,GLN,56,57,0,0.0,0.0
826,HB3,GLN,56,57,0,0.0017697638,0.17697637667879462
827,HG2,GLN,56,57,0,0.0,0.0
828,HG3,GLN,56,57,0,0.0,0.0
829,NE2,GLN,56,57,0,0.0034174644,0.34174644388258457
830,OE1,GLN,56,57,0,0.04241192,4.2411919683218
831,HE21,GLN,56,57,0,0.0,0.0
832,HE22,GLN,56,57,0,0.0,0.0
833,N,PHE,57,58,0,0.0,0.0
834,CA,PHE,57,58,0,0.0,0.0
835,C,PHE,57,58,0,0.0,0.0
836,CB,PHE,57,58,0,0.0,0.0
837,O,PHE,57,58,0,0.0,0.0
838,CG,PHE,57,58,0,0.0,0.0
839,CD1,PHE,57,58,0,0.0,0.0
840,CD2,PHE,57,58,0,0.0,0.0
841,CE1,PHE,57,58,0,0.0,0.0
842,CE2,PHE,57,58,0,0.0,0.0
843,CZ,PHE,57,58,0,0.0,0.0
844,H,PHE,57,58,0,0.0,0.0
845,HA,PHE,57,58,0,0.0,0.0
846,HB2,PHE,57,58,0,0.0,0.0
847,HB3,PHE,57,58,0,0.0,0.0
848,HD1,PHE,57,58,0,0.0,0.0
849,HD2,PHE,57,58,0,0.0,0.0
850,HE1,PHE,57,58,0,0.03804992,3.804992139339447
851,HE2,PHE,57,58,0,0.0,0.0
852,HZ,PHE,57,58,0,0.0,0.0
853,N,TYR,58,59,0,0.0,0.0
854,CA,TYR,58,59,0,0.0,0.0
855,C,TYR,58,59,0,0.0,0.0
856,CB,TYR,58,59,0,0.0,0.0
857,O,TYR,58,59,0,0.0,0.0
858,CG,TYR,58,59,0,0.0,0.0
859,CD1,TYR,58,59,0,0.0,0.0
860,CD2,TYR,58,59,0,0.033964545,3.3964544534683228
861,CE1,TYR,58,59,0,0.04528606,4.528605937957764
862,CE2,TYR,58,59,0,0.047801953,4.780195280909538
863,OH,TYR,58,59,0,0.04241192,4.2411919683218
864,CZ,TYR,58,59,0,0.026416868,2.641686797142029
865,H,TYR,58,59,0,0.0,0.0
866,HA,TYR,58,59,0,0.0,0.0
867,HB2,TYR,58,59,0,0.0044244095,0.44244094751775265
868,HB3,TYR,58,59,0,0.0,0.0
869,HD1,TYR,58,59,0,0.0,0.0
870,HD2,TYR,58,59,0,0.027431339,2.7431339025497437
871,HE1,TYR,58,59,0,0.14335087,14.335086941719055
872,HE2,TYR,58,59,0,0.015927874,1.592787355184555
873,HH,TYR,58,59,0,0.029201102,2.9201101511716843
874,N,VAL,59,60,0,0.0,0.0
875,CA,VAL,59,60,0,0.0,0.0
876,C,VAL,59,60,0,0.0,0.0
877,CB,VAL,59,60,0,0.0,0.0
878,O,VAL,59,60,0,0.043528024,4.352802410721779
879,CG1,VAL,59,60,0,0.0,0.0
880,CG2,VAL,59,60,0,0.0,0.0
881,H,VAL,59,60,0,0.0,0.0
882,HA,VAL,59,60,0,0.0,0.0
883,HB,VAL,59,60,0,0.0,0.0
884,HG11,VAL,59,60,0,0.0,0.0
885,HG12,VAL,59,60,0,0.0,0.0
886,HG13,VAL,59,60,0,0.0,0.0
887,HG21,VAL,59,60,0,0.0,0.0
888,HG22,VAL,59,60,0,0.0,0.0
889,HG23,VAL,59,60,0,0.0,0.0
890,N,ASP,60,61,0,0.0,0.0
891,CA,ASP,60,61,0,0.0,0.0
892,C,ASP,60,61,0,0.0,0.0
893,CB,ASP,60,61,0,0.0,0.0
894,O,ASP,60,61,0,0.0,0.0
895,CG,ASP,60,61,0,0.013837407,1.383740734308958
896,OD1,ASP,60,61,0,0.03906361,3.906361013650894
897,OD2,ASP,60,61,0,0.025670372,2.56703719496727
898,H,ASP,60,61,0,0.0,0.0
899,HA,ASP,60,61,0,0.043359213,4.335921257734299
900,HB2,ASP,60,61,0,0.0,0.0
901,HB3,ASP,60,61,0,0.0,0.0
902,N,LEU,61,62,0,0.0,0.0
903,CA,LEU,61,62,0,0.0,0.0
904,C,LEU,61,62,0,0.008805623,0.8805623278021812
905,CB,LEU,61,62,0,0.0075476766,0.754767656326294
906,O,LEU,61,62,0,0.068082295,6.8082295358181
907,CG,LEU,61,62,0,0.0,0.0
908,CD1,LEU,61,62,0,0.0,0.0
909,CD2,LEU,61,62,0,0.0,0.0
910,H,LEU,61,62,0,0.05663244,5.663244053721428
911,HA,LEU,61,62,0,0.0,0.0
912,HB2,LEU,61,62,0,0.020352283,2.0352283492684364
913,HB3,LEU,61,62,0,0.0681359,6.813590228557587
914,HG,LEU,61,62,0,0.008848819,0.8848818950355053
915,HD11,LEU,61,62,0,0.034510393,3.451039269566536
916,HD12,LEU,61,62,0,0.0,0.0
917,HD13,LEU,61,62,0,0.005309291,0.5309291183948517
918,HD21,LEU,61,62,0,0.0,0.0
919,HD22,LEU,61,62,0,0.0,0.0
920,HD23,LEU,61,62,0,0.0,0.0
921,N,GLY,62,63,0,0.013669858,1.3669857755303383
922,CA,GLY,62,63,0,0.031448655,3.144865483045578
923,C,GLY,62,63,0,0.0,0.0
924,O,GLY,62,63,0,0.19643416,19.64341551065445
925,H,GLY,62,63,0,0.057517324,5.751732364296913
926,HA2,GLY,62,63,0,0.16989732,16.989731788635254
927,HA3,GLY,62,63,0,0.034510393,3.451039269566536
928,N,ARG,63,64,0,0.0,0.0
929,CA,ARG,63,64,0,0.0,0.0
930,C,ARG,63,64,0,0.0,0.0
931,CB,ARG,63,64,0,0.0,0.0
932,O,ARG,63,64,0,0.14844172,14.844171702861786
933,CG,ARG,63,64,0,0.0,0.0
934,CD,ARG,63,64,0,0.0012579461,0.12579461326822639
935,NE,ARG,63,64,0,0.034174643,3.4174643456935883
936,NH1,ARG,63,64,0,0.06721013,6.72101303935051
937,NH2,ARG,63,64,0,0.06834929,6.8349286913871765
938,CZ,ARG,63,64,0,0.05157579,5.157579109072685
939,H,ARG,63,64,0,0.0,0.0
940,HA,ARG,63,64,0,0.076984726,7.698472589254379
941,HB2,ARG,63,64,0,0.0,0.0
942,HB3,ARG,63,64,0,0.01858252,1.858251914381981
943,HG2,ARG,63,64,0,0.10707071,10.707070678472519
944,HG3,ARG,63,64,0,0.0,0.0
945,HD2,ARG,63,64,0,0.0,0.0
946,HD3,ARG,63,64,0,0.057517324,5.751732364296913
947,HE,ARG,63,64,0,0.03804992,3.804992139339447
948,HH11,ARG,63,64,0,0.052208032,5.2208032459020615
949,HH12,ARG,63,64,0,0.13007763,13.007763028144836
950,HH21,ARG,63,64,0,0.15839386,15.839385986328125
951,HH22,ARG,63,64,0,0.0044244095,0.44244094751775265
952,N,LYS,64,65,0,0.0,0.0
953,CA,LYS,64,65,0,0.0,0.0
954,C,LYS,64,65,0,0.0,0.0
955,CB,LYS,64,65,0,0.0050317845,0.5031784530729055
956,O,LYS,64,65,0,0.09821708,9.821707755327225
957,CG,LYS,64,65,0,0.0,0.0
958,CD,LYS,64,65,0,0.011321515,1.132151484489441
959,CE,LYS,64,65,0,0.021385085,2.1385084837675095
960,NZ,LYS,64,65,0,0.018226476,1.822647638618946
961,H,LYS,64,65,0,0.0,0.0
962,HA,LYS,64,65,0,0.0,0.0
963,HB2,LYS,64,65,0,0.052208032,5.2208032459020615
964,HB3,LYS,64,65,0,0.031855747,3.18557471036911
965,HG2,LYS,64,65,0,0.0,0.0
966,HG3,LYS,64,65,0,0.0044244095,0.44244094751775265
967,HD2,LYS,64,65,0,0.14866015,14.866015315055847
968,HD3,LYS,64,65,0,0.045128975,4.512897506356239
969,HE2,LYS,64,65,0,0.052208032,5.2208032459020615
970,HE3,LYS,64,65,0,0.13273229,13.273228704929352
971,HZ1,LYS,64,65,0,0.2743134,27.431339025497437
972,HZ2,LYS,64,65,0,0.25573087,25.573086738586426
973,HZ3,LYS,64,65,0,0.18228567,18.228566646575928
974,N,GLU,65,66,0,0.0,0.0
975,CA,GLU,65,66,0,0.0,0.0
976,C,GLU,65,66,0,0.0,0.0
977,CB,GLU,65,66,0,0.0,0.0
978,O,GLU,65,66,0,0.0,0.0
979,CG,GLU,65,66,0,0.011321515,1.132151484489441
980,CD,GLU,65,66,0,0.040254276,4.025427624583244
981,OE1,GLU,65,66,0,0.44867346,44.867345690727234
982,OE2,GLU,65,66,0,0.19978246,19.978246092796326
983,H,GLU,65,66,0,0.0,0.0
984,HA,GLU,65,66,0,0.009733701,0.9733701124787331
985,HB2,GLU,65,66,0,0.0,0.0
986,HB3,GLU,65,66,0,0.04158945,4.158945009112358
987,HG2,GLU,65,66,0,0.14689039,14.689038693904877
988,HG3,GLU,65,66,0,0.0,0.0
989,N,THR,66,67,0,0.0,0.0
990,CA,THR,66,67,0,0.0,0.0
991,C,THR,66,67,0,0.0,0.0
992,CB,THR,66,67,0,0.0,0.0
993,O,THR,66,67,0,0.15960275,15.960274636745453
994,CG2,THR,66,67,0,0.0,0.0
995,OG1,THR,66,67,0,0.0,0.0
996,H,THR,66,67,0,0.071675435,7.167543470859528
997,HA,THR,66,67,0,0.0,0.0
998,HB,THR,66,67,0,0.050438266,5.043826624751091
999,HG21,THR,66,67,0,0.0,0.0
1000,HG22,THR,66,67,0,0.0,0.0
1001,HG23,THR,66,67,0,0.0,0.0
1002,HG1,THR,66,67,0,0.0,0.0
1003,N,VAL,67,68,0,0.0,0.0
1004,CA,VAL,67,68,0,0.0,0.0
1005,C,VAL,67,68,0,0.0,0.0
1006,CB,VAL,67,68,0,0.0,0.0
1007,O,VAL,67,68,0,0.0,0.0
1008,CG1,VAL,67,68,0,0.0654132,6.541319936513901
1009,CG2,VAL,67,68,0,0.0,0.0
1010,H,VAL,67,68,0,0.0,0.0
1011,HA,VAL,67,68,0,0.005309291,0.5309291183948517
1012,HB,VAL,67,68,0,0.0044244095,0.44244094751775265
1013,HG11,VAL,67,68,0,0.14423575,14.42357450723648
1014,HG12,VAL,67,68,0,0.022122048,2.212204784154892
1015,HG13,VAL,67,68,0,0.071675435,7.167543470859528
1016,HG21,VAL,67,68,0,0.0,0.0
1017,HG22,VAL,67,68,0,0.0,0.0
1018,HG23,VAL,67,68,0,0.0,0.0
1019,N,TRP,68,69,0,0.0,0.0
1020,CA,TRP,68,69,0,0.0,0.0
1021,C,TRP,68,69,0,0.0025158923,0.25158922653645277
1022,CB,TRP,68,69,0,0.0,0.0
1023,O,TRP,68,69,0,0.09933318,9.933318197727203
1024,CG,TRP,68,69,0,0.0,0.0
1025,CD1,TRP,68,69,0,0.006289731,0.6289730779826641
1026,CD2,TRP,68,69,0,0.0,0.0
1027,CE2,TRP,68,69,0,0.0,0.0
1028,CE3,TRP,68,69,0,0.0,0.0
1029,NE1,TRP,68,69,0,0.0,0.0
1030,CH2,TRP,68,69,0,0.0,0.0
1031,CZ2,TRP,68,69,0,0.0,0.0
1032,CZ3,TRP,68,69,0,0.0012579461,0.12579461326822639
1033,H,TRP,68,69,0,0.04778362,4.778362065553665
1034,HA,TRP,68,69,0,0.0,0.0
1035,HB2,TRP,68,69,0,0.0,0.0
1036,HB3,TRP,68,69,0,0.0,0.0
1037,HD1,TRP,68,69,0,0.09822189,9.822189062833786
1038,HE1,TRP,68,69,0,0.069020785,6.902078539133072
1039,HE3,TRP,68,69,0,0.0,0.0
1040,HZ2,TRP,68,69,0,0.0,0.0
1041,HZ3,TRP,68,69,0,0.057517324,5.751732364296913
1042,HH2,TRP,68,69,0,0.09999165,9.999164938926697
1043,N,CYS,69,70,0,0.0,0.0
1044,CA,CYS,69,70,0,0.0,0.0
1045,C,CYS,69,70,0,0.0,0.0
1046,CB,CYS,69,70,0,0.0,0.0
1047,O,CYS,69,70,0,0.2120596,21.20596021413803
1048,SG,CYS,69,70,0,0.07238229,7.238229364156723
1049,H,CYS,69,70,0,0.0,0.0
1050,HA,CYS,69,70,0,0.09202772,9.202771633863449
1051,HB2,CYS,69,70,0,0.0,0.0
1052,HB3,CYS,69,70,0,0.08494866,8.494865894317627
1053,HG,CYS,69,70,0,0.0,0.0
1054,N,LEU,70,71,0,0.0,0.0
1055,CA,LEU,70,71,0,0.0,0.0
1056,C,LEU,70,71,0,0.0,0.0
1057,CB,LEU,70,71,0,0.0,0.0
1058,O,LEU,70,71,0,0.0,0.0
1059,CG,LEU,70,71,0,0.0,0.0
1060,CD1,LEU,70,71,0,0.0,0.0
1061,CD2,LEU,70,71,0,0.030190706,3.019070625305176
1062,H,LEU,70,71,0,0.0,0.0
1063,HA,LEU,70,71,0,0.0,0.0
1064,HB2,LEU,70,71,0,0.0,0.0
1065,HB3,LEU,70,71,0,0.0,0.0
1066,HG,LEU,70,71,0,0.0,0.0
1067,HD11,LEU,70,71,0,0.0,0.0
1068,HD12,LEU,70,71,0,0.0,0.0
1069,HD13,LEU,70,71,0,0.0,0.0
1070,HD21,LEU,70,71,0,0.058402203,5.8402203023433685
1071,HD22,LEU,70,71,0,0.0,0.0
1072,HD23,LEU,70,71,0,0.0008848819,0.08848818833939731
1073,N,PRO,71,72,0,0.0,0.0
1074,CA,PRO,71,72,0,0.0,0.0
1075,C,PRO,71,72,0,0.0075476766,0.754767656326294
1076,CB,PRO,71,72,0,0.018869191,1.8869191408157349
1077,O,PRO,71,72,0,0.09263656,9.263656288385391
1078,CG,PRO,71,72,0,0.018869191,1.8869191408157349
1079,CD,PRO,71,72,0,0.033964545,3.3964544534683228
1080,HA,PRO,71,72,0,0.0,0.0
1081,HB2,PRO,71,72,0,0.1362718,13.627180457115173
1082,HB3,PRO,71,72,0,0.010618582,1.0618582367897034
1083,HG2,PRO,71,72,0,0.21945071,21.94507122039795
1084,HG3,PRO,71,72,0,0.06194173,6.19417317211628
1085,HD2,PRO,71,72,0,0.02300693,2.3006929084658623
1086,HD3,PRO,71,72,0,0.07079055,7.079055160284042
1087,N,VAL,72,73,0,0.0,0.0
1088,CA,VAL,72,73,0,0.0012579461,0.12579461326822639
1089,C,VAL,72,73,0,0.0,0.0
1090,CB,VAL,72,73,0,0.0,0.0
1091,O,VAL,72,73,0,0.010044929,1.0044928640127182
1092,CG1,VAL,72,73,0,0.0,0.0
1093,CG2,VAL,72,73,0,0.06792909,6.7929089069366455
1094,H,VAL,72,73,0,0.0044244095,0.44244094751775265
1095,HA,VAL,72,73,0,0.11768929,11.768928915262222
1096,HB,VAL,72,73,0,0.10707071,10.707070678472519
1097,HG11,VAL,72,73,0,0.010618582,1.0618582367897034
1098,HG12,VAL,72,73,0,0.0,0.0
1099,HG13,VAL,72,73,0,0.0,0.0
1100,HG21,VAL,72,73,0,0.025661575,2.566157467663288
1101,HG22,VAL,72,73,0,0.016812757,1.6812756657600403
1102,HG23,VAL,72,73,0,0.23272394,23.27239364385605
1103,N,LEU,73,74,0,0.0,0.0
1104,CA,LEU,73,74,0,0.0,0.0
1105,C,LEU,73,74,0,0.0,0.0
1106,CB,LEU,73,74,0,0.0,0.0
1107,O,LEU,73,74,0,0.0,0.0
1108,CG,LEU,73,74,0,0.0,0.0
1109,CD1,LEU,73,74,0,0.0,0.0
1110,CD2,LEU,73,74,0,0.0,0.0
1111,H,LEU,73,74,0,0.0,0.0
1112,HA,LEU,73,74,0,0.0,0.0
1113,HB2,LEU,73,74,0,0.0,0.0
1114,HB3,LEU,73,74,0,0.0,0.0
1115,HG,LEU,73,74,0,0.0,0.0
1116,HD11,LEU,73,74,0,0.0,0.0
1117,HD12,LEU,73,74,0,0.0,0.0
1118,HD13,LEU,73,74,0,0.0,0.0
1119,HD21,LEU,73,74,0,0.0,0.0
1120,HD22,LEU,73,74,0,0.0,0.0
1121,HD23,LEU,73,74,0,0.06017197,6.017196923494339
1122,N,ARG,74,75,0,0.0,0.0
1123,CA,ARG,74,75,0,0.0,0.0
1124,C,ARG,74,75,0,0.010063569,1.006356906145811
1125,CB,ARG,74,75,0,0.013837407,1.383740734308958
1126,O,ARG,74,75,0,0.21764012,21.764011681079865
1127,CG,ARG,74,75,0,0.0,0.0
1128,CD,ARG,74,75,0,0.0050317845,0.5031784530729055
1129,NE,ARG,74,75,0,0.02392225,2.392224967479706
1130,NH1,ARG,74,75,0,0.053540275,5.354027450084686
1131,NH2,ARG,74,75,0,0.04556619,4.556619003415108
1132,CZ,ARG,74,75,0,0.05157579,5.157579109072685
1133,H,ARG,74,75,0,0.0,0.0
1134,HA,ARG,74,75,0,0.0,0.0
1135,HB2,ARG,74,75,0,0.06194173,6.19417317211628
1136,HB3,ARG,74,75,0,0.10353118,10.353118181228638
1137,HG2,ARG,74,75,0,0.015927874,1.592787355184555
1138,HG3,ARG,74,75,0,0.0,0.0
1139,HD2,ARG,74,75,0,0.0061941734,0.6194173358380795
1140,HD3,ARG,74,75,0,0.14866015,14.866015315055847
1141,HE,ARG,74,75,0,0.005309291,0.5309291183948517
1142,HH11,ARG,74,75,0,0.021237165,2.1237164735794067
1143,HH12,ARG,74,75,0,0.0035395275,0.35395275335758924
1144,HH21,ARG,74,75,0,0.10884047,10.88404729962349
1145,HH22,ARG,74,75,0,0.055747557,5.574755743145943
1146,N,GLN,75,76,0,0.006834929,0.6834928877651691
1147,CA,GLN,75,76,0,0.0012579461,0.12579461326822639
1148,C,GLN,75,76,0,0.0,0.0
1149,CB,GLN,75,76,0,0.0163533,1.6353299841284752
1150,O,GLN,75,76,0,0.248891,24.889099597930908
1151,CG,GLN,75,76,0,0.0,0.0
1152,CD,GLN,75,76,0,0.031448655,3.144865483045578
1153,H,GLN,75,76,0,0.0,0.0
1154,HA,GLN,75,76,0,0.1318474,13.184739649295807
1155,HB2,GLN,75,76,0,0.12388346,12.38834634423256
1156,HB3,GLN,75,76,0,0.14512064,14.512063562870026
1157,HG2,GLN,75,76,0,0.0,0.0
1158,HG3,GLN,75,76,0,0.005309291,0.5309291183948517
1159,NE2,GLN,75,76,0,0.0056957738,0.5695773754268885
1160,OE1,GLN,75,76,0,0.3928683,39.2868310213089
1161,HE21,GLN,75,76,0,0.109725356,10.972535610198975
1162,HE22,GLN,75,76,0,0.0,0.0
1163,N,PHE,76,77,0,0.0,0.0
1164,CA,PHE,76,77,0,0.0,0.0
1165,C,PHE,76,77,0,0.0,0.0
1166,CB,PHE,76,77,0,0.0,0.0
1167,O,PHE,76,77,0,0.010044929,1.0044928640127182
1168,CG,PHE,76,77,0,0.0025158923,0.25158922653645277
1169,CD1,PHE,76,77,0,0.0075476766,0.754767656326294
1170,CD2,PHE,76,77,0,0.025158923,2.5158923119306564
1171,CE1,PHE,76,77,0,0.026416868,2.641686797142029
1172,CE2,PHE,76,77,0,0.0050317845,0.5031784530729055
1173,CZ,PHE,76,77,0,0.0012579461,0.12579461326822639
1174,H,PHE,76,77,0,0.0,0.0
1175,HA,PHE,76,77,0,0.016812757,1.6812756657600403
1176,HB2,PHE,76,77,0,0.0,0.0
1177,HB3,PHE,76,77,0,0.03804992,3.804992139339447
1178,HD1,PHE,76,77,0,0.1415811,14.158110320568085
1179,HD2,PHE,76,77,0,0.0,0.0
1180,HE1,PHE,76,77,0,0.14777528,14.777527749538422
1181,HE2,PHE,76,77,0,0.0,0.0
1182,HZ,PHE,76,77,0,0.007079055,0.7079055067151785
1183,N,ARG,77,78,0,0.0,0.0
1184,CA,ARG,77,78,0,0.0,0.0
1185,C,ARG,77,78,0,0.0075476766,0.754767656326294
1186,CB,ARG,77,78,0,0.0163533,1.6353299841284752
1187,O,ARG,77,78,0,0.2444266,24.442659318447113
1188,CG,ARG,77,78,0,0.0025158923,0.25158922653645277
1189,CD,ARG,77,78,0,0.011321515,1.132151484489441
1190,NE,ARG,77,78,0,0.029618025,2.9618024826049805
1191,NH1,ARG,77,78,0,0.13783772,13.78377228975296
1192,NH2,ARG,77,78,0,0.14011604,14.011603593826294
1193,CZ,ARG,77,78,0,0.10189363,10.189363360404968
1194,H,ARG,77,78,0,0.07256032,7.256031781435013
1195,HA,ARG,77,78,0,0.0044244095,0.44244094751775265
1196,HB2,ARG,77,78,0,0.13361716,13.361716270446777
1197,HB3,ARG,77,78,0,0.09114283,9.114283323287964
1198,HG2,ARG,77,78,0,0.09822189,9.822189062833786
1199,HG3,ARG,77,78,0,0.04778362,4.778362065553665
1200,HD2,ARG,77,78,0,0.18847984,18.847984075546265
1201,HD3,ARG,77,78,0,0.07433008,7.433007657527924
1202,HE,ARG,77,78,0,0.13804157,13.804157078266144
1203,HH11,ARG,77,78,0,0.17078221,17.0782208442688
1204,HH12,ARG,77,78,0,0.25573087,25.573086738586426
1205,HH21,ARG,77,78,0,0.25573087,25.573086738586426
1206,HH22,ARG,77,78,0,0.25750062,25.750061869621277
1207,N,PHE,78,79,0,0.0,0.0
1208,CA,PHE,78,79,0,0.0,0.0
1209,C,PHE,78,79,0,0.006289731,0.6289730779826641
1210,CB,PHE,78,79,0,0.0,0.0
1211,O,PHE,78,79,0,0.043528024,4.352802410721779
1212,CG,PHE,78,79,0,0.0,0.0
1213,CD1,PHE,78,79,0,0.0,0.0
1214,CD2,PHE,78,79,0,0.013837407,1.383740734308958
1215,CE1,PHE,78,79,0,0.0,0.0
1216,CE2,PHE,78,79,0,0.010063569,1.006356906145811
1217,CZ,PHE,78,79,0,0.0,0.0
1218,H,PHE,78,79,0,0.019467402,1.9467402249574661
1219,HA,PHE,78,79,0,0.01858252,1.858251914381981
1220,HB2,PHE,78,79,0,0.007079055,0.7079055067151785
1221,HB3,PHE,78,79,0,0.0,0.0
1222,HD1,PHE,78,79,0,0.0,0.0
1223,HD2,PHE,78,79,0,0.13361716,13.361716270446777
1224,HE1,PHE,78,79,0,0.0,0.0
1225,HE2,PHE,78,79,0,0.058402203,5.8402203023433685
1226,HZ,PHE,78,79,0,0.0,0.0
1227,N,ASP,79,80,0,0.013669858,1.3669857755303383
1228,CA,ASP,79,80,0,0.0012579461,0.12579461326822639
1229,C,ASP,79,80,0,0.0,0.0
1230,CB,ASP,79,80,0,0.0,0.0
1231,O,ASP,79,80,0,0.0,0.0
1232,CG,ASP,79,80,0,0.04277017,4.277016967535019
1233,OD1,ASP,79,80,0,0.07366281,7.3662810027599335
1234,OD2,ASP,79,80,0,0.38282338,38.28233778476715
1235,H,ASP,79,80,0,0.069020785,6.902078539133072
1236,HA,ASP,79,80,0,0.052208032,5.2208032459020615
1237,HB2,ASP,79,80,0,0.15219969,15.219968557357788
1238,HB3,ASP,79,80,0,0.0,0.0
1239,N,PRO,80,81,0,0.0,0.0
1240,CA,PRO,80,81,0,0.0,0.0
1241,C,PRO,80,81,0,0.0,0.0
1242,CB,PRO,80,81,0,0.0,0.0
1243,O,PRO,80,81,0,0.0,0.0
1244,CG,PRO,80,81,0,0.015095353,1.509535312652588
1245,CD,PRO,80,81,0,0.031448655,3.144865483045578
1246,HA,PRO,80,81,0,0.0,0.0
1247,HB2,PRO,80,81,0,0.0,0.0
1248,HB3,PRO,80,81,0,0.0,0.0
1249,HG2,PRO,80,81,0,0.08494866,8.494865894317627
1250,HG3,PRO,80,81,0,0.03274063,3.2740630209445953
1251,HD2,PRO,80,81,0,0.07786961,7.7869608998298645
1252,HD3,PRO,80,81,0,0.043359213,4.335921257734299
1253,N,GLN,81,82,0,0.0,0.0
1254,CA,GLN,81,82,0,0.0,0.0
1255,C,GLN,81,82,0,0.0,0.0
1256,CB,GLN,81,82,0,0.0012579461,0.12579461326822639
1257,O,GLN,81,82,0,0.0,0.0
1258,CG,GLN,81,82,0,0.031448655,3.144865483045578
1259,CD,GLN,81,82,0,0.037738383,3.7738382816314697
1260,H,GLN,81,82,0,0.0,0.0
1261,HA,GLN,81,82,0,0.0,0.0
1262,HB2,GLN,81,82,0,0.063711494,6.37114942073822
1263,HB3,GLN,81,82,0,0.03716504,3.716503828763962
1264,HG2,GLN,81,82,0,0.22122046,22.1220463514328
1265,HG3,GLN,81,82,0,0.05309291,5.309291183948517
1266,NE2,GLN,81,82,0,0.072905906,7.290590554475784
1267,OE1,GLN,81,82,0,0.21875621,21.875621378421783
1268,HE21,GLN,81,82,0,0.20706236,20.706236362457275
1269,HE22,GLN,81,82,0,0.08760331,8.760330826044083
1270,N,PHE,82,83,0,0.0011391548,0.11391547741368413
1271,CA,PHE,82,83,0,0.0,0.0
1272,C,PHE,82,83,0,0.0,0.0
1273,CB,PHE,82,83,0,0.0,0.0
1274,O,PHE,82,83,0,0.0,0.0
1275,CG,PHE,82,83,0,0.0,0.0
1276,CD1,PHE,82,83,0,0.036480438,3.6480437964200974
1277,CD2,PHE,82,83,0,0.008805623,0.8805623278021812
1278,CE1,PHE,82,83,0,0.10818337,10.81833690404892
1279,CE2,PHE,82,83,0,0.07799266,7.799266278743744
1280,CZ,PHE,82,83,0,0.13963202,13.963201642036438
1281,H,PHE,82,83,0,0.0,0.0
1282,HA,PHE,82,83,0,0.012388347,1.238834671676159
1283,HB2,PHE,82,83,0,0.0,0.0
1284,HB3,PHE,82,83,0,0.0,0.0
1285,HD1,PHE,82,83,0,0.06459638,6.4596377313137054
1286,HD2,PHE,82,83,0,0.0,0.0
1287,HE1,PHE,82,83,0,0.25219133,25.219133496284485
1288,HE2,PHE,82,83,0,0.14069621,14.06962126493454
1289,HZ,PHE,82,83,0,0.25130644,25.13064444065094
1290,N,ALA,83,84,0,0.0,0.0
1291,CA,ALA,83,84,0,0.0,0.0
1292,C,ALA,83,84,0,0.0,0.0
1293,CB,ALA,83,84,0,0.0,0.0
1294,O,ALA,83,84,0,0.0,0.0
1295,H,ALA,83,84,0,0.0,0.0
1296,HA,ALA,83,84,0,0.0,0.0
1297,HB1,ALA,83,84,0,0.0,0.0
1298,HB2,ALA,83,84,0,0.0,0.0
1299,HB3,ALA,83,84,0,0.0,0.0
1300,N,LEU,84,85,0,0.0,0.0
1301,CA,LEU,84,85,0,0.0,0.0
1302,C,LEU,84,85,0,0.0037738383,0.377383828163147
1303,CB,LEU,84,85,0,0.0,0.0
1304,O,LEU,84,85,0,0.047992434,4.799243435263634
1305,CG,LEU,84,85,0,0.0,0.0
1306,CD1,LEU,84,85,0,0.0,0.0
1307,CD2,LEU,84,85,0,0.013837407,1.383740734308958
1308,H,LEU,84,85,0,0.0,0.0
1309,HA,LEU,84,85,0,0.0026546456,0.26546455919742584
1310,HB2,LEU,84,85,0,0.0,0.0
1311,HB3,LEU,84,85,0,0.07609984,7.609984278678894
1312,HG,LEU,84,85,0,0.0,0.0
1313,HD11,LEU,84,85,0,0.045128975,4.512897506356239
1314,HD12,LEU,84,85,0,0.0,0.0
1315,HD13,LEU,84,85,0,0.0026546456,0.26546455919742584
1316,HD21,LEU,84,85,0,0.010618582,1.0618582367897034
1317,HD22,LEU,84,85,0,0.0,0.0
1318,HD23,LEU,84,85,0,0.15573922,15.573921799659729
1319,N,THR,85,86,0,0.0,0.0
1320,CA,THR,85,86,0,0.0,0.0
1321,C,THR,85,86,0,0.0,0.0
1322,CB,THR,85,86,0,0.0012579461,0.12579461326822639
1323,O,THR,85,86,0,0.0,0.0
1324,CG2,THR,85,86,0,0.06792909,6.7929089069366455
1325,OG1,THR,85,86,0,0.122771345,12.277134507894516
1326,H,THR,85,86,0,0.0,0.0
1327,HA,THR,85,86,0,0.057517324,5.751732364296913
1328,HB,THR,85,86,0,0.0035395275,0.35395275335758924
1329,HG21,THR,85,86,0,0.0008848819,0.08848818833939731
1330,HG22,THR,85,86,0,0.19644378,19.644378125667572
1331,HG23,THR,85,86,0,0.18759497,18.75949651002884
1332,HG1,THR,85,86,0,0.0,0.0
1333,N,ASN,86,87,0,0.0,0.0
1334,CA,ASN,86,87,0,0.0,0.0
1335,C,ASN,86,87,0,0.0,0.0
1336,CB,ASN,86,87,0,0.0,0.0
1337,O,ASN,86,87,0,0.0,0.0
1338,CG,ASN,86,87,0,0.0,0.0
1339,H,ASN,86,87,0,0.0,0.0
1340,HA,ASN,86,87,0,0.0,0.0
1341,HB2,ASN,86,87,0,0.0,0.0
1342,HB3,ASN,86,87,0,0.0,0.0
1343,ND2,ASN,86,87,0,0.0,0.0
1344,OD1,ASN,86,87,0,0.0033483095,0.33483095467090607
1345,HD22,ASN,86,87,0,0.0,0.0
1346,HD21,ASN,86,87,0,0.0,0.0
1347,N,ILE,87,88,0,0.0,0.0
1348,CA,ILE,87,88,0,0.0,0.0
1349,C,ILE,87,88,0,0.0,0.0
1350,CB,ILE,87,88,0,0.0,0.0
1351,O,ILE,87,88,0,0.0,0.0
1352,CG1,ILE,87,88,0,0.0,0.0
1353,CG2,ILE,87,88,0,0.021385085,2.1385084837675095
1354,CD1,ILE,87,88,0,0.0,0.0
1355,H,ILE,87,88,0,0.0,0.0
1356,HA,ILE,87,88,0,0.0,0.0
1357,HB,ILE,87,88,0,0.015927874,1.592787355184555
1358,HG12,ILE,87,88,0,0.0,0.0
1359,HG13,ILE,87,88,0,0.0,0.0
1360,HG21,ILE,87,88,0,0.07344519,7.344519346952438
1361,HG22,ILE,87,88,0,0.055747557,5.574755743145943
1362,HG23,ILE,87,88,0,0.0,0.0
1363,HD11,ILE,87,88,0,0.0,0.0
1364,HD12,ILE,87,88,0,0.0,0.0
1365,HD13,ILE,87,88,0,0.0,0.0
1366,N,ALA,88,89,0,0.0011391548,0.11391547741368413
1367,CA,ALA,88,89,0,0.0012579461,0.12579461326822639
1368,C,ALA,88,89,0,0.0050317845,0.5031784530729055
1369,CB,ALA,88,89,0,0.08302444,8.302444219589233
1370,O,ALA,88,89,0,0.050224643,5.022464320063591
1371,H,ALA,88,89,0,0.0,0.0
1372,HA,ALA,88,89,0,0.054862678,5.486267805099487
1373,HB1,ALA,88,89,0,0.03628016,3.6280158907175064
1374,HB2,ALA,88,89,0,0.21060188,21.060188114643097
1375,HB3,ALA,88,89,0,0.15839386,15.839385986328125
1376,N,VAL,89,90,0,0.0,0.0
1377,CA,VAL,89,90,0,0.0,0.0
1378,C,VAL,89,90,0,0.0,0.0
1379,CB,VAL,89,90,0,0.0,0.0
1380,O,VAL,89,90,0,0.0,0.0
1381,CG1,VAL,89,90,0,0.008805623,0.8805623278021812
1382,CG2,VAL,89,90,0,0.04151222,4.151222109794617
1383,H,VAL,89,90,0,0.0,0.0
1384,HA,VAL,89,90,0,0.044244096,4.424409568309784
1385,HB,VAL,89,90,0,0.0,0.0
1386,HG11,VAL,89,90,0,0.0017697638,0.17697637667879462
1387,HG12,VAL,89,90,0,0.01858252,1.858251914381981
1388,HG13,VAL,89,90,0,0.0,0.0
1389,HG21,VAL,89,90,0,0.034510393,3.451039269566536
1390,HG22,VAL,89,90,0,0.17874613,17.874613404273987
1391,HG23,VAL,89,90,0,0.0008848819,0.08848818833939731
1392,N,LEU,90,91,0,0.0,0.0
1393,CA,LEU,90,91,0,0.0,0.0
1394,C,LEU,90,91,0,0.0,0.0
1395,CB,LEU,90,91,0,0.0,0.0
1396,O,LEU,90,91,0,0.0,0.0
1397,CG,LEU,90,91,0,0.0,0.0
1398,CD1,LEU,90,91,0,0.0,0.0
1399,CD2,LEU,90,91,0,0.0,0.0
1400,H,LEU,90,91,0,0.0,0.0
1401,HA,LEU,90,91,0,0.0,0.0
1402,HB2,LEU,90,91,0,0.0,0.0
1403,HB3,LEU,90,91,0,0.0,0.0
1404,HG,LEU,90,91,0,0.0,0.0
1405,HD11,LEU,90,91,0,0.0,0.0
1406,HD12,LEU,90,91,0,0.0,0.0
1407,HD13,LEU,90,91,0,0.0,0.0
1408,HD21,LEU,90,91,0,0.0,0.0
1409,HD22,LEU,90,91,0,0.0,0.0
1410,HD23,LEU,90,91,0,0.0,0.0
1411,N,LYS,91,92,0,0.0,0.0
1412,CA,LYS,91,92,0,0.0,0.0
1413,C,LYS,91,92,0,0.0,0.0
1414,CB,LYS,91,92,0,0.0,0.0
1415,O,LYS,91,92,0,0.0,0.0
1416,CG,LYS,91,92,0,0.0,0.0
1417,CD,LYS,91,92,0,0.006289731,0.6289730779826641
1418,CE,LYS,91,92,0,0.0163533,1.6353299841284752
1419,NZ,LYS,91,92,0,0.018226476,1.822647638618946
1420,H,LYS,91,92,0,0.0,0.0
1421,HA,LYS,91,92,0,0.0,0.0
1422,HB2,LYS,91,92,0,0.0,0.0
1423,HB3,LYS,91,92,0,0.0026546456,0.26546455919742584
1424,HG2,LYS,91,92,0,0.01858252,1.858251914381981
1425,HG3,LYS,91,92,0,0.0035395275,0.35395275335758924
1426,HD2,LYS,91,92,0,0.040704567,4.070456698536873
1427,HD3,LYS,91,92,0,0.12565322,12.56532222032547
1428,HE2,LYS,91,92,0,0.116804406,11.680440604686737
1429,HE3,LYS,91,92,0,0.09025795,9.025795012712479
1430,HZ1,LYS,91,92,0,0.20706236,20.706236362457275
1431,HZ2,LYS,91,92,0,0.25307623,25.30762255191803
1432,HZ3,LYS,91,92,0,0.2831622,28.31622064113617
1433,N,HIS,92,93,0,0.0022783095,0.22783095482736826
1434,CA,HIS,92,93,0,0.0012579461,0.12579461326822639
1435,C,HIS,92,93,0,0.0,0.0
1436,CB,HIS,92,93,0,0.013837407,1.383740734308958
1437,O,HIS,92,93,0,0.0,0.0
1438,CG,HIS,92,93,0,0.012579462,1.2579461559653282
1439,H,HIS,92,93,0,0.0,0.0
1440,HA,HIS,92,93,0,0.011503465,1.1503464542329311
1441,HB2,HIS,92,93,0,0.12565322,12.56532222032547
1442,HB3,HIS,92,93,0,0.007079055,0.7079055067151785
1443,CD2,HIS,92,93,0,0.006289731,0.6289730779826641
1444,ND1,HIS,92,93,0,0.025061404,2.5061404332518578
1445,CE1,HIS,92,93,0,0.09183007,9.18300673365593
1446,NE2,HIS,92,93,0,0.0,0.0
1447,HD1,HIS,92,93,0,0.16989732,16.989731788635254
1448,HD2,HIS,92,93,0,0.0061941734,0.6194173358380795
1449,HE1,HIS,92,93,0,0.26723433,26.723432540893555
1450,HE2,HIS,92,93,0,0.027431339,2.7431339025497437
1451,N,ASN,93,94,0,0.0,0.0
1452,CA,ASN,93,94,0,0.0,0.0
1453,C,ASN,93,94,0,0.0,0.0
1454,CB,ASN,93,94,0,0.0,0.0
1455,O,ASN,93,94,0,0.0,0.0
1456,CG,ASN,93,94,0,0.030190706,3.019070625305176
1457,H,ASN,93,94,0,0.0,0.0
1458,HA,ASN,93,94,0,0.0061941734,0.6194173358380795
1459,HB2,ASN,93,94,0,0.015927874,1.592787355184555
1460,HB3,ASN,93,94,0,0.0,0.0
1461,ND2,ASN,93,94,0,0.015948167,1.5948167070746422
1462,OD1,ASN,93,94,0,0.0011161031,0.11161031434312463
1463,HD22,ASN,93,94,0,0.0035395275,0.35395275335758924
1464,HD21,ASN,93,94,0,0.0,0.0
1465,N,LEU,94,95,0,0.0,0.0
1466,CA,LEU,94,95,0,0.0,0.0
1467,C,LEU,94,95,0,0.0,0.0
1468,CB,LEU,94,95,0,0.0,0.0
1469,O,LEU,94,95,0,0.0,0.0
1470,CG,LEU,94,95,0,0.0,0.0
1471,CD1,LEU,94,95,0,0.0,0.0
1472,CD2,LEU,94,95,0,0.0012579461,0.12579461326822639
1473,H,LEU,94,95,0,0.0,0.0
1474,HA,LEU,94,95,0,0.0,0.0
1475,HB2,LEU,94,95,0,0.0,0.0
1476,HB3,LEU,94,95,0,0.0,0.0
1477,HG,LEU,94,95,0,0.0,0.0
1478,HD11,LEU,94,95,0,0.0,0.0
1479,HD12,LEU,94,95,0,0.0,0.0
1480,HD13,LEU,94,95,0,0.0,0.0
1481,HD21,LEU,94,95,0,0.01415811,1.415811013430357
1482,HD22,LEU,94,95,0,0.0,0.0
1483,HD23,LEU,94,95,0,0.0,0.0
1484,N,ASN,95,96,0,0.0,0.0
1485,CA,ASN,95,96,0,0.0,0.0
1486,C,ASN,95,96,0,0.0037738383,0.377383828163147
1487,CB,ASN,95,96,0,0.008805623,0.8805623278021812
1488,O,ASN,95,96,0,0.012277135,1.227713469415903
1489,CG,ASN,95,96,0,0.040254276,4.025427624583244
1490,H,ASN,95,96,0,0.0,0.0
1491,HA,ASN,95,96,0,0.012388347,1.238834671676159
1492,HB2,ASN,95,96,0,0.012388347,1.238834671676159
1493,HB3,ASN,95,96,0,0.09556724,9.55672413110733
1494,ND2,ASN,95,96,0,0.06834929,6.8349286913871765
1495,OD1,ASN,95,96,0,0.23549776,23.549775779247284
1496,HD22,ASN,95,96,0,0.12742299,12.74229884147644
1497,HD21,ASN,95,96,0,0.12034394,12.034393846988678
1498,N,SER,96,97,0,0.0011391548,0.11391547741368413
1499,CA,SER,96,97,0,0.0,0.0
1500,C,SER,96,97,0,0.0,0.0
1501,CB,SER,96,97,0,0.0012579461,0.12579461326822639
1502,O,SER,96,97,0,0.02120596,2.1205959841609
1503,OG,SER,96,97,0,0.13839678,13.839678466320038
1504,H,SER,96,97,0,0.0,0.0
1505,HA,SER,96,97,0,0.030085985,3.0085984617471695
1506,HB2,SER,96,97,0,0.009733701,0.9733701124787331
1507,HB3,SER,96,97,0,0.04778362,4.778362065553665
1508,HG,SER,96,97,0,0.007079055,0.7079055067151785
1509,N,LEU,97,98,0,0.0,0.0
1510,CA,LEU,97,98,0,0.0,0.0
1511,C,LEU,97,98,0,0.0,0.0
1512,CB,LEU,97,98,0,0.0,0.0
1513,O,LEU,97,98,0,0.0,0.0
1514,CG,LEU,97,98,0,0.0,0.0
1515,CD1,LEU,97,98,0,0.0,0.0
1516,CD2,LEU,97,98,0,0.0,0.0
1517,H,LEU,97,98,0,0.0,0.0
1518,HA,LEU,97,98,0,0.0,0.0
1519,HB2,LEU,97,98,0,0.0,0.0
1520,HB3,LEU,97,98,0,0.0,0.0
1521,HG,LEU,97,98,0,0.007963937,0.7963936775922775
1522,HD11,LEU,97,98,0,0.0,0.0
1523,HD12,LEU,97,98,0,0.0,0.0
1524,HD13,LEU,97,98,0,0.0,0.0
1525,HD21,LEU,97,98,0,0.0,0.0
1526,HD22,LEU,97,98,0,0.0,0.0
1527,HD23,LEU,97,98,0,0.0,0.0
1528,N,ILE,98,99,0,0.0,0.0
1529,CA,ILE,98,99,0,0.0,0.0
1530,C,ILE,98,99,0,0.0,0.0
1531,CB,ILE,98,99,0,0.0,0.0
1532,O,ILE,98,99,0,0.0,0.0
1533,CG1,ILE,98,99,0,0.0,0.0
1534,CG2,ILE,98,99,0,0.020127138,2.012713812291622
1535,CD1,ILE,98,99,0,0.04151222,4.151222109794617
1536,H,ILE,98,99,0,0.0,0.0
1537,HA,ILE,98,99,0,0.0,0.0
1538,HB,ILE,98,99,0,0.0061941734,0.6194173358380795
1539,HG12,ILE,98,99,0,0.0,0.0
1540,HG13,ILE,98,99,0,0.0,0.0
1541,HG21,ILE,98,99,0,0.12830788,12.830787897109985
1542,HG22,ILE,98,99,0,0.026546456,2.6546455919742584
1543,HG23,ILE,98,99,0,0.0,0.0
1544,HD11,ILE,98,99,0,0.06459638,6.4596377313137054
1545,HD12,ILE,98,99,0,0.0008848819,0.08848818833939731
1546,HD13,ILE,98,99,0,0.012388347,1.238834671676159
1547,N,LYS,99,100,0,0.0,0.0
1548,CA,LYS,99,100,0,0.0,0.0
1549,C,LYS,99,100,0,0.0050317845,0.5031784530729055
1550,CB,LYS,99,100,0,0.010063569,1.006356906145811
1551,O,LYS,99,100,0,0.12165524,12.165524065494537
1552,CG,LYS,99,100,0,0.0050317845,0.5031784530729055
1553,CD,LYS,99,100,0,0.008805623,0.8805623278021812
1554,CE,LYS,99,100,0,0.033964545,3.3964544534683228
1555,NZ,LYS,99,100,0,0.019365631,1.936563104391098
1556,H,LYS,99,100,0,0.0,0.0
1557,HA,LYS,99,100,0,0.04778362,4.778362065553665
1558,HB2,LYS,99,100,0,0.026546456,2.6546455919742584
1559,HB3,LYS,99,100,0,0.14246598,14.24659788608551
1560,HG2,LYS,99,100,0,0.1415811,14.158110320568085
1561,HG3,LYS,99,100,0,0.015042992,1.5042992308735847
1562,HD2,LYS,99,100,0,0.05132315,5.132314935326576
1563,HD3,LYS,99,100,0,0.1610485,16.10485017299652
1564,HE2,LYS,99,100,0,0.18317056,18.317055702209473
1565,HE3,LYS,99,100,0,0.07079055,7.079055160284042
1566,HZ1,LYS,99,100,0,0.21060188,21.060188114643097
1567,HZ2,LYS,99,100,0,0.26280993,26.280993223190308
1568,HZ3,LYS,99,100,0,0.25750062,25.750061869621277
1569,N,ARG,100,101,0,0.0034174644,0.34174644388258457
1570,CA,ARG,100,101,0,0.0,0.0
1571,C,ARG,100,101,0,0.0,0.0
1572,CB,ARG,100,101,0,0.0,0.0
1573,O,ARG,100,101,0,0.17634429,17.634429037570953
1574,CG,ARG,100,101,0,0.017611247,1.7611246556043625
1575,CD,ARG,100,101,0,0.0,0.0
1576,NE,ARG,100,101,0,0.007974084,0.7974083535373211
1577,NH1,ARG,100,101,0,0.0,0.0
1578,NH2,ARG,100,101,0,0.0022783095,0.22783095482736826
1579,CZ,ARG,100,101,0,0.0,0.0
1580,H,ARG,100,101,0,0.0,0.0
1581,HA,ARG,100,101,0,0.10530094,10.530094057321548
1582,HB2,ARG,100,101,0,0.021237165,2.1237164735794067
1583,HB3,ARG,100,101,0,0.0,0.0
1584,HG2,ARG,100,101,0,0.043359213,4.335921257734299
1585,HG3,ARG,100,101,0,0.16812755,16.812755167484283
1586,HD2,ARG,100,101,0,0.0,0.0
1587,HD3,ARG,100,101,0,0.030970866,3.09708658605814
1588,HE,ARG,100,101,0,0.08937307,8.937306702136993
1589,HH11,ARG,100,101,0,0.0,0.0
1590,HH12,ARG,100,101,0,0.0,0.0
1591,HH21,ARG,100,101,0,0.06282661,6.282661110162735
1592,HH22,ARG,100,101,0,0.0026546456,0.26546455919742584
1593,N,SER,101,102,0,0.0,0.0
1594,CA,SER,101,102,0,0.0,0.0
1595,C,SER,101,102,0,0.008805623,0.8805623278021812
1596,CB,SER,101,102,0,0.0,0.0
1597,O,SER,101,102,0,0.046876334,4.687633365392685
1598,OG,SER,101,102,0,0.0,0.0
1599,H,SER,101,102,0,0.0,0.0
1600,HA,SER,101,102,0,0.05132315,5.132314935326576
1601,HB2,SER,101,102,0,0.02300693,2.3006929084658623
1602,HB3,SER,101,102,0,0.0,0.0
1603,HG,SER,101,102,0,0.0,0.0
1604,N,ASN,102,103,0,0.0,0.0
1605,CA,ASN,102,103,0,0.0,0.0
1606,C,ASN,102,103,0,0.012579462,1.2579461559653282
1607,CB,ASN,102,103,0,0.0075476766,0.754767656326294
1608,O,ASN,102,103,0,0.1741121,17.411209642887115
1609,CG,ASN,102,103,0,0.03899633,3.899633139371872
1610,H,ASN,102,103,0,0.0,0.0
1611,HA,ASN,102,103,0,0.069020785,6.902078539133072
1612,HB2,ASN,102,103,0,0.038934804,3.8934804499149323
1613,HB3,ASN,102,103,0,0.14335087,14.335086941719055
1614,ND2,ASN,102,103,0,0.12302872,12.30287179350853
1615,OD1,ASN,102,103,0,0.30358005,30.358004570007324
1616,HD22,ASN,102,103,0,0.24688205,24.688205122947693
1617,HD21,ASN,102,103,0,0.29378077,29.378077387809753
1618,N,SER,103,104,0,0.0,0.0
1619,CA,SER,103,104,0,0.0,0.0
1620,C,SER,103,104,0,0.0,0.0
1621,CB,SER,103,104,0,0.035222493,3.522249311208725
1622,O,SER,103,104,0,0.118306935,11.830693483352661
1623,OG,SER,103,104,0,0.29130292,29.13029193878174
1624,H,SER,103,104,0,0.0,0.0
1625,HA,SER,103,104,0,0.0,0.0
1626,HB2,SER,103,104,0,0.11061023,11.0610231757164
1627,HB3,SER,103,104,0,0.05663244,5.663244053721428
1628,HG,SER,103,104,0,0.012388347,1.238834671676159
1629,N,THR,104,105,0,0.0,0.0
1630,CA,THR,104,105,0,0.0,0.0
1631,C,THR,104,105,0,0.0,0.0
1632,CB,THR,104,105,0,0.0,0.0
1633,O,THR,104,105,0,0.0,0.0
1634,CG2,THR,104,105,0,0.079250604,7.925060391426086
1635,OG1,THR,104,105,0,0.20313077,20.313076674938202
1636,H,THR,104,105,0,0.0,0.0
1637,HA,THR,104,105,0,0.059287086,5.928708612918854
1638,HB,THR,104,105,0,0.0061941734,0.6194173358380795
1639,HG21,THR,104,105,0,0.20086819,20.08681893348694
1640,HG22,THR,104,105,0,0.20706236,20.706236362457275
1641,HG23,THR,104,105,0,0.0035395275,0.35395275335758924
1642,HG1,THR,104,105,0,0.0,0.0
1643,N,ALA,105,106,0,0.0,0.0
1644,CA,ALA,105,106,0,0.0,0.0
1645,C,ALA,105,106,0,0.0,0.0
1646,CB,ALA,105,106,0,0.0075476766,0.754767656326294
1647,O,ALA,105,106,0,0.0703145,7.031449675559998
1648,H,ALA,105,106,0,0.08052425,8.05242508649826
1649,HA,ALA,105,106,0,0.0,0.0
1650,HB1,ALA,105,106,0,0.01415811,1.415811013430357
1651,HB2,ALA,105,106,0,0.0,0.0
1652,HB3,ALA,105,106,0,0.11591953,11.591953039169312
1653,N,ALA,106,107,0,0.0,0.0
1654,CA,ALA,106,107,0,0.0,0.0
1655,C,ALA,106,107,0,0.0,0.0
1656,CB,ALA,106,107,0,0.0,0.0
1657,O,ALA,106,107,0,0.11272642,11.272642016410828
1658,H,ALA,106,107,0,0.0,0.0
1659,HA,ALA,106,107,0,0.0,0.0
1660,HB1,ALA,106,107,0,0.0,0.0
1661,HB2,ALA,106,107,0,0.0,0.0
1662,HB3,ALA,106,107,0,0.0,0.0
1663,N,THR,107,108,0,0.0,0.0
1664,CA,THR,107,108,0,0.0,0.0
1665,C,THR,107,108,0,0.0,0.0
1666,CB,THR,107,108,0,0.0037738383,0.377383828163147
1667,O,THR,107,108,0,0.0,0.0
1668,CG2,THR,107,108,0,0.08554034,8.554033935070038
1669,OG1,THR,107,108,0,0.2857224,28.572240471839905
1670,H,THR,107,108,0,0.045128975,4.512897506356239
1671,HA,THR,107,108,0,0.048668504,4.86685037612915
1672,HB,THR,107,108,0,0.081409134,8.140913397073746
1673,HG21,THR,107,108,0,0.07521496,7.521495968103409
1674,HG22,THR,107,108,0,0.059287086,5.928708612918854
1675,HG23,THR,107,108,0,0.21237165,21.237164735794067
1676,HG1,THR,107,108,0,0.059287086,5.928708612918854
1677,N,ASN,108,109,0,0.0,0.0
1678,CA,ASN,108,109,0,0.0,0.0
1679,C,ASN,108,109,0,0.0,0.0
1680,CB,ASN,108,109,0,0.0,0.0
1681,O,ASN,108,109,0,0.16518326,16.518326103687286
1682,CG,ASN,108,109,0,0.0025158923,0.25158922653645277
1683,ND2,ASN,108,109,0,0.0,0.0
1684,OD1,ASN,108,109,0,0.07477891,7.477890700101852
1685,H,ASN,108,109,0,0.06548126,6.548126041889191
1686,HA,ASN,108,109,0,0.0,0.0
1687,HB2,ASN,108,109,0,0.09999165,9.999164938926697
1688,HB3,ASN,108,109,0,0.0,0.0
1689,HD22,ASN,108,109,0,0.0,0.0
1690,HD21,ASN,108,109,0,0.01415811,1.415811013430357
1691,N,GLU,109,110,0,0.0,0.0
1692,CA,GLU,109,110,0,0.0,0.0
1693,C,GLU,109,110,0,0.0,0.0
1694,CB,GLU,109,110,0,0.0,0.0
1695,O,GLU,109,110,0,0.0,0.0
1696,CG,GLU,109,110,0,0.0,0.0
1697,CD,GLU,109,110,0,0.0012579461,0.12579461326822639
1698,OE1,GLU,109,110,0,0.21875621,21.875621378421783
1699,OE2,GLU,109,110,0,0.22880115,22.88011461496353
1700,H,GLU,109,110,0,0.0,0.0
1701,HA,GLU,109,110,0,0.011503465,1.1503464542329311
1702,HB2,GLU,109,110,0,0.0,0.0
1703,HB3,GLU,109,110,0,0.0,0.0
1704,HG2,GLU,109,110,0,0.0,0.0
1705,HG3,GLU,109,110,0,0.0,0.0
1706,N,VAL,110,111,0,0.0,0.0
1707,CA,VAL,110,111,0,0.0,0.0
1708,C,VAL,110,111,0,0.0,0.0
1709,CB,VAL,110,111,0,0.0012579461,0.12579461326822639
1710,O,VAL,110,111,0,0.037947506,3.7947505712509155
1711,CG1,VAL,110,111,0,0.031448655,3.144865483045578
1712,CG2,VAL,110,111,0,0.07799266,7.799266278743744
1713,H,VAL,110,111,0,0.048668504,4.86685037612915
1714,HA,VAL,110,111,0,0.0,0.0
1715,HB,VAL,110,111,0,0.10707071,10.707070678472519
1716,HG11,VAL,110,111,0,0.0,0.0
1717,HG12,VAL,110,111,0,0.033625513,3.3625513315200806
1718,HG13,VAL,110,111,0,0.22210535,22.210535407066345
1719,HG21,VAL,110,111,0,0.13096252,13.096252083778381
1720,HG22,VAL,110,111,0,0.015042992,1.5042992308735847
1721,HG23,VAL,110,111,0,0.20440772,20.44077217578888
1722,N,PRO,111,112,0,0.0,0.0
1723,CA,PRO,111,112,0,0.0,0.0
1724,C,PRO,111,112,0,0.0,0.0
1725,CB,PRO,111,112,0,0.0,0.0
1726,O,PRO,111,112,0,0.043528024,4.352802410721779
1727,CG,PRO,111,112,0,0.0,0.0
1728,CD,PRO,111,112,0,0.0,0.0
1729,HA,PRO,111,112,0,0.0,0.0
1730,HB2,PRO,111,112,0,0.0,0.0
1731,HB3,PRO,111,112,0,0.0,0.0
1732,HG2,PRO,111,112,0,0.0,0.0
1733,HG3,PRO,111,112,0,0.0,0.0
1734,HD2,PRO,111,112,0,0.0,0.0
1735,HD3,PRO,111,112,0,0.0,0.0
1736,N,GLU,112,113,0,0.0,0.0
1737,CA,GLU,112,113,0,0.0,0.0
1738,C,GLU,112,113,0,0.0037738383,0.377383828163147
1739,CB,GLU,112,113,0,0.006289731,0.6289730779826641
1740,O,GLU,112,113,0,0.0055805156,0.558051560074091
1741,CG,GLU,112,113,0,0.013837407,1.383740734308958
1742,CD,GLU,112,113,0,0.047801953,4.780195280909538
1743,OE1,GLU,112,113,0,0.40849376,40.84937572479248
1744,OE2,GLU,112,113,0,0.06473398,6.473398208618164
1745,H,GLU,112,113,0,0.0,0.0
1746,HA,GLU,112,113,0,0.030085985,3.0085984617471695
1747,HB2,GLU,112,113,0,0.0,0.0
1748,HB3,GLU,112,113,0,0.076984726,7.698472589254379
1749,HG2,GLU,112,113,0,0.16724268,16.724267601966858
1750,HG3,GLU,112,113,0,0.0035395275,0.35395275335758924
1751,HE2,GLU,112,113,0,0.015042992,1.5042992308735847
1752,N,VAL,113,114,0,0.0,0.0
1753,CA,VAL,113,114,0,0.0,0.0
1754,C,VAL,113,114,0,0.0,0.0
1755,CB,VAL,113,114,0,0.0,0.0
1756,O,VAL,113,114,0,0.08928825,8.928824961185455
1757,CG1,VAL,113,114,0,0.0,0.0
1758,CG2,VAL,113,114,0,0.0,0.0
1759,H,VAL,113,114,0,0.06459638,6.4596377313137054
1760,HA,VAL,113,114,0,0.0,0.0
1761,HB,VAL,113,114,0,0.0,0.0
1762,HG11,VAL,113,114,0,0.0,0.0
1763,HG12,VAL,113,114,0,0.0,0.0
1764,HG13,VAL,113,114,0,0.0,0.0
1765,HG21,VAL,113,114,0,0.0,0.0
1766,HG22,VAL,113,114,0,0.0,0.0
1767,HG23,VAL,113,114,0,0.0,0.0
1768,N,THR,114,115,0,0.0,0.0
1769,CA,THR,114,115,0,0.0,0.0
1770,C,THR,114,115,0,0.0,0.0
1771,CB,THR,114,115,0,0.0037738383,0.377383828163147
1772,O,THR,114,115,0,0.0,0.0
1773,CG2,THR,114,115,0,0.023900976,2.390097640454769
1774,OG1,THR,114,115,0,0.13281627,13.281626999378204
1775,H,THR,114,115,0,0.0,0.0
1776,HA,THR,114,115,0,0.0008848819,0.08848818833939731
1777,HB,THR,114,115,0,0.0008848819,0.08848818833939731
1778,HG21,THR,114,115,0,0.0044244095,0.44244094751775265
1779,HG22,THR,114,115,0,0.038934804,3.8934804499149323
1780,HG23,THR,114,115,0,0.0008848819,0.08848818833939731
1781,HG1,THR,114,115,0,0.043359213,4.335921257734299
1782,N,VAL,115,116,0,0.0,0.0
1783,CA,VAL,115,116,0,0.0,0.0
1784,C,VAL,115,116,0,0.0,0.0
1785,CB,VAL,115,116,0,0.0,0.0
1786,O,VAL,115,116,0,0.14620951,14.620950818061829
1787,CG1,VAL,115,116,0,0.0,0.0
1788,CG2,VAL,115,116,0,0.0,0.0
1789,H,VAL,115,116,0,0.0017697638,0.17697637667879462
1790,HA,VAL,115,116,0,0.0,0.0
1791,HB,VAL,115,116,0,0.0017697638,0.17697637667879462
1792,HG11,VAL,115,116,0,0.0,0.0
1793,HG12,VAL,115,116,0,0.0,0.0
1794,HG13,VAL,115,116,0,0.0,0.0
1795,HG21,VAL,115,116,0,0.0,0.0
1796,HG22,VAL,115,116,0,0.0,0.0
1797,HG23,VAL,115,116,0,0.0,0.0
1798,N,PHE,116,117,0,0.0,0.0
1799,CA,PHE,116,117,0,0.0,0.0
1800,C,PHE,116,117,0,0.0,0.0
1801,CB,PHE,116,117,0,0.018869191,1.8869191408157349
1802,O,PHE,116,117,0,0.0,0.0
1803,CG,PHE,116,117,0,0.0,0.0
1804,CD1,PHE,116,117,0,0.0012579461,0.12579461326822639
1805,CD2,PHE,116,117,0,0.0012579461,0.12579461326822639
1806,CE1,PHE,116,117,0,0.0012579461,0.12579461326822639
1807,CE2,PHE,116,117,0,0.0,0.0
1808,CZ,PHE,116,117,0,0.0,0.0
1809,H,PHE,116,117,0,0.0,0.0
1810,HA,PHE,116,117,0,0.021237165,2.1237164735794067
1811,HB2,PHE,116,117,0,0.078754485,7.87544846534729
1812,HB3,PHE,116,117,0,0.04158945,4.158945009112358
1813,HD1,PHE,116,117,0,0.0,0.0
1814,HD2,PHE,116,117,0,0.0,0.0
1815,HE1,PHE,116,117,0,0.0017697638,0.17697637667879462
1816,HE2,PHE,116,117,0,0.0,0.0
1817,HZ,PHE,116,117,0,0.0008848819,0.08848818833939731
1818,N,SER,117,118,0,0.0,0.0
1819,CA,SER,117,118,0,0.0,0.0
1820,C,SER,117,118,0,0.0,0.0
1821,CB,SER,117,118,0,0.0012579461,0.12579461326822639
1822,O,SER,117,118,0,0.031250887,3.1250886619091034
1823,OG,SER,117,118,0,0.111610316,11.161031574010849
1824,H,SER,117,118,0,0.043359213,4.335921257734299
1825,HA,SER,117,118,0,0.0,0.0
1826,HB2,SER,117,118,0,0.0,0.0
1827,HB3,SER,117,118,0,0.0008848819,0.08848818833939731
1828,HG,SER,117,118,0,0.0026546456,0.26546455919742584
1829,N,LYS,118,119,0,0.0,0.0
1830,CA,LYS,118,119,0,0.0,0.0
1831,C,LYS,118,119,0,0.0,0.0
1832,CB,LYS,118,119,0,0.0,0.0
1833,O,LYS,118,119,0,0.0,0.0
1834,CG,LYS,118,119,0,0.0,0.0
1835,CD,LYS,118,119,0,0.0,0.0
1836,CE,LYS,118,119,0,0.026416868,2.641686797142029
1837,NZ,LYS,118,119,0,0.0,0.0
1838,H,LYS,118,119,0,0.0,0.0
1839,HA,LYS,118,119,0,0.0,0.0
1840,HB2,LYS,118,119,0,0.0,0.0
1841,HB3,LYS,118,119,0,0.009733701,0.9733701124787331
1842,HG2,LYS,118,119,0,0.0017697638,0.17697637667879462
1843,HG3,LYS,118,119,0,0.0,0.0
1844,HD2,LYS,118,119,0,0.0026546456,0.26546455919742584
1845,HD3,LYS,118,119,0,0.044244096,4.424409568309784
1846,HE2,LYS,118,119,0,0.099106774,9.910677373409271
1847,HE3,LYS,118,119,0,0.007079055,0.7079055067151785
1848,HZ1,LYS,118,119,0,0.0,0.0
1849,HZ2,LYS,118,119,0,0.0,0.0
1850,HZ3,LYS,118,119,0,0.0,0.0
1851,N,SER,119,120,0,0.0,0.0
1852,CA,SER,119,120,0,0.0,0.0
1853,C,SER,119,120,0,0.017611247,1.7611246556043625
1854,CB,SER,119,120,0,0.030190706,3.019070625305176
1855,O,SER,119,120,0,0.0,0.0
1856,OG,SER,119,120,0,0.12165524,12.165524065494537
1857,H,SER,119,120,0,0.0,0.0
1858,HA,SER,119,120,0,0.0008848819,0.08848818833939731
1859,HB2,SER,119,120,0,0.07521496,7.521495968103409
1860,HB3,SER,119,120,0,0.049553387,4.955338686704636
1861,HG,SER,119,120,0,0.034510393,3.451039269566536
1862,N,PRO,120,121,0,0.004556619,0.4556619096547365
1863,CA,PRO,120,121,0,0.0,0.0
1864,C,PRO,120,121,0,0.0,0.0
1865,CB,PRO,120,121,0,0.006289731,0.6289730779826641
1866,O,PRO,120,121,0,0.058037363,5.803736299276352
1867,CG,PRO,120,121,0,0.0025158923,0.25158922653645277
1868,CD,PRO,120,121,0,0.006289731,0.6289730779826641
1869,HA,PRO,120,121,0,0.086718425,8.671842515468597
1870,HB2,PRO,120,121,0,0.06459638,6.4596377313137054
1871,HB3,PRO,120,121,0,0.13450205,13.450205326080322
1872,HG2,PRO,120,121,0,0.0,0.0
1873,HG3,PRO,120,121,0,0.027431339,2.7431339025497437
1874,HD2,PRO,120,121,0,0.040704567,4.070456698536873
1875,HD3,PRO,120,121,0,0.007963937,0.7963936775922775
1876,N,VAL,121,122,0,0.0,0.0
1877,CA,VAL,121,122,0,0.0,0.0
1878,C,VAL,121,122,0,0.0,0.0
1879,CB,VAL,121,122,0,0.0,0.0
1880,O,VAL,121,122,0,0.20313077,20.313076674938202
1881,CG1,VAL,121,122,0,0.0,0.0
1882,CG2,VAL,121,122,0,0.017611247,1.7611246556043625
1883,H,VAL,121,122,0,0.09202772,9.202771633863449
1884,HA,VAL,121,122,0,0.0,0.0
1885,HB,VAL,121,122,0,0.031855747,3.18557471036911
1886,HG11,VAL,121,122,0,0.0,0.0
1887,HG12,VAL,121,122,0,0.021237165,2.1237164735794067
1888,HG13,VAL,121,122,0,0.0,0.0
1889,HG21,VAL,121,122,0,0.0017697638,0.17697637667879462
1890,HG22,VAL,121,122,0,0.030970866,3.09708658605814
1891,HG23,VAL,121,122,0,0.0061941734,0.6194173358380795
1892,N,THR,122,123,0,0.0,0.0
1893,CA,THR,122,123,0,0.0,0.0
1894,C,THR,122,123,0,0.0,0.0
1895,CB,THR,122,123,0,0.0,0.0
1896,O,THR,122,123,0,0.0,0.0
1897,CG2,THR,122,123,0,0.076734714,7.673471421003342
1898,OG1,THR,122,123,0,0.19196974,19.196973741054535
1899,H,THR,122,123,0,0.013273228,1.3273227959871292
1900,HA,THR,122,123,0,0.03628016,3.6280158907175064
1901,HB,THR,122,123,0,0.0008848819,0.08848818833939731
1902,HG21,THR,122,123,0,0.030085985,3.0085984617471695
1903,HG22,THR,122,123,0,0.078754485,7.87544846534729
1904,HG23,THR,122,123,0,0.18759497,18.75949651002884
1905,HG1,THR,122,123,0,0.02831622,2.831622026860714
1906,N,LEU,123,124,0,0.0,0.0
1907,CA,LEU,123,124,0,0.0,0.0
1908,C,LEU,123,124,0,0.0075476766,0.754767656326294
1909,CB,LEU,123,124,0,0.011321515,1.132151484489441
1910,O,LEU,123,124,0,0.16518326,16.518326103687286
1911,CG,LEU,123,124,0,0.0,0.0
1912,CD1,LEU,123,124,0,0.047801953,4.780195280909538
1913,CD2,LEU,123,124,0,0.0025158923,0.25158922653645277
1914,H,LEU,123,124,0,0.04601386,4.6013858169317245
1915,HA,LEU,123,124,0,0.0,0.0
1916,HB2,LEU,123,124,0,0.10884047,10.88404729962349
1917,HB3,LEU,123,124,0,0.08937307,8.937306702136993
1918,HG,LEU,123,124,0,0.05663244,5.663244053721428
1919,HD11,LEU,123,124,0,0.086718425,8.671842515468597
1920,HD12,LEU,123,124,0,0.0,0.0
1921,HD13,LEU,123,124,0,0.1858252,18.58251988887787
1922,HD21,LEU,123,124,0,0.0,0.0
1923,HD22,LEU,123,124,0,0.0,0.0
1924,HD23,LEU,123,124,0,0.0,0.0
1925,N,GLY,124,125,0,0.009113238,0.911323819309473
1926,CA,GLY,124,125,0,0.028932761,2.8932761400938034
1927,C,GLY,124,125,0,0.0050317845,0.5031784530729055
1928,O,GLY,124,125,0,0.18973753,18.973752856254578
1929,H,GLY,124,125,0,0.0,0.0
1930,HA2,GLY,124,125,0,0.04247433,4.2474329471588135
1931,HA3,GLY,124,125,0,0.16458803,16.458803415298462
1932,N,GLN,125,126,0,0.0,0.0
1933,CA,GLN,125,126,0,0.0,0.0
1934,C,GLN,125,126,0,0.0,0.0
1935,CB,GLN,125,126,0,0.0050317845,0.5031784530729055
1936,O,GLN,125,126,0,0.0,0.0
1937,CG,GLN,125,126,0,0.006289731,0.6289730779826641
1938,CD,GLN,125,126,0,0.04277017,4.277016967535019
1939,H,GLN,125,126,0,0.0,0.0
1940,HA,GLN,125,126,0,0.0035395275,0.35395275335758924
1941,HB2,GLN,125,126,0,0.0044244095,0.44244094751775265
1942,HB3,GLN,125,126,0,0.052208032,5.2208032459020615
1943,HG2,GLN,125,126,0,0.119459055,11.945905536413193
1944,HG3,GLN,125,126,0,0.029201102,2.9201101511716843
1945,NE2,GLN,125,126,0,0.09113238,9.113238006830215
1946,OE1,GLN,125,126,0,0.23326556,23.326556384563446
1947,HE21,GLN,125,126,0,0.2831622,28.31622064113617
1948,HE22,GLN,125,126,0,0.24688205,24.688205122947693
1949,N,PRO,126,127,0,0.0,0.0
1950,CA,PRO,126,127,0,0.0,0.0
1951,C,PRO,126,127,0,0.0037738383,0.377383828163147
1952,CB,PRO,126,127,0,0.030190706,3.019070625305176
1953,O,PRO,126,127,0,0.1741121,17.411209642887115
1954,CG,PRO,126,127,0,0.03899633,3.899633139371872
1955,CD,PRO,126,127,0,0.0327066,3.2706599682569504
1956,HA,PRO,126,127,0,0.0,0.0
1957,HB2,PRO,126,127,0,0.15485433,15.485432744026184
1958,HB3,PRO,126,127,0,0.16458803,16.458803415298462
1959,HG2,PRO,126,127,0,0.22476,22.47599959373474
1960,HG3,PRO,126,127,0,0.10795559,10.795558989048004
1961,HD2,PRO,126,127,0,0.13450205,13.450205326080322
1962,HD3,PRO,126,127,0,0.055747557,5.574755743145943
1963,N,ASN,127,128,0,0.0022783095,0.22783095482736826
1964,CA,ASN,127,128,0,0.0037738383,0.377383828163147
1965,C,ASN,127,128,0,0.0,0.0
1966,CB,ASN,127,128,0,0.0,0.0
1967,O,ASN,127,128,0,0.023438167,2.3438166826963425
1968,CG,ASN,127,128,0,0.0,0.0
1969,H,ASN,127,128,0,0.0,0.0
1970,HA,ASN,127,128,0,0.053977795,5.397779494524002
1971,HB2,ASN,127,128,0,0.0,0.0
1972,HB3,ASN,127,128,0,0.0026546456,0.26546455919742584
1973,ND2,ASN,127,128,0,0.0022783095,0.22783095482736826
1974,OD1,ASN,127,128,0,0.0055805156,0.558051560074091
1975,HD22,ASN,127,128,0,0.0008848819,0.08848818833939731
1976,HD21,ASN,127,128,0,0.0,0.0
1977,N,ILE,128,129,0,0.0,0.0
1978,CA,ILE,128,129,0,0.0,0.0
1979,C,ILE,128,129,0,0.0,0.0
1980,CB,ILE,128,129,0,0.0,0.0
1981,O,ILE,128,129,0,0.0,0.0
1982,CG1,ILE,128,129,0,0.0037738383,0.377383828163147
1983,CG2,ILE,128,129,0,0.0,0.0
1984,CD1,ILE,128,129,0,0.07799266,7.799266278743744
1985,H,ILE,128,129,0,0.0026546456,0.26546455919742584
1986,HA,ILE,128,129,0,0.0,0.0
1987,HB,ILE,128,129,0,0.0,0.0
1988,HG12,ILE,128,129,0,0.0,0.0
1989,HG13,ILE,128,129,0,0.07344519,7.344519346952438
1990,HG21,ILE,128,129,0,0.0017697638,0.17697637667879462
1991,HG22,ILE,128,129,0,0.0,0.0
1992,HG23,ILE,128,129,0,0.0008848819,0.08848818833939731
1993,HD11,ILE,128,129,0,0.12034394,12.034393846988678
1994,HD12,ILE,128,129,0,0.21414141,21.414141356945038
1995,HD13,ILE,128,129,0,0.033625513,3.3625513315200806
1996,N,LEU,129,130,0,0.0,0.0
1997,CA,LEU,129,130,0,0.0,0.0
1998,C,LEU,129,130,0,0.0,0.0
1999,CB,LEU,129,130,0,0.0,0.0
2000,O,LEU,129,130,0,0.0,0.0
2001,CG,LEU,129,130,0,0.0,0.0
2002,CD1,LEU,129,130,0,0.0,0.0
2003,CD2,LEU,129,130,0,0.0,0.0
2004,H,LEU,129,130,0,0.0,0.0
2005,HA,LEU,129,130,0,0.0,0.0
2006,HB2,LEU,129,130,0,0.0,0.0
2007,HB3,LEU,129,130,0,0.0,0.0
2008,HG,LEU,129,130,0,0.0,0.0
2009,HD11,LEU,129,130,0,0.0,0.0
2010,HD12,LEU,129,130,0,0.0,0.0
2011,HD13,LEU,129,130,0,0.0,0.0
2012,HD21,LEU,129,130,0,0.0,0.0
2013,HD22,LEU,129,130,0,0.0,0.0
2014,HD23,LEU,129,130,0,0.0,0.0
2015,N,ILE,130,131,0,0.0,0.0
2016,CA,ILE,130,131,0,0.0,0.0
2017,C,ILE,130,131,0,0.0,0.0
2018,CB,ILE,130,131,0,0.0,0.0
2019,O,ILE,130,131,0,0.0,0.0
2020,CG1,ILE,130,131,0,0.0,0.0
2021,CG2,ILE,130,131,0,0.0,0.0
2022,CD1,ILE,130,131,0,0.0,0.0
2023,H,ILE,130,131,0,0.0,0.0
2024,HA,ILE,130,131,0,0.0,0.0
2025,HB,ILE,130,131,0,0.0,0.0
2026,HG12,ILE,130,131,0,0.0,0.0
2027,HG13,ILE,130,131,0,0.0,0.0
2028,HG21,ILE,130,131,0,0.0,0.0
2029,HG22,ILE,130,131,0,0.0,0.0
2030,HG23,ILE,130,131,0,0.0,0.0
2031,HD11,ILE,130,131,0,0.0,0.0
2032,HD12,ILE,130,131,0,0.0,0.0
2033,HD13,ILE,130,131,0,0.0,0.0
2034,N,CYS,131,132,0,0.0,0.0
2035,CA,CYS,131,132,0,0.0,0.0
2036,C,CYS,131,132,0,0.0,0.0
2037,CB,CYS,131,132,0,0.0,0.0
2038,O,CYS,131,132,0,0.0,0.0
2039,SG,CYS,131,132,0,0.0,0.0
2040,H,CYS,131,132,0,0.0,0.0
2041,HA,CYS,131,132,0,0.0,0.0
2042,HB2,CYS,131,132,0,0.0,0.0
2043,HB3,CYS,131,132,0,0.0,0.0
2044,N,LEU,132,133,0,0.0,0.0
2045,CA,LEU,132,133,0,0.0,0.0
2046,C,LEU,132,133,0,0.0,0.0
2047,CB,LEU,132,133,0,0.0,0.0
2048,O,LEU,132,133,0,0.0011161031,0.11161031434312463
2049,CG,LEU,132,133,0,0.0,0.0
2050,CD1,LEU,132,133,0,0.010063569,1.006356906145811
2051,CD2,LEU,132,133,0,0.030190706,3.019070625305176
2052,H,LEU,132,133,0,0.0,0.0
2053,HA,LEU,132,133,0,0.0,0.0
2054,HB2,LEU,132,133,0,0.0,0.0
2055,HB3,LEU,132,133,0,0.0,0.0
2056,HG,LEU,132,133,0,0.0,0.0
2057,HD11,LEU,132,133,0,0.008848819,0.8848818950355053
2058,HD12,LEU,132,133,0,0.052208032,5.2208032459020615
2059,HD13,LEU,132,133,0,0.0,0.0
2060,HD21,LEU,132,133,0,0.04601386,4.6013858169317245
2061,HD22,LEU,132,133,0,0.03274063,3.2740630209445953
2062,HD23,LEU,132,133,0,0.03804992,3.804992139339447
2063,N,VAL,133,134,0,0.0,0.0
2064,CA,VAL,133,134,0,0.0,0.0
2065,C,VAL,133,134,0,0.0,0.0
2066,CB,VAL,133,134,0,0.0,0.0
2067,O,VAL,133,134,0,0.0,0.0
2068,CG1,VAL,133,134,0,0.0,0.0
2069,CG2,VAL,133,134,0,0.0,0.0
2070,H,VAL,133,134,0,0.0,0.0
2071,HA,VAL,133,134,0,0.0,0.0
2072,HB,VAL,133,134,0,0.0,0.0
2073,HG11,VAL,133,134,0,0.0,0.0
2074,HG12,VAL,133,134,0,0.0,0.0
2075,HG13,VAL,133,134,0,0.0,0.0
2076,HG21,VAL,133,134,0,0.0,0.0
2077,HG22,VAL,133,134,0,0.0,0.0
2078,HG23,VAL,133,134,0,0.0,0.0
2079,N,ASP,134,135,0,0.0,0.0
2080,CA,ASP,134,135,0,0.0,0.0
2081,C,ASP,134,135,0,0.0,0.0
2082,CB,ASP,134,135,0,0.0075476766,0.754767656326294
2083,O,ASP,134,135,0,0.0,0.0
2084,CG,ASP,134,135,0,0.010063569,1.006356906145811
2085,OD1,ASP,134,135,0,0.0011161031,0.11161031434312463
2086,OD2,ASP,134,135,0,0.012277135,1.227713469415903
2087,H,ASP,134,135,0,0.0,0.0
2088,HA,ASP,134,135,0,0.0,0.0
2089,HB2,ASP,134,135,0,0.01415811,1.415811013430357
2090,HB3,ASP,134,135,0,0.0,0.0
2091,N,ASN,135,136,0,0.0,0.0
2092,CA,ASN,135,136,0,0.0,0.0
2093,C,ASN,135,136,0,0.0,0.0
2094,CB,ASN,135,136,0,0.0,0.0
2095,O,ASN,135,136,0,0.0,0.0
2096,CG,ASN,135,136,0,0.03899633,3.899633139371872
2097,H,ASN,135,136,0,0.0,0.0
2098,HA,ASN,135,136,0,0.0,0.0
2099,HB2,ASN,135,136,0,0.029201102,2.9201101511716843
2100,HB3,ASN,135,136,0,0.0,0.0
2101,ND2,ASN,135,136,0,0.052401118,5.240111798048019
2102,OD1,ASN,135,136,0,0.060269568,6.026956811547279
2103,HD22,ASN,135,136,0,0.031855747,3.18557471036911
2104,HD21,ASN,135,136,0,0.12388346,12.38834634423256
2105,N,ILE,136,137,0,0.0,0.0
2106,CA,ILE,136,137,0,0.0,0.0
2107,C,ILE,136,137,0,0.0,0.0
2108,CB,ILE,136,137,0,0.0,0.0
2109,O,ILE,136,137,0,0.0,0.0
2110,CG1,ILE,136,137,0,0.0,0.0
2111,CG2,ILE,136,137,0,0.0,0.0
2112,CD1,ILE,136,137,0,0.0,0.0
2113,H,ILE,136,137,0,0.0,0.0
2114,HA,ILE,136,137,0,0.0,0.0
2115,HB,ILE,136,137,0,0.0,0.0
2116,HG12,ILE,136,137,0,0.0,0.0
2117,HG13,ILE,136,137,0,0.0,0.0
2118,HG21,ILE,136,137,0,0.0,0.0
2119,HG22,ILE,136,137,0,0.0,0.0
2120,HG23,ILE,136,137,0,0.0,0.0
2121,HD11,ILE,136,137,0,0.0,0.0
2122,HD12,ILE,136,137,0,0.0,0.0
2123,HD13,ILE,136,137,0,0.0,0.0
2124,N,PHE,137,138,0,0.0,0.0
2125,CA,PHE,137,138,0,0.0,0.0
2126,C,PHE,137,138,0,0.0,0.0
2127,CB,PHE,137,138,0,0.0,0.0
2128,O,PHE,137,138,0,0.0,0.0
2129,CG,PHE,137,138,0,0.0,0.0
2130,CD1,PHE,137,138,0,0.0,0.0
2131,CD2,PHE,137,138,0,0.0,0.0
2132,CE1,PHE,137,138,0,0.0037738383,0.377383828163147
2133,CE2,PHE,137,138,0,0.0,0.0
2134,CZ,PHE,137,138,0,0.0,0.0
2135,H,PHE,137,138,0,0.0,0.0
2136,HA,PHE,137,138,0,0.0,0.0
2137,HB2,PHE,137,138,0,0.0,0.0
2138,HB3,PHE,137,138,0,0.0,0.0
2139,HD1,PHE,137,138,0,0.0,0.0
2140,HD2,PHE,137,138,0,0.0,0.0
2141,HE1,PHE,137,138,0,0.0,0.0
2142,HE2,PHE,137,138,0,0.0,0.0
2143,HZ,PHE,137,138,0,0.0,0.0
2144,N,PRO,138,139,0,0.0,0.0
2145,CA,PRO,138,139,0,0.0,0.0
2146,C,PRO,138,139,0,0.0,0.0
2147,CB,PRO,138,139,0,0.0,0.0
2148,O,PRO,138,139,0,0.0,0.0
2149,CG,PRO,138,139,0,0.0,0.0
2150,CD,PRO,138,139,0,0.0,0.0
2151,HA,PRO,138,139,0,0.0,0.0
2152,HB2,PRO,138,139,0,0.0,0.0
2153,HB3,PRO,138,139,0,0.0,0.0
2154,HG2,PRO,138,139,0,0.0,0.0
2155,HG3,PRO,138,139,0,0.0,0.0
2156,HD2,PRO,138,139,0,0.0,0.0
2157,HD3,PRO,138,139,0,0.0,0.0
2158,N,PRO,139,140,0,0.0,0.0
2159,CA,PRO,139,140,0,0.0,0.0
2160,C,PRO,139,140,0,0.0,0.0
2161,CB,PRO,139,140,0,0.0,0.0
2162,O,PRO,139,140,0,0.02120596,2.1205959841609
2163,CG,PRO,139,140,0,0.0,0.0
2164,CD,PRO,139,140,0,0.0,0.0
2165,HA,PRO,139,140,0,0.0,0.0
2166,HB2,PRO,139,140,0,0.0,0.0
2167,HB3,PRO,139,140,0,0.0,0.0
2168,HG2,PRO,139,140,0,0.0,0.0
2169,HG3,PRO,139,140,0,0.0,0.0
2170,HD2,PRO,139,140,0,0.0,0.0
2171,HD3,PRO,139,140,0,0.0,0.0
2172,N,VAL,140,141,0,0.0,0.0
2173,CA,VAL,140,141,0,0.0,0.0
2174,C,VAL,140,141,0,0.0,0.0
2175,CB,VAL,140,141,0,0.0,0.0
2176,O,VAL,140,141,0,0.0,0.0
2177,CG1,VAL,140,141,0,0.0,0.0
2178,CG2,VAL,140,141,0,0.0,0.0
2179,H,VAL,140,141,0,0.0,0.0
2180,HA,VAL,140,141,0,0.026546456,2.6546455919742584
2181,HB,VAL,140,141,0,0.0,0.0
2182,HG11,VAL,140,141,0,0.0,0.0
2183,HG12,VAL,140,141,0,0.0,0.0
2184,HG13,VAL,140,141,0,0.0,0.0
2185,HG21,VAL,140,141,0,0.0,0.0
2186,HG22,VAL,140,141,0,0.0,0.0
2187,HG23,VAL,140,141,0,0.0008848819,0.08848818833939731
2188,N,VAL,141,142,0,0.0,0.0
2189,CA,VAL,141,142,0,0.0,0.0
2190,C,VAL,141,142,0,0.0,0.0
2191,CB,VAL,141,142,0,0.0,0.0
2192,O,VAL,141,142,0,0.026786476,2.6786476373672485
2193,CG1,VAL,141,142,0,0.0,0.0
2194,CG2,VAL,141,142,0,0.0,0.0
2195,H,VAL,141,142,0,0.022122048,2.212204784154892
2196,HA,VAL,141,142,0,0.0,0.0
2197,HB,VAL,141,142,0,0.0,0.0
2198,HG11,VAL,141,142,0,0.0,0.0
2199,HG12,VAL,141,142,0,0.0,0.0
2200,HG13,VAL,141,142,0,0.0,0.0
2201,HG21,VAL,141,142,0,0.0,0.0
2202,HG22,VAL,141,142,0,0.0,0.0
2203,HG23,VAL,141,142,0,0.0,0.0
2204,N,ASN,142,143,0,0.0,0.0
2205,CA,ASN,142,143,0,0.0,0.0
2206,C,ASN,142,143,0,0.0,0.0
2207,CB,ASN,142,143,0,0.0,0.0
2208,O,ASN,142,143,0,0.0,0.0
2209,CG,ASN,142,143,0,0.0,0.0
2210,H,ASN,142,143,0,0.0,0.0
2211,HA,ASN,142,143,0,0.0,0.0
2212,HB2,ASN,142,143,0,0.0,0.0
2213,HB3,ASN,142,143,0,0.0,0.0
2214,ND2,ASN,142,143,0,0.0022783095,0.22783095482736826
2215,OD1,ASN,142,143,0,0.046876334,4.687633365392685
2216,HD22,ASN,142,143,0,0.0008848819,0.08848818833939731
2217,HD21,ASN,142,143,0,0.14866015,14.866015315055847
2218,N,ILE,143,144,0,0.0,0.0
2219,CA,ILE,143,144,0,0.0,0.0
2220,C,ILE,143,144,0,0.0,0.0
2221,CB,ILE,143,144,0,0.0,0.0
2222,O,ILE,143,144,0,0.10937811,10.937810689210892
2223,CG1,ILE,143,144,0,0.0,0.0
2224,CG2,ILE,143,144,0,0.0,0.0
2225,CD1,ILE,143,144,0,0.0,0.0
2226,H,ILE,143,144,0,0.020352283,2.0352283492684364
2227,HA,ILE,143,144,0,0.0,0.0
2228,HB,ILE,143,144,0,0.0,0.0
2229,HG12,ILE,143,144,0,0.0,0.0
2230,HG13,ILE,143,144,0,0.0,0.0
2231,HG21,ILE,143,144,0,0.0,0.0
2232,HG22,ILE,143,144,0,0.0,0.0
2233,HG23,ILE,143,144,0,0.0,0.0
2234,HD11,ILE,143,144,0,0.0,0.0
2235,HD12,ILE,143,144,0,0.0,0.0
2236,HD13,ILE,143,144,0,0.0,0.0
2237,N,THR,144,145,0,0.0,0.0
2238,CA,THR,144,145,0,0.0,0.0
2239,C,THR,144,145,0,0.0,0.0
2240,CB,THR,144,145,0,0.0012579461,0.12579461326822639
2241,O,THR,144,145,0,0.0,0.0
2242,CG2,THR,144,145,0,0.02264303,2.264302968978882
2243,OG1,THR,144,145,0,0.007812722,0.7812721654772758
2244,H,THR,144,145,0,0.0,0.0
2245,HA,THR,144,145,0,0.026546456,2.6546455919742584
2246,HB,THR,144,145,0,0.010618582,1.0618582367897034
2247,HG21,THR,144,145,0,0.17874613,17.874613404273987
2248,HG22,THR,144,145,0,0.0,0.0
2249,HG23,THR,144,145,0,0.14335087,14.335086941719055
2250,HG1,THR,144,145,0,0.0017697638,0.17697637667879462
2251,N,TRP,145,146,0,0.0,0.0
2252,CA,TRP,145,146,0,0.0,0.0
2253,C,TRP,145,146,0,0.0,0.0
2254,CB,TRP,145,146,0,0.0,0.0
2255,O,TRP,145,146,0,0.0,0.0
2256,CG,TRP,145,146,0,0.0,0.0
2257,CD1,TRP,145,146,0,0.0,0.0
2258,CD2,TRP,145,146,0,0.0,0.0
2259,CE2,TRP,145,146,0,0.0,0.0
2260,CE3,TRP,145,146,0,0.0,0.0
2261,NE1,TRP,145,146,0,0.0,0.0
2262,CH2,TRP,145,146,0,0.0,0.0
2263,CZ2,TRP,145,146,0,0.0,0.0
2264,CZ3,TRP,145,146,0,0.0,0.0
2265,H,TRP,145,146,0,0.020352283,2.0352283492684364
2266,HA,TRP,145,146,0,0.0,0.0
2267,HB2,TRP,145,146,0,0.0,0.0
2268,HB3,TRP,145,146,0,0.0,0.0
2269,HD1,TRP,145,146,0,0.0,0.0
2270,HE1,TRP,145,146,0,0.0,0.0
2271,HE3,TRP,145,146,0,0.0,0.0
2272,HZ2,TRP,145,146,0,0.0,0.0
2273,HZ3,TRP,145,146,0,0.0,0.0
2274,HH2,TRP,145,146,0,0.0,0.0
2275,N,LEU,146,147,0,0.0,0.0
2276,CA,LEU,146,147,0,0.0,0.0
2277,C,LEU,146,147,0,0.0,0.0
2278,CB,LEU,146,147,0,0.0,0.0
2279,O,LEU,146,147,0,0.0,0.0
2280,CG,LEU,146,147,0,0.0,0.0
2281,CD1,LEU,146,147,0,0.013837407,1.383740734308958
2282,CD2,LEU,146,147,0,0.011321515,1.132151484489441
2283,H,LEU,146,147,0,0.0,0.0
2284,HA,LEU,146,147,0,0.0,0.0
2285,HB2,LEU,146,147,0,0.0,0.0
2286,HB3,LEU,146,147,0,0.0,0.0
2287,HG,LEU,146,147,0,0.0,0.0
2288,HD11,LEU,146,147,0,0.06725103,6.725102663040161
2289,HD12,LEU,146,147,0,0.02389181,2.3891810327768326
2290,HD13,LEU,146,147,0,0.0,0.0
2291,HD21,LEU,146,147,0,0.0,0.0
2292,HD22,LEU,146,147,0,0.06459638,6.4596377313137054
2293,HD23,LEU,146,147,0,0.020352283,2.0352283492684364
2294,N,SER,147,148,0,0.0,0.0
2295,CA,SER,147,148,0,0.0,0.0
2296,C,SER,147,148,0,0.0,0.0
2297,CB,SER,147,148,0,0.013837407,1.383740734308958
2298,O,SER,147,148,0,0.01785765,1.785765029489994
2299,OG,SER,147,148,0,0.10268149,10.26814877986908
2300,H,SER,147,148,0,0.0,0.0
2301,HA,SER,147,148,0,0.0,0.0
2302,HB2,SER,147,148,0,0.0008848819,0.08848818833939731
2303,HB3,SER,147,148,0,0.053977795,5.397779494524002
2304,HG,SER,147,148,0,0.0,0.0
2305,N,ASN,148,149,0,0.0,0.0
2306,CA,ASN,148,149,0,0.0,0.0
2307,C,ASN,148,149,0,0.040254276,4.025427624583244
2308,CB,ASN,148,149,0,0.0050317845,0.5031784530729055
2309,O,ASN,148,149,0,0.1049137,10.491369664669037
2310,CG,ASN,148,149,0,0.035222493,3.522249311208725
2311,H,ASN,148,149,0,0.0,0.0
2312,HA,ASN,148,149,0,0.054862678,5.486267805099487
2313,HB2,ASN,148,149,0,0.015042992,1.5042992308735847
2314,HB3,ASN,148,149,0,0.14689039,14.689038693904877
2315,ND2,ASN,148,149,0,0.06151436,6.151435896754265
2316,OD1,ASN,148,149,0,0.061385673,6.138567253947258
2317,HD22,ASN,148,149,0,0.2150263,21.502630412578583
2318,HD21,ASN,148,149,0,0.030085985,3.0085984617471695
2319,N,GLY,149,150,0,0.014809012,1.4809012413024902
2320,CA,GLY,149,150,0,0.030190706,3.019070625305176
2321,C,GLY,149,150,0,0.0050317845,0.5031784530729055
2322,O,GLY,149,150,0,0.26674864,26.674863696098328
2323,H,GLY,149,150,0,0.0,0.0
2324,HA2,GLY,149,150,0,0.07786961,7.7869608998298645
2325,HA3,GLY,149,150,0,0.1663578,16.635780036449432
2326,N,HIS,150,151,0,0.0,0.0
2327,CA,HIS,150,151,0,0.0,0.0
2328,C,HIS,150,151,0,0.0,0.0
2329,CB,HIS,150,151,0,0.021385085,2.1385084837675095
2330,O,HIS,150,151,0,0.0,0.0
2331,CG,HIS,150,151,0,0.0327066,3.2706599682569504
2332,H,HIS,150,151,0,0.0,0.0
2333,HA,HIS,150,151,0,0.022122048,2.212204784154892
2334,HB2,HIS,150,151,0,0.0681359,6.813590228557587
2335,HB3,HIS,150,151,0,0.09999165,9.999164938926697
2336,CD2,HIS,150,151,0,0.13208434,13.208433985710144
2337,ND1,HIS,150,151,0,0.02847887,2.8478870168328285
2338,CE1,HIS,150,151,0,0.15346943,15.346942842006683
2339,NE2,HIS,150,151,0,0.066070974,6.607097387313843
2340,HD1,HIS,150,151,0,0.029201102,2.9201101511716843
2341,HD2,HIS,150,151,0,0.22564489,22.564488649368286
2342,HE1,HIS,150,151,0,0.22564489,22.564488649368286
2343,HE2,HIS,150,151,0,0.30970865,30.970865488052368
2344,N,SER,151,152,0,0.0,0.0
2345,CA,SER,151,152,0,0.0,0.0
2346,C,SER,151,152,0,0.0,0.0
2347,CB,SER,151,152,0,0.040254276,4.025427624583244
2348,O,SER,151,152,0,0.23214945,23.214945197105408
2349,OG,SER,151,152,0,0.16295105,16.29510521888733
2350,H,SER,151,152,0,0.10795559,10.795558989048004
2351,HA,SER,151,152,0,0.0,0.0
2352,HB2,SER,151,152,0,0.14423575,14.42357450723648
2353,HB3,SER,151,152,0,0.16547291,16.547290980815887
2354,HG,SER,151,152,0,0.007079055,0.7079055067151785
2355,N,VAL,152,153,0,0.0,0.0
2356,CA,VAL,152,153,0,0.0,0.0
2357,C,VAL,152,153,0,0.0,0.0
2358,CB,VAL,152,153,0,0.0,0.0
2359,O,VAL,152,153,0,0.027902579,2.7902578935027122
2360,CG1,VAL,152,153,0,0.013837407,1.383740734308958
2361,CG2,VAL,152,153,0,0.0075476766,0.754767656326294
2362,H,VAL,152,153,0,0.0,0.0
2363,HA,VAL,152,153,0,0.025661575,2.566157467663288
2364,HB,VAL,152,153,0,0.0,0.0
2365,HG11,VAL,152,153,0,0.05309291,5.309291183948517
2366,HG12,VAL,152,153,0,0.0,0.0
2367,HG13,VAL,152,153,0,0.09114283,9.114283323287964
2368,HG21,VAL,152,153,0,0.0,0.0
2369,HG22,VAL,152,153,0,0.101761416,10.176141560077667
2370,HG23,VAL,152,153,0,0.0061941734,0.6194173358380795
2371,N,THR,153,154,0,0.0,0.0
2372,CA,THR,153,154,0,0.0,0.0
2373,C,THR,153,154,0,0.0012579461,0.12579461326822639
2374,CB,THR,153,154,0,0.0037738383,0.377383828163147
2375,O,THR,153,154,0,0.09598487,9.598486870527267
2376,CG2,THR,153,154,0,0.06667115,6.667114794254303
2377,OG1,THR,153,154,0,0.25223932,25.223931670188904
2378,H,THR,153,154,0,0.044244096,4.424409568309784
2379,HA,THR,153,154,0,0.030970866,3.09708658605814
2380,HB,THR,153,154,0,0.15308456,15.308456122875214
2381,HG21,THR,153,154,0,0.0035395275,0.35395275335758924
2382,HG22,THR,153,154,0,0.21148677,21.148677170276642
2383,HG23,THR,153,154,0,0.23626347,23.62634688615799
2384,HG1,THR,153,154,0,0.076984726,7.698472589254379
2385,N,GLU,154,155,0,0.0,0.0
2386,CA,GLU,154,155,0,0.0,0.0
2387,C,GLU,154,155,0,0.0,0.0
2388,CB,GLU,154,155,0,0.006289731,0.6289730779826641
2389,O,GLU,154,155,0,0.036831405,3.6831405013799667
2390,CG,GLU,154,155,0,0.010063569,1.006356906145811
2391,CD,GLU,154,155,0,0.08805623,8.805622905492783
2392,OE1,GLU,154,155,0,0.50447863,50.44786334037781
2393,OE2,GLU,154,155,0,0.40960985,40.9609854221344
2394,H,GLU,154,155,0,0.013273228,1.3273227959871292
2395,HA,GLU,154,155,0,0.063711494,6.37114942073822
2396,HB2,GLU,154,155,0,0.08848819,8.848819136619568
2397,HB3,GLU,154,155,0,0.07433008,7.433007657527924
2398,HG2,GLU,154,155,0,0.09025795,9.025795012712479
2399,HG3,GLU,154,155,0,0.15308456,15.308456122875214
2400,N,GLY,155,156,0,0.0,0.0
2401,CA,GLY,155,156,0,0.008805623,0.8805623278021812
2402,C,GLY,155,156,0,0.018869191,1.8869191408157349
2403,O,GLY,155,156,0,0.006696619,0.6696619093418121
2404,H,GLY,155,156,0,0.059287086,5.928708612918854
2405,HA2,GLY,155,156,0,0.16812755,16.812755167484283
2406,HA3,GLY,155,156,0,0.016812757,1.6812756657600403
2407,N,VAL,156,157,0,0.0,0.0
2408,CA,VAL,156,157,0,0.0,0.0
2409,C,VAL,156,157,0,0.0,0.0
2410,CB,VAL,156,157,0,0.0,0.0
2411,O,VAL,156,157,0,0.01785765,1.785765029489994
2412,CG1,VAL,156,157,0,0.0163533,1.6353299841284752
2413,CG2,VAL,156,157,0,0.0,0.0
2414,H,VAL,156,157,0,0.0,0.0
2415,HA,VAL,156,157,0,0.0,0.0
2416,HB,VAL,156,157,0,0.03274063,3.2740630209445953
2417,HG11,VAL,156,157,0,0.0,0.0
2418,HG12,VAL,156,157,0,0.0026546456,0.26546455919742584
2419,HG13,VAL,156,157,0,0.12299858,12.299858033657074
2420,HG21,VAL,156,157,0,0.0,0.0
2421,HG22,VAL,156,157,0,0.0,0.0
2422,HG23,VAL,156,157,0,0.005309291,0.5309291183948517
2423,N,SER,157,158,0,0.0,0.0
2424,CA,SER,157,158,0,0.0,0.0
2425,C,SER,157,158,0,0.0,0.0
2426,CB,SER,157,158,0,0.0,0.0
2427,O,SER,157,158,0,0.0,0.0
2428,OG,SER,157,158,0,0.085939944,8.593994379043579
2429,H,SER,157,158,0,0.0,0.0
2430,HA,SER,157,158,0,0.0,0.0
2431,HB2,SER,157,158,0,0.0008848819,0.08848818833939731
2432,HB3,SER,157,158,0,0.03274063,3.2740630209445953
2433,HG,SER,157,158,0,0.08937307,8.937306702136993
2434,N,GLU,158,159,0,0.0,0.0
2435,CA,GLU,158,159,0,0.0,0.0
2436,C,GLU,158,159,0,0.0050317845,0.5031784530729055
2437,CB,GLU,158,159,0,0.0,0.0
2438,O,GLU,158,159,0,0.16741547,16.741546988487244
2439,CG,GLU,158,159,0,0.0,0.0
2440,CD,GLU,158,159,0,0.0,0.0
2441,OE1,GLU,158,159,0,0.03236699,3.236699104309082
2442,OE2,GLU,158,159,0,0.06585009,6.585008651018143
2443,H,GLU,158,159,0,0.0008848819,0.08848818833939731
2444,HA,GLU,158,159,0,0.0,0.0
2445,HB2,GLU,158,159,0,0.0,0.0
2446,HB3,GLU,158,159,0,0.0,0.0
2447,HG2,GLU,158,159,0,0.0,0.0
2448,HG3,GLU,158,159,0,0.02389181,2.3891810327768326
2449,N,THR,159,160,0,0.0,0.0
2450,CA,THR,159,160,0,0.0,0.0
2451,C,THR,159,160,0,0.013837407,1.383740734308958
2452,CB,THR,159,160,0,0.0,0.0
2453,O,THR,159,160,0,0.01785765,1.785765029489994
2454,CG2,THR,159,160,0,0.0025158923,0.25158922653645277
2455,OG1,THR,159,160,0,0.0,0.0
2456,H,THR,159,160,0,0.0,0.0
2457,HA,THR,159,160,0,0.029201102,2.9201101511716843
2458,HB,THR,159,160,0,0.0,0.0
2459,HG21,THR,159,160,0,0.08937307,8.937306702136993
2460,HG22,THR,159,160,0,0.0,0.0
2461,HG23,THR,159,160,0,0.0,0.0
2462,HG1,THR,159,160,0,0.0,0.0
2463,N,SER,160,161,0,0.010252393,1.025239285081625
2464,CA,SER,160,161,0,0.0,0.0
2465,C,SER,160,161,0,0.0,0.0
2466,CB,SER,160,161,0,0.0,0.0
2467,O,SER,160,161,0,0.0,0.0
2468,OG,SER,160,161,0,0.09933318,9.933318197727203
2469,H,SER,160,161,0,0.0026546456,0.26546455919742584
2470,HA,SER,160,161,0,0.07609984,7.609984278678894
2471,HB2,SER,160,161,0,0.0,0.0
2472,HB3,SER,160,161,0,0.0,0.0
2473,HG,SER,160,161,0,0.0035395275,0.35395275335758924
2474,N,PHE,161,162,0,0.0,0.0
2475,CA,PHE,161,162,0,0.0,0.0
2476,C,PHE,161,162,0,0.0,0.0
2477,CB,PHE,161,162,0,0.0,0.0
2478,O,PHE,161,162,0,0.0,0.0
2479,CG,PHE,161,162,0,0.0,0.0
2480,CD1,PHE,161,162,0,0.0,0.0
2481,CD2,PHE,161,162,0,0.008805623,0.8805623278021812
2482,CE1,PHE,161,162,0,0.0,0.0
2483,CE2,PHE,161,162,0,0.010063569,1.006356906145811
2484,CZ,PHE,161,162,0,0.0,0.0
2485,H,PHE,161,162,0,0.0026546456,0.26546455919742584
2486,HA,PHE,161,162,0,0.0,0.0
2487,HB2,PHE,161,162,0,0.0,0.0
2488,HB3,PHE,161,162,0,0.0,0.0
2489,HD1,PHE,161,162,0,0.0,0.0
2490,HD2,PHE,161,162,0,0.026546456,2.6546455919742584
2491,HE1,PHE,161,162,0,0.0,0.0
2492,HE2,PHE,161,162,0,0.16281827,16.28182679414749
2493,HZ,PHE,161,162,0,0.007963937,0.7963936775922775
2494,N,LEU,162,163,0,0.0,0.0
2495,CA,LEU,162,163,0,0.0,0.0
2496,C,LEU,162,163,0,0.0,0.0
2497,CB,LEU,162,163,0,0.0,0.0
2498,O,LEU,162,163,0,0.0,0.0
2499,CG,LEU,162,163,0,0.0,0.0
2500,CD1,LEU,162,163,0,0.0,0.0
2501,CD2,LEU,162,163,0,0.0,0.0
2502,H,LEU,162,163,0,0.0,0.0
2503,HA,LEU,162,163,0,0.0,0.0
2504,HB2,LEU,162,163,0,0.0,0.0
2505,HB3,LEU,162,163,0,0.0017697638,0.17697637667879462
2506,HG,LEU,162,163,0,0.0,0.0
2507,HD11,LEU,162,163,0,0.0,0.0
2508,HD12,LEU,162,163,0,0.0035395275,0.35395275335758924
2509,HD13,LEU,162,163,0,0.0,0.0
2510,HD21,LEU,162,163,0,0.0,0.0
2511,HD22,LEU,162,163,0,0.0,0.0
2512,HD23,LEU,162,163,0,0.0,0.0
2513,N,SER,163,164,0,0.0,0.0
2514,CA,SER,163,164,0,0.0,0.0
2515,C,SER,163,164,0,0.0,0.0
2516,CB,SER,163,164,0,0.0,0.0
2517,O,SER,163,164,0,0.10044929,10.044928640127182
2518,OG,SER,163,164,0,0.06696619,6.696619093418121
2519,H,SER,163,164,0,0.0,0.0
2520,HA,SER,163,164,0,0.0,0.0
2521,HB2,SER,163,164,0,0.0,0.0
2522,HB3,SER,163,164,0,0.0,0.0
2523,HG,SER,163,164,0,0.0,0.0
2524,N,LYS,164,165,0,0.0,0.0
2525,CA,LYS,164,165,0,0.0,0.0
2526,C,LYS,164,165,0,0.033964545,3.3964544534683228
2527,CB,LYS,164,165,0,0.0,0.0
2528,O,LYS,164,165,0,0.006696619,0.6696619093418121
2529,CG,LYS,164,165,0,0.0,0.0
2530,CD,LYS,164,165,0,0.0,0.0
2531,CE,LYS,164,165,0,0.0,0.0
2532,NZ,LYS,164,165,0,0.0022783095,0.22783095482736826
2533,H,LYS,164,165,0,0.0,0.0
2534,HA,LYS,164,165,0,0.06105685,6.105684861540794
2535,HB2,LYS,164,165,0,0.0,0.0
2536,HB3,LYS,164,165,0,0.0,0.0
2537,HG2,LYS,164,165,0,0.026546456,2.6546455919742584
2538,HG3,LYS,164,165,0,0.0,0.0
2539,HD2,LYS,164,165,0,0.0,0.0
2540,HD3,LYS,164,165,0,0.0,0.0
2541,HE2,LYS,164,165,0,0.01415811,1.415811013430357
2542,HE3,LYS,164,165,0,0.0,0.0
2543,HZ1,LYS,164,165,0,0.07344519,7.344519346952438
2544,HZ2,LYS,164,165,0,0.0,0.0
2545,HZ3,LYS,164,165,0,0.054862678,5.486267805099487
2546,N,SER,165,166,0,0.014809012,1.4809012413024902
2547,CA,SER,165,166,0,0.0,0.0
2548,C,SER,165,166,0,0.0,0.0
2549,CB,SER,165,166,0,0.013837407,1.383740734308958
2550,O,SER,165,166,0,0.033483095,3.3483095467090607
2551,OG,SER,165,166,0,0.026786476,2.6786476373672485
2552,H,SER,165,166,0,0.049553387,4.955338686704636
2553,HA,SER,165,166,0,0.13096252,13.096252083778381
2554,HB2,SER,165,166,0,0.030970866,3.09708658605814
2555,HB3,SER,165,166,0,0.15927874,15.92787355184555
2556,HG,SER,165,166,0,0.0,0.0
2557,N,ASP,166,167,0,0.0,0.0
2558,CA,ASP,166,167,0,0.0,0.0
2559,C,ASP,166,167,0,0.0,0.0
2560,CB,ASP,166,167,0,0.010063569,1.006356906145811
2561,O,ASP,166,167,0,0.0011161031,0.11161031434312463
2562,CG,ASP,166,167,0,0.0025158923,0.25158922653645277
2563,OD1,ASP,166,167,0,0.19866636,19.866636395454407
2564,OD2,ASP,166,167,0,0.2846063,28.460630774497986
2565,H,ASP,166,167,0,0.0,0.0
2566,HA,ASP,166,167,0,0.0008848819,0.08848818833939731
2567,HB2,ASP,166,167,0,0.017697638,1.7697637900710106
2568,HB3,ASP,166,167,0,0.0017697638,0.17697637667879462
2569,N,HIS,167,168,0,0.0,0.0
2570,CA,HIS,167,168,0,0.0,0.0
2571,C,HIS,167,168,0,0.0,0.0
2572,CB,HIS,167,168,0,0.0,0.0
2573,O,HIS,167,168,0,0.0,0.0
2574,CG,HIS,167,168,0,0.0,0.0
2575,CD2,HIS,167,168,0,0.006289731,0.6289730779826641
2576,ND1,HIS,167,168,0,0.0,0.0
2577,CE1,HIS,167,168,0,0.0163533,1.6353299841284752
2578,NE2,HIS,167,168,0,0.018226476,1.822647638618946
2579,H,HIS,167,168,0,0.0,0.0
2580,HA,HIS,167,168,0,0.0,0.0
2581,HB2,HIS,167,168,0,0.0,0.0
2582,HB3,HIS,167,168,0,0.0,0.0
2583,HD1,HIS,167,168,0,0.01858252,1.858251914381981
2584,HD2,HIS,167,168,0,0.0,0.0
2585,HE1,HIS,167,168,0,0.06459638,6.4596377313137054
2586,N,SER,168,169,0,0.0,0.0
2587,CA,SER,168,169,0,0.0,0.0
2588,C,SER,168,169,0,0.0,0.0
2589,CB,SER,168,169,0,0.0,0.0
2590,O,SER,168,169,0,0.0,0.0
2591,OG,SER,168,169,0,0.0,0.0
2592,H,SER,168,169,0,0.0,0.0
2593,HA,SER,168,169,0,0.0,0.0
2594,HB2,SER,168,169,0,0.0,0.0
2595,HB3,SER,168,169,0,0.0,0.0
2596,HG,SER,168,169,0,0.008848819,0.8848818950355053
2597,N,PHE,169,170,0,0.0,0.0
2598,CA,PHE,169,170,0,0.0,0.0
2599,C,PHE,169,170,0,0.0,0.0
2600,CB,PHE,169,170,0,0.0,0.0
2601,O,PHE,169,170,0,0.0,0.0
2602,CG,PHE,169,170,0,0.0,0.0
2603,CD1,PHE,169,170,0,0.0,0.0
2604,CD2,PHE,169,170,0,0.0,0.0
2605,CE1,PHE,169,170,0,0.0012579461,0.12579461326822639
2606,CE2,PHE,169,170,0,0.0,0.0
2607,CZ,PHE,169,170,0,0.0,0.0
2608,H,PHE,169,170,0,0.0,0.0
2609,HA,PHE,169,170,0,0.0,0.0
2610,HB2,PHE,169,170,0,0.0,0.0
2611,HB3,PHE,169,170,0,0.0,0.0
2612,HD1,PHE,169,170,0,0.0,0.0
2613,HD2,PHE,169,170,0,0.0,0.0
2614,HE1,PHE,169,170,0,0.0026546456,0.26546455919742584
2615,HE2,PHE,169,170,0,0.0,0.0
2616,HZ,PHE,169,170,0,0.0008848819,0.08848818833939731
2617,N,PHE,170,171,0,0.0,0.0
2618,CA,PHE,170,171,0,0.0,0.0
2619,C,PHE,170,171,0,0.0,0.0
2620,CB,PHE,170,171,0,0.0,0.0
2621,O,PHE,170,171,0,0.0,0.0
2622,CG,PHE,170,171,0,0.0163533,1.6353299841284752
2623,CD1,PHE,170,171,0,0.010063569,1.006356906145811
2624,CD2,PHE,170,171,0,0.0025158923,0.25158922653645277
2625,CE1,PHE,170,171,0,0.059123468,5.912346765398979
2626,CE2,PHE,170,171,0,0.017611247,1.7611246556043625
2627,CZ,PHE,170,171,0,0.0327066,3.2706599682569504
2628,H,PHE,170,171,0,0.0,0.0
2629,HA,PHE,170,171,0,0.0,0.0
2630,HB2,PHE,170,171,0,0.0,0.0
2631,HB3,PHE,170,171,0,0.0,0.0
2632,HD1,PHE,170,171,0,0.0,0.0
2633,HD2,PHE,170,171,0,0.0,0.0
2634,HE1,PHE,170,171,0,0.057517324,5.751732364296913
2635,HE2,PHE,170,171,0,0.0,0.0
2636,HZ,PHE,170,171,0,0.0061941734,0.6194173358380795
2637,N,LYS,171,172,0,0.0,0.0
2638,CA,LYS,171,172,0,0.0,0.0
2639,C,LYS,171,172,0,0.0,0.0
2640,CB,LYS,171,172,0,0.0,0.0
2641,O,LYS,171,172,0,0.0,0.0
2642,CG,LYS,171,172,0,0.0,0.0
2643,CD,LYS,171,172,0,0.0,0.0
2644,CE,LYS,171,172,0,0.0,0.0
2645,NZ,LYS,171,172,0,0.014809012,1.4809012413024902
2646,H,LYS,171,172,0,0.0,0.0
2647,HA,LYS,171,172,0,0.0,0.0
2648,HB2,LYS,171,172,0,0.0,0.0
2649,HB3,LYS,171,172,0,0.0,0.0
2650,HG2,LYS,171,172,0,0.0,0.0
2651,HG3,LYS,171,172,0,0.0,0.0
2652,HD2,LYS,171,172,0,0.0,0.0
2653,HD3,LYS,171,172,0,0.0,0.0
2654,HE2,LYS,171,172,0,0.0,0.0
2655,HE3,LYS,171,172,0,0.0026546456,0.26546455919742584
2656,HZ1,LYS,171,172,0,0.11238,11.23799979686737
2657,HZ2,LYS,171,172,0,0.03628016,3.6280158907175064
2658,HZ3,LYS,171,172,0,0.013273228,1.3273227959871292
2659,N,ILE,172,173,0,0.0,0.0
2660,CA,ILE,172,173,0,0.0,0.0
2661,C,ILE,172,173,0,0.0,0.0
2662,CB,ILE,172,173,0,0.0,0.0
2663,O,ILE,172,173,0,0.0,0.0
2664,CG1,ILE,172,173,0,0.0,0.0
2665,CG2,ILE,172,173,0,0.0,0.0
2666,CD1,ILE,172,173,0,0.0,0.0
2667,H,ILE,172,173,0,0.0,0.0
2668,HA,ILE,172,173,0,0.0,0.0
2669,HB,ILE,172,173,0,0.0,0.0
2670,HG12,ILE,172,173,0,0.0,0.0
2671,HG13,ILE,172,173,0,0.0,0.0
2672,HG21,ILE,172,173,0,0.0,0.0
2673,HG22,ILE,172,173,0,0.0,0.0
2674,HG23,ILE,172,173,0,0.0,0.0
2675,HD11,ILE,172,173,0,0.0,0.0
2676,HD12,ILE,172,173,0,0.0017697638,0.17697637667879462
2677,HD13,ILE,172,173,0,0.0,0.0
2678,N,SER,173,174,0,0.0,0.0
2679,CA,SER,173,174,0,0.0,0.0
2680,C,SER,173,174,0,0.0,0.0
2681,CB,SER,173,174,0,0.0,0.0
2682,O,SER,173,174,0,0.0,0.0
2683,OG,SER,173,174,0,0.0033483095,0.33483095467090607
2684,H,SER,173,174,0,0.0,0.0
2685,HA,SER,173,174,0,0.0,0.0
2686,HB2,SER,173,174,0,0.0,0.0
2687,HB3,SER,173,174,0,0.0,0.0
2688,HG,SER,173,174,0,0.0,0.0
2689,N,TYR,174,175,0,0.0,0.0
2690,CA,TYR,174,175,0,0.0,0.0
2691,C,TYR,174,175,0,0.0,0.0
2692,CB,TYR,174,175,0,0.008805623,0.8805623278021812
2693,O,TYR,174,175,0,0.0,0.0
2694,CG,TYR,174,175,0,0.025158923,2.5158923119306564
2695,CD1,TYR,174,175,0,0.021385085,2.1385084837675095
2696,CD2,TYR,174,175,0,0.031448655,3.144865483045578
2697,CE1,TYR,174,175,0,0.0075476766,0.754767656326294
2698,CE2,TYR,174,175,0,0.05534963,5.534962937235832
2699,OH,TYR,174,175,0,0.0,0.0
2700,CZ,TYR,174,175,0,0.0025158923,0.25158922653645277
2701,H,TYR,174,175,0,0.0,0.0
2702,HA,TYR,174,175,0,0.0,0.0
2703,HB2,TYR,174,175,0,0.0,0.0
2704,HB3,TYR,174,175,0,0.01415811,1.415811013430357
2705,HD1,TYR,174,175,0,0.0,0.0
2706,HD2,TYR,174,175,0,0.0017697638,0.17697637667879462
2707,HE1,TYR,174,175,0,0.0,0.0
2708,HE2,TYR,174,175,0,0.03628016,3.6280158907175064
2709,HH,TYR,174,175,0,0.0,0.0
2710,N,LEU,175,176,0,0.0,0.0
2711,CA,LEU,175,176,0,0.0,0.0
2712,C,LEU,175,176,0,0.0,0.0
2713,CB,LEU,175,176,0,0.0,0.0
2714,O,LEU,175,176,0,0.0,0.0
2715,CG,LEU,175,176,0,0.0,0.0
2716,CD1,LEU,175,176,0,0.0,0.0
2717,CD2,LEU,175,176,0,0.0,0.0
2718,H,LEU,175,176,0,0.0,0.0
2719,HA,LEU,175,176,0,0.0,0.0
2720,HB2,LEU,175,176,0,0.0,0.0
2721,HB3,LEU,175,176,0,0.0,0.0
2722,HG,LEU,175,176,0,0.0,0.0
2723,HD11,LEU,175,176,0,0.0,0.0
2724,HD12,LEU,175,176,0,0.016812757,1.6812756657600403
2725,HD13,LEU,175,176,0,0.0,0.0
2726,HD21,LEU,175,176,0,0.0,0.0
2727,HD22,LEU,175,176,0,0.0,0.0
2728,HD23,LEU,175,176,0,0.0,0.0
2729,N,THR,176,177,0,0.0,0.0
2730,CA,THR,176,177,0,0.0,0.0
2731,C,THR,176,177,0,0.008805623,0.8805623278021812
2732,CB,THR,176,177,0,0.0012579461,0.12579461326822639
2733,O,THR,176,177,0,0.11272642,11.272642016410828
2734,CG2,THR,176,177,0,0.06667115,6.667114794254303
2735,OG1,THR,176,177,0,0.13058406,13.058406114578247
2736,H,THR,176,177,0,0.0,0.0
2737,HA,THR,176,177,0,0.0,0.0
2738,HB,THR,176,177,0,0.1415811,14.158110320568085
2739,HG21,THR,176,177,0,0.23891811,23.891811072826385
2740,HG22,THR,176,177,0,0.0061941734,0.6194173358380795
2741,HG23,THR,176,177,0,0.059287086,5.928708612918854
2742,HG1,THR,176,177,0,0.0,0.0
2743,N,LEU,177,178,0,0.0022783095,0.22783095482736826
2744,CA,LEU,177,178,0,0.0012579461,0.12579461326822639
2745,C,LEU,177,178,0,0.031448655,3.144865483045578
2746,CB,LEU,177,178,0,0.0050317845,0.5031784530729055
2747,O,LEU,177,178,0,0.011161031,1.116103120148182
2748,CG,LEU,177,178,0,0.0,0.0
2749,CD1,LEU,177,178,0,0.0,0.0
2750,CD2,LEU,177,178,0,0.0,0.0
2751,H,LEU,177,178,0,0.0,0.0
2752,HA,LEU,177,178,0,0.06990567,6.990566849708557
2753,HB2,LEU,177,178,0,0.0035395275,0.35395275335758924
2754,HB3,LEU,177,178,0,0.0,0.0
2755,HG,LEU,177,178,0,0.0,0.0
2756,HD11,LEU,177,178,0,0.0,0.0
2757,HD12,LEU,177,178,0,0.0,0.0
2758,HD13,LEU,177,178,0,0.0,0.0
2759,HD21,LEU,177,178,0,0.0,0.0
2760,HD22,LEU,177,178,0,0.0026546456,0.26546455919742584
2761,HD23,LEU,177,178,0,0.0,0.0
2762,N,LEU,178,179,0,0.0022783095,0.22783095482736826
2763,CA,LEU,178,179,0,0.0,0.0
2764,C,LEU,178,179,0,0.0,0.0
2765,CB,LEU,178,179,0,0.008805623,0.8805623278021812
2766,O,LEU,178,179,0,0.023438167,2.3438166826963425
2767,CG,LEU,178,179,0,0.0,0.0
2768,CD1,LEU,178,179,0,0.018869191,1.8869191408157349
2769,CD2,LEU,178,179,0,0.08554034,8.554033935070038
2770,H,LEU,178,179,0,0.09114283,9.114283323287964
2771,HA,LEU,178,179,0,0.0,0.0
2772,HB2,LEU,178,179,0,0.10530094,10.530094057321548
2773,HB3,LEU,178,179,0,0.07079055,7.079055160284042
2774,HG,LEU,178,179,0,0.0,0.0
2775,HD11,LEU,178,179,0,0.16193338,16.193337738513947
2776,HD12,LEU,178,179,0,0.052208032,5.2208032459020615
2777,HD13,LEU,178,179,0,0.0035395275,0.35395275335758924
2778,HD21,LEU,178,179,0,0.10795559,10.795558989048004
2779,HD22,LEU,178,179,0,0.109725356,10.972535610198975
2780,HD23,LEU,178,179,0,0.18936472,18.93647164106369
2781,N,PRO,179,180,0,0.0,0.0
2782,CA,PRO,179,180,0,0.0,0.0
2783,C,PRO,179,180,0,0.0,0.0
2784,CB,PRO,179,180,0,0.0,0.0
2785,O,PRO,179,180,0,0.023438167,2.3438166826963425
2786,CG,PRO,179,180,0,0.0,0.0
2787,CD,PRO,179,180,0,0.0,0.0
2788,HA,PRO,179,180,0,0.0,0.0
2789,HB2,PRO,179,180,0,0.0,0.0
2790,HB3,PRO,179,180,0,0.0,0.0
2791,HG2,PRO,179,180,0,0.0,0.0
2792,HG3,PRO,179,180,0,0.0,0.0
2793,HD2,PRO,179,180,0,0.0,0.0
2794,HD3,PRO,179,180,0,0.0,0.0
2795,N,SER,180,181,0,0.0,0.0
2796,CA,SER,180,181,0,0.0,0.0
2797,C,SER,180,181,0,0.0,0.0
2798,CB,SER,180,181,0,0.046544008,4.654400795698166
2799,O,SER,180,181,0,0.0,0.0
2800,OG,SER,180,181,0,0.010044929,1.0044928640127182
2801,H,SER,180,181,0,0.0,0.0
2802,HA,SER,180,181,0,0.02389181,2.3891810327768326
2803,HB2,SER,180,181,0,0.14423575,14.42357450723648
2804,HB3,SER,180,181,0,0.0681359,6.813590228557587
2805,HG,SER,180,181,0,0.0,0.0
2806,N,ALA,181,182,0,0.0,0.0
2807,CA,ALA,181,182,0,0.0,0.0
2808,C,ALA,181,182,0,0.0,0.0
2809,CB,ALA,181,182,0,0.07170293,7.1702927350997925
2810,O,ALA,181,182,0,0.2868385,28.683850169181824
2811,H,ALA,181,182,0,0.069020785,6.902078539133072
2812,HA,ALA,181,182,0,0.009733701,0.9733701124787331
2813,HB1,ALA,181,182,0,0.030970866,3.09708658605814
2814,HB2,ALA,181,182,0,0.1221137,12.211369723081589
2815,HB3,ALA,181,182,0,0.07609984,7.609984278678894
2816,N,GLU,182,183,0,0.0,0.0
2817,CA,GLU,182,183,0,0.0,0.0
2818,C,GLU,182,183,0,0.011321515,1.132151484489441
2819,CB,GLU,182,183,0,0.017611247,1.7611246556043625
2820,O,GLU,182,183,0,0.19643416,19.64341551065445
2821,CG,GLU,182,183,0,0.011321515,1.132151484489441
2822,CD,GLU,182,183,0,0.08554034,8.554033935070038
2823,OE1,GLU,182,183,0,0.50224644,50.22464394569397
2824,OE2,GLU,182,183,0,0.41742256,41.74225628376007
2825,H,GLU,182,183,0,0.0,0.0
2826,HA,GLU,182,183,0,0.09114283,9.114283323287964
2827,HB2,GLU,182,183,0,0.076984726,7.698472589254379
2828,HB3,GLU,182,183,0,0.04689874,4.68987412750721
2829,HG2,GLU,182,183,0,0.059287086,5.928708612918854
2830,HG3,GLU,182,183,0,0.14954504,14.954504370689392
2831,N,GLU,183,184,0,0.0,0.0
2832,CA,GLU,183,184,0,0.0,0.0
2833,C,GLU,183,184,0,0.006289731,0.6289730779826641
2834,CB,GLU,183,184,0,0.0,0.0
2835,O,GLU,183,184,0,0.011161031,1.116103120148182
2836,CG,GLU,183,184,0,0.008805623,0.8805623278021812
2837,CD,GLU,183,184,0,0.0012579461,0.12579461326822639
2838,OE1,GLU,183,184,0,0.48104045,48.104044795036316
2839,OE2,GLU,183,184,0,0.06696619,6.696619093418121
2840,H,GLU,183,184,0,0.0,0.0
2841,HA,GLU,183,184,0,0.0,0.0
2842,HB2,GLU,183,184,0,0.0,0.0
2843,HB3,GLU,183,184,0,0.0,0.0
2844,HG2,GLU,183,184,0,0.0035395275,0.35395275335758924
2845,HG3,GLU,183,184,0,0.03628016,3.6280158907175064
2846,N,SER,184,185,0,0.0,0.0
2847,CA,SER,184,185,0,0.0,0.0
2848,C,SER,184,185,0,0.0,0.0
2849,CB,SER,184,185,0,0.0,0.0
2850,O,SER,184,185,0,0.0,0.0
2851,OG,SER,184,185,0,0.12611966,12.611965835094452
2852,H,SER,184,185,0,0.0,0.0
2853,HA,SER,184,185,0,0.0,0.0
2854,HB2,SER,184,185,0,0.0,0.0
2855,HB3,SER,184,185,0,0.04689874,4.68987412750721
2856,HG,SER,184,185,0,0.005309291,0.5309291183948517
2857,N,TYR,185,186,0,0.0,0.0
2858,CA,TYR,185,186,0,0.0,0.0
2859,C,TYR,185,186,0,0.0,0.0
2860,CB,TYR,185,186,0,0.0,0.0
2861,O,TYR,185,186,0,0.0,0.0
2862,CG,TYR,185,186,0,0.0,0.0
2863,CD1,TYR,185,186,0,0.0,0.0
2864,CD2,TYR,185,186,0,0.0,0.0
2865,CE1,TYR,185,186,0,0.0,0.0
2866,CE2,TYR,185,186,0,0.0,0.0
2867,OH,TYR,185,186,0,0.051340744,5.13407438993454
2868,CZ,TYR,185,186,0,0.0,0.0
2869,H,TYR,185,186,0,0.0,0.0
2870,HA,TYR,185,186,0,0.0,0.0
2871,HB2,TYR,185,186,0,0.0,0.0
2872,HB3,TYR,185,186,0,0.0,0.0
2873,HD1,TYR,185,186,0,0.0,0.0
2874,HD2,TYR,185,186,0,0.0,0.0
2875,HE1,TYR,185,186,0,0.058402203,5.8402203023433685
2876,HE2,TYR,185,186,0,0.0,0.0
2877,HH,TYR,185,186,0,0.0,0.0
2878,N,ASP,186,187,0,0.0,0.0
2879,CA,ASP,186,187,0,0.0,0.0
2880,C,ASP,186,187,0,0.0,0.0
2881,CB,ASP,186,187,0,0.0,0.0
2882,O,ASP,186,187,0,0.0,0.0
2883,CG,ASP,186,187,0,0.0012579461,0.12579461326822639
2884,OD1,ASP,186,187,0,0.040179715,4.017971456050873
2885,OD2,ASP,186,187,0,0.1417451,14.174510538578033
2886,H,ASP,186,187,0,0.0,0.0
2887,HA,ASP,186,187,0,0.0,0.0
2888,HB2,ASP,186,187,0,0.0,0.0
2889,HB3,ASP,186,187,0,0.0,0.0
2890,N,CYS,187,188,0,0.0,0.0
2891,CA,CYS,187,188,0,0.0,0.0
2892,C,CYS,187,188,0,0.0,0.0
2893,CB,CYS,187,188,0,0.0,0.0
2894,O,CYS,187,188,0,0.0,0.0
2895,SG,CYS,187,188,0,0.0,0.0
2896,H,CYS,187,188,0,0.0,0.0
2897,HA,CYS,187,188,0,0.0,0.0
2898,HB2,CYS,187,188,0,0.0,0.0
2899,HB3,CYS,187,188,0,0.0,0.0
2900,N,LYS,188,189,0,0.0,0.0
2901,CA,LYS,188,189,0,0.0,0.0
2902,C,LYS,188,189,0,0.0,0.0
2903,CB,LYS,188,189,0,0.0,0.0
2904,O,LYS,188,189,0,0.0,0.0
2905,CG,LYS,188,189,0,0.0,0.0
2906,CD,LYS,188,189,0,0.0,0.0
2907,CE,LYS,188,189,0,0.0,0.0
2908,NZ,LYS,188,189,0,0.018226476,1.822647638618946
2909,H,LYS,188,189,0,0.0,0.0
2910,HA,LYS,188,189,0,0.0,0.0
2911,HB2,LYS,188,189,0,0.0,0.0
2912,HB3,LYS,188,189,0,0.0,0.0
2913,HG2,LYS,188,189,0,0.0,0.0
2914,HG3,LYS,188,189,0,0.0,0.0
2915,HD2,LYS,188,189,0,0.01415811,1.415811013430357
2916,HD3,LYS,188,189,0,0.009733701,0.9733701124787331
2917,HE2,LYS,188,189,0,0.0,0.0
2918,HE3,LYS,188,189,0,0.0061941734,0.6194173358380795
2919,HZ1,LYS,188,189,0,0.14866015,14.866015315055847
2920,HZ2,LYS,188,189,0,0.24511229,24.511228501796722
2921,HZ3,LYS,188,189,0,0.18405543,18.405543267726898
2922,N,VAL,189,190,0,0.0,0.0
2923,CA,VAL,189,190,0,0.0,0.0
2924,C,VAL,189,190,0,0.0,0.0
2925,CB,VAL,189,190,0,0.0,0.0
2926,O,VAL,189,190,0,0.0,0.0
2927,CG1,VAL,189,190,0,0.0,0.0
2928,CG2,VAL,189,190,0,0.0,0.0
2929,H,VAL,189,190,0,0.0,0.0
2930,HA,VAL,189,190,0,0.0,0.0
2931,HB,VAL,189,190,0,0.0,0.0
2932,HG11,VAL,189,190,0,0.0,0.0
2933,HG12,VAL,189,190,0,0.0,0.0
2934,HG13,VAL,189,190,0,0.0,0.0
2935,HG21,VAL,189,190,0,0.0,0.0
2936,HG22,VAL,189,190,0,0.0,0.0
2937,HG23,VAL,189,190,0,0.0,0.0
2938,N,GLU,190,191,0,0.0,0.0
2939,CA,GLU,190,191,0,0.0,0.0
2940,C,GLU,190,191,0,0.0,0.0
2941,CB,GLU,190,191,0,0.0,0.0
2942,O,GLU,190,191,0,0.0,0.0
2943,CG,GLU,190,191,0,0.0,0.0
2944,CD,GLU,190,191,0,0.0,0.0
2945,OE1,GLU,190,191,0,0.1752282,17.522819340229034
2946,OE2,GLU,190,191,0,0.06250177,6.250177323818207
2947,H,GLU,190,191,0,0.0,0.0
2948,HA,GLU,190,191,0,0.005309291,0.5309291183948517
2949,HB2,GLU,190,191,0,0.0,0.0
2950,HB3,GLU,190,191,0,0.011503465,1.1503464542329311
2951,HG2,GLU,190,191,0,0.0026546456,0.26546455919742584
2952,HG3,GLU,190,191,0,0.0,0.0
2953,N,HIS,191,192,0,0.0,0.0
2954,CA,HIS,191,192,0,0.0,0.0
2955,C,HIS,191,192,0,0.0,0.0
2956,CB,HIS,191,192,0,0.0,0.0
2957,O,HIS,191,192,0,0.011161031,1.116103120148182
2958,CG,HIS,191,192,0,0.0,0.0
2959,H,HIS,191,192,0,0.020352283,2.0352283492684364
2960,HA,HIS,191,192,0,0.0,0.0
2961,HB2,HIS,191,192,0,0.0,0.0
2962,HB3,HIS,191,192,0,0.0,0.0
2963,CD2,HIS,191,192,0,0.0,0.0
2964,ND1,HIS,191,192,0,0.0,0.0
2965,CE1,HIS,191,192,0,0.0,0.0
2966,NE2,HIS,191,192,0,0.0,0.0
2967,HD2,HIS,191,192,0,0.0,0.0
2968,HE1,HIS,191,192,0,0.0,0.0
2969,HE2,HIS,191,192,0,0.0,0.0
2970,N,TRP,192,193,0,0.0,0.0
2971,CA,TRP,192,193,0,0.0,0.0
2972,C,TRP,192,193,0,0.0,0.0
2973,CB,TRP,192,193,0,0.0,0.0
2974,O,TRP,192,193,0,0.15513834,15.513834357261658
2975,CG,TRP,192,193,0,0.0,0.0
2976,CD1,TRP,192,193,0,0.0,0.0
2977,CD2,TRP,192,193,0,0.0,0.0
2978,CE2,TRP,192,193,0,0.0,0.0
2979,CE3,TRP,192,193,0,0.0,0.0
2980,NE1,TRP,192,193,0,0.0,0.0
2981,CH2,TRP,192,193,0,0.0,0.0
2982,CZ2,TRP,192,193,0,0.0,0.0
2983,CZ3,TRP,192,193,0,0.0,0.0
2984,H,TRP,192,193,0,0.0,0.0
2985,HA,TRP,192,193,0,0.007079055,0.7079055067151785
2986,HB2,TRP,192,193,0,0.0,0.0
2987,HB3,TRP,192,193,0,0.0,0.0
2988,HD1,TRP,192,193,0,0.0,0.0
2989,HE1,TRP,192,193,0,0.010618582,1.0618582367897034
2990,HE3,TRP,192,193,0,0.0,0.0
2991,HZ2,TRP,192,193,0,0.0,0.0
2992,HZ3,TRP,192,193,0,0.0,0.0
2993,HH2,TRP,192,193,0,0.0,0.0
2994,N,GLY,193,194,0,0.0,0.0
2995,CA,GLY,193,194,0,0.0,0.0
2996,C,GLY,193,194,0,0.0050317845,0.5031784530729055
2997,O,GLY,193,194,0,0.120539136,12.053913623094559
2998,H,GLY,193,194,0,0.0,0.0
2999,HA2,GLY,193,194,0,0.04158945,4.158945009112358
3000,HA3,GLY,193,194,0,0.0,0.0
3001,N,LEU,194,195,0,0.0,0.0
3002,CA,LEU,194,195,0,0.0,0.0
3003,C,LEU,194,195,0,0.0025158923,0.25158922653645277
3004,CB,LEU,194,195,0,0.0,0.0
3005,O,LEU,194,195,0,0.034599196,3.4599196165800095
3006,CG,LEU,194,195,0,0.0,0.0
3007,CD1,LEU,194,195,0,0.0,0.0
3008,CD2,LEU,194,195,0,0.040254276,4.025427624583244
3009,H,LEU,194,195,0,0.0,0.0
3010,HA,LEU,194,195,0,0.005309291,0.5309291183948517
3011,HB2,LEU,194,195,0,0.0026546456,0.26546455919742584
3012,HB3,LEU,194,195,0,0.0,0.0
3013,HG,LEU,194,195,0,0.0,0.0
3014,HD11,LEU,194,195,0,0.0,0.0
3015,HD12,LEU,194,195,0,0.0,0.0
3016,HD13,LEU,194,195,0,0.0,0.0
3017,HD21,LEU,194,195,0,0.031855747,3.18557471036911
3018,HD22,LEU,194,195,0,0.0008848819,0.08848818833939731
3019,HD23,LEU,194,195,0,0.054862678,5.486267805099487
3020,N,ASP,195,196,0,0.0,0.0
3021,CA,ASP,195,196,0,0.0,0.0
3022,C,ASP,195,196,0,0.0,0.0
3023,CB,ASP,195,196,0,0.0163533,1.6353299841284752
3024,O,ASP,195,196,0,0.19866636,19.866636395454407
3025,CG,ASP,195,196,0,0.047801953,4.780195280909538
3026,OD1,ASP,195,196,0,0.38059118,38.05911839008331
3027,OD2,ASP,195,196,0,0.4944337,49.44337010383606
3028,H,ASP,195,196,0,0.07256032,7.256031781435013
3029,HA,ASP,195,196,0,0.02831622,2.831622026860714
3030,HB2,ASP,195,196,0,0.06548126,6.548126041889191
3031,HB3,ASP,195,196,0,0.16901244,16.90124422311783
3032,N,LYS,196,197,0,0.0,0.0
3033,CA,LYS,196,197,0,0.0,0.0
3034,C,LYS,196,197,0,0.0163533,1.6353299841284752
3035,CB,LYS,196,197,0,0.017611247,1.7611246556043625
3036,O,LYS,196,197,0,0.012277135,1.227713469415903
3037,CG,LYS,196,197,0,0.0075476766,0.754767656326294
3038,CD,LYS,196,197,0,0.011321515,1.132151484489441
3039,CE,LYS,196,197,0,0.033964545,3.3964544534683228
3040,NZ,LYS,196,197,0,0.019365631,1.936563104391098
3041,H,LYS,196,197,0,0.010618582,1.0618582367897034
3042,HA,LYS,196,197,0,0.016812757,1.6812756657600403
3043,HB2,LYS,196,197,0,0.048668504,4.86685037612915
3044,HB3,LYS,196,197,0,0.119459055,11.945905536413193
3045,HG2,LYS,196,197,0,0.025661575,2.566157467663288
3046,HG3,LYS,196,197,0,0.024776693,2.477669343352318
3047,HD2,LYS,196,197,0,0.1362718,13.627180457115173
3048,HD3,LYS,196,197,0,0.14954504,14.954504370689392
3049,HE2,LYS,196,197,0,0.17255197,17.25519746541977
3050,HE3,LYS,196,197,0,0.16370314,16.370314359664917
3051,HZ1,LYS,196,197,0,0.20706236,20.706236362457275
3052,HZ2,LYS,196,197,0,0.27962267,27.96226739883423
3053,HZ3,LYS,196,197,0,0.26723433,26.723432540893555
3054,N,PRO,197,198,0,0.0034174644,0.34174644388258457
3055,CA,PRO,197,198,0,0.0,0.0
3056,C,PRO,197,198,0,0.0,0.0
3057,CB,PRO,197,198,0,0.0,0.0
3058,O,PRO,197,198,0,0.06361788,6.361787766218185
3059,CG,PRO,197,198,0,0.013837407,1.383740734308958
3060,CD,PRO,197,198,0,0.04528606,4.528605937957764
3061,HA,PRO,197,198,0,0.0017697638,0.17697637667879462
3062,HB2,PRO,197,198,0,0.016812757,1.6812756657600403
3063,HB3,PRO,197,198,0,0.0,0.0
3064,HG2,PRO,197,198,0,0.09822189,9.822189062833786
3065,HG3,PRO,197,198,0,0.02300693,2.3006929084658623
3066,HD2,PRO,197,198,0,0.12476835,12.476834654808044
3067,HD3,PRO,197,198,0,0.13981134,13.981133699417114
3068,N,LEU,198,199,0,0.0,0.0
3069,CA,LEU,198,199,0,0.0,0.0
3070,C,LEU,198,199,0,0.0,0.0
3071,CB,LEU,198,199,0,0.0,0.0
3072,O,LEU,198,199,0,0.0,0.0
3073,CG,LEU,198,199,0,0.0,0.0
3074,CD1,LEU,198,199,0,0.08050855,8.050855249166489
3075,CD2,LEU,198,199,0,0.011321515,1.132151484489441
3076,H,LEU,198,199,0,0.0,0.0
3077,HA,LEU,198,199,0,0.01415811,1.415811013430357
3078,HB2,LEU,198,199,0,0.0008848819,0.08848818833939731
3079,HB3,LEU,198,199,0,0.0,0.0
3080,HG,LEU,198,199,0,0.0,0.0
3081,HD11,LEU,198,199,0,0.14689039,14.689038693904877
3082,HD12,LEU,198,199,0,0.17874613,17.874613404273987
3083,HD13,LEU,198,199,0,0.07079055,7.079055160284042
3084,HD21,LEU,198,199,0,0.0,0.0
3085,HD22,LEU,198,199,0,0.07963937,7.963936775922775
3086,HD23,LEU,198,199,0,0.031855747,3.18557471036911
3087,N,LEU,199,200,0,0.0,0.0
3088,CA,LEU,199,200,0,0.0,0.0
3089,C,LEU,199,200,0,0.0,0.0
3090,CB,LEU,199,200,0,0.008805623,0.8805623278021812
3091,O,LEU,199,200,0,0.20089857,20.089857280254364
3092,CG,LEU,199,200,0,0.0,0.0
3093,CD1,LEU,199,200,0,0.037738383,3.7738382816314697
3094,CD2,LEU,199,200,0,0.03899633,3.899633139371872
3095,H,LEU,199,200,0,0.04689874,4.68987412750721
3096,HA,LEU,199,200,0,0.0,0.0
3097,HB2,LEU,199,200,0,0.08937307,8.937306702136993
3098,HB3,LEU,199,200,0,0.024776693,2.477669343352318
3099,HG,LEU,199,200,0,0.0,0.0
3100,HD11,LEU,199,200,0,0.17520662,17.520661652088165
3101,HD12,LEU,199,200,0,0.081409134,8.140913397073746
3102,HD13,LEU,199,200,0,0.0,0.0
3103,HD21,LEU,199,200,0,0.0,0.0
3104,HD22,LEU,199,200,0,0.0681359,6.813590228557587
3105,HD23,LEU,199,200,0,0.18140079,18.140079081058502
3106,N,LYS,200,201,0,0.0,0.0
3107,CA,LYS,200,201,0,0.0,0.0
3108,C,LYS,200,201,0,0.0,0.0
3109,CB,LYS,200,201,0,0.0,0.0
3110,O,LYS,200,201,0,0.0,0.0
3111,CG,LYS,200,201,0,0.0,0.0
3112,CD,LYS,200,201,0,0.006289731,0.6289730779826641
3113,CE,LYS,200,201,0,0.013837407,1.383740734308958
3114,NZ,LYS,200,201,0,0.017087322,1.7087321728467941
3115,H,LYS,200,201,0,0.0,0.0
3116,HA,LYS,200,201,0,0.0,0.0
3117,HB2,LYS,200,201,0,0.0,0.0
3118,HB3,LYS,200,201,0,0.0,0.0
3119,HG2,LYS,200,201,0,0.0,0.0
3120,HG3,LYS,200,201,0,0.0,0.0
3121,HD2,LYS,200,201,0,0.03804992,3.804992139339447
3122,HD3,LYS,200,201,0,0.03628016,3.6280158907175064
3123,HE2,LYS,200,201,0,0.024776693,2.477669343352318
3124,HE3,LYS,200,201,0,0.0831789,8.317890018224716
3125,HZ1,LYS,200,201,0,0.20352283,20.352283120155334
3126,HZ2,LYS,200,201,0,0.109725356,10.972535610198975
3127,HZ3,LYS,200,201,0,0.22564489,22.564488649368286
3128,N,HIS,201,202,0,0.0,0.0
3129,CA,HIS,201,202,0,0.0,0.0
3130,C,HIS,201,202,0,0.0,0.0
3131,CB,HIS,201,202,0,0.021385085,2.1385084837675095
3132,O,HIS,201,202,0,0.13728069,13.728068768978119
3133,CG,HIS,201,202,0,0.031448655,3.144865483045578
3134,H,HIS,201,202,0,0.052208032,5.2208032459020615
3135,HA,HIS,201,202,0,0.0,0.0
3136,HB2,HIS,201,202,0,0.116804406,11.680440604686737
3137,HB3,HIS,201,202,0,0.12476835,12.476834654808044
3138,CD2,HIS,201,202,0,0.09183007,9.18300673365593
3139,ND1,HIS,201,202,0,0.031896334,3.1896334141492844
3140,CE1,HIS,201,202,0,0.08428239,8.428239077329636
3141,NE2,HIS,201,202,0,0.02392225,2.392224967479706
3142,HD1,HIS,201,202,0,0.019467402,1.9467402249574661
3143,HD2,HIS,201,202,0,0.17609149,17.60914921760559
3144,HE1,HIS,201,202,0,0.02389181,2.3891810327768326
3145,HE2,HIS,201,202,0,0.007963937,0.7963936775922775
3146,N,TRP,202,203,0,0.0,0.0
3147,CA,TRP,202,203,0,0.0,0.0
3148,C,TRP,202,203,0,0.0,0.0
3149,CB,TRP,202,203,0,0.0,0.0
3150,O,TRP,202,203,0,0.0,0.0
3151,CG,TRP,202,203,0,0.0,0.0
3152,CD1,TRP,202,203,0,0.0327066,3.2706599682569504
3153,CD2,TRP,202,203,0,0.0,0.0
3154,CE2,TRP,202,203,0,0.0,0.0
3155,CE3,TRP,202,203,0,0.0,0.0
3156,NE1,TRP,202,203,0,0.010252393,1.025239285081625
3157,CH2,TRP,202,203,0,0.0037738383,0.377383828163147
3158,CZ2,TRP,202,203,0,0.0012579461,0.12579461326822639
3159,CZ3,TRP,202,203,0,0.0,0.0
3160,H,TRP,202,203,0,0.0,0.0
3161,HA,TRP,202,203,0,0.02831622,2.831622026860714
3162,HB2,TRP,202,203,0,0.0,0.0
3163,HB3,TRP,202,203,0,0.0,0.0
3164,HD1,TRP,202,203,0,0.076984726,7.698472589254379
3165,HE1,TRP,202,203,0,0.12742299,12.74229884147644
3166,HE3,TRP,202,203,0,0.0,0.0
3167,HZ2,TRP,202,203,0,0.0017697638,0.17697637667879462
3168,HZ3,TRP,202,203,0,0.0,0.0
3169,HH2,TRP,202,203,0,0.0,0.0
3170,N,GLU,203,204,0,0.0,0.0
3171,CA,GLU,203,204,0,0.0,0.0
3172,C,GLU,203,204,0,0.0,0.0
3173,CB,GLU,203,204,0,0.0025158923,0.25158922653645277
3174,O,GLU,203,204,0,0.058037363,5.803736299276352
3175,CG,GLU,203,204,0,0.0,0.0
3176,CD,GLU,203,204,0,0.031448655,3.144865483045578
3177,OE1,GLU,203,204,0,0.22545284,22.545284032821655
3178,OE2,GLU,203,204,0,0.40626153,40.626153349876404
3179,H,GLU,203,204,0,0.06548126,6.548126041889191
3180,HA,GLU,203,204,0,0.0,0.0
3181,HB2,GLU,203,204,0,0.08937307,8.937306702136993
3182,HB3,GLU,203,204,0,0.039819684,3.9819683879613876
3183,HG2,GLU,203,204,0,0.0,0.0
3184,HG3,GLU,203,204,0,0.0,0.0
3185,N,PRO,204,205,0,0.0,0.0
3186,CA,PRO,204,205,0,0.0,0.0
3187,C,PRO,204,205,0,0.0,0.0
3188,CB,PRO,204,205,0,0.0025158923,0.25158922653645277
3189,O,PRO,204,205,0,0.1417451,14.174510538578033
3190,CG,PRO,204,205,0,0.0,0.0
3191,CD,PRO,204,205,0,0.0,0.0
3192,HA,PRO,204,205,0,0.0,0.0
3193,HB2,PRO,204,205,0,0.0,0.0
3194,HB3,PRO,204,205,0,0.0,0.0
3195,HG2,PRO,204,205,0,0.0,0.0
3196,HG3,PRO,204,205,0,0.0,0.0
3197,HD2,PRO,204,205,0,0.010618582,1.0618582367897034
3198,HD3,PRO,204,205,0,0.0,0.0
3199,N,GLU,205,206,0,0.0,0.0
3200,CA,GLU,205,206,0,0.0,0.0
3201,C,GLU,205,206,0,0.0,0.0
3202,CB,GLU,205,206,0,0.0075476766,0.754767656326294
3203,O,GLU,205,206,0,0.08035943,8.035942912101746
3204,CG,GLU,205,206,0,0.010063569,1.006356906145811
3205,CD,GLU,205,206,0,0.08428239,8.428239077329636
3206,OE1,GLU,205,206,0,0.47769216,47.76921570301056
3207,OE2,GLU,205,206,0,0.29911563,29.91156280040741
3208,H,GLU,205,206,0,0.04689874,4.68987412750721
3209,HA,GLU,205,206,0,0.04778362,4.778362065553665
3210,HB2,GLU,205,206,0,0.09556724,9.55672413110733
3211,HB3,GLU,205,206,0,0.10353118,10.353118181228638
3212,HG2,GLU,205,206,0,0.15573922,15.573921799659729
3213,HG3,GLU,205,206,0,0.052208032,5.2208032459020615
3214,N,ILE,206,207,0,0.0,0.0
3215,CA,ILE,206,207,0,0.0,0.0
3216,C,ILE,206,207,0,0.0,0.0
3217,CB,ILE,206,207,0,0.0,0.0
3218,O,ILE,206,207,0,0.17187989,17.187988758087158
3219,CG1,ILE,206,207,0,0.0,0.0
3220,CG2,ILE,206,207,0,0.07799266,7.799266278743744
3221,CD1,ILE,206,207,0,0.02264303,2.264302968978882
3222,H,ILE,206,207,0,0.063711494,6.37114942073822
3223,HA,ILE,206,207,0,0.01415811,1.415811013430357
3224,HB,ILE,206,207,0,0.078754485,7.87544846534729
3225,HG12,ILE,206,207,0,0.008848819,0.8848818950355053
3226,HG13,ILE,206,207,0,0.0,0.0
3227,HG21,ILE,206,207,0,0.1362718,13.627180457115173
3228,HG22,ILE,206,207,0,0.008848819,0.8848818950355053
3229,HG23,ILE,206,207,0,0.076984726,7.698472589254379
3230,HD11,ILE,206,207,0,0.06990567,6.990566849708557
3231,HD12,ILE,206,207,0,0.0,0.0
3232,HD13,ILE,206,207,0,0.17078221,17.0782208442688
3233,N,PRO,207,208,0,0.0011391548,0.11391547741368413
3234,CA,PRO,207,208,0,0.0012579461,0.12579461326822639
3235,C,PRO,207,208,0,0.0,0.0
3236,CB,PRO,207,208,0,0.010063569,1.006356906145811
3237,O,PRO,207,208,0,0.06919839,6.919839233160019
3238,CG,PRO,207,208,0,0.0327066,3.2706599682569504
3239,CD,PRO,207,208,0,0.006289731,0.6289730779826641
3240,HA,PRO,207,208,0,0.07256032,7.256031781435013
3241,HB2,PRO,207,208,0,0.096452124,9.645212441682816
3242,HB3,PRO,207,208,0,0.015042992,1.5042992308735847
3243,HG2,PRO,207,208,0,0.21679606,21.679605543613434
3244,HG3,PRO,207,208,0,0.14954504,14.954504370689392
3245,HD2,PRO,207,208,0,0.09822189,9.822189062833786
3246,HD3,PRO,207,208,0,0.015042992,1.5042992308735847
3247,N,ALA,208,209,0,0.0,0.0
3248,CA,ALA,208,209,0,0.0,0.0
3249,C,ALA,208,209,0,0.0,0.0
3250,CB,ALA,208,209,0,0.052833736,5.283373594284058
3251,O,ALA,208,209,0,0.015625443,1.5625443309545517
3252,H,ALA,208,209,0,0.054862678,5.486267805099487
3253,HA,ALA,208,209,0,0.053977795,5.397779494524002
3254,HB1,ALA,208,209,0,0.0,0.0
3255,HB2,ALA,208,209,0,0.13450205,13.450205326080322
3256,HB3,ALA,208,209,0,0.20617747,20.61774730682373
3257,N,PRO,209,210,0,0.0,0.0
3258,CA,PRO,209,210,0,0.0025158923,0.25158922653645277
3259,C,PRO,209,210,0,0.0,0.0
3260,CB,PRO,209,210,0,0.047801953,4.780195280909538
3261,O,PRO,209,210,0,0.0357153,3.571530058979988
3262,CG,PRO,209,210,0,0.04151222,4.151222109794617
3263,CD,PRO,209,210,0,0.015095353,1.509535312652588
3264,HA,PRO,209,210,0,0.104416065,10.441606491804123
3265,HB2,PRO,209,210,0,0.08848819,8.848819136619568
3266,HB3,PRO,209,210,0,0.21591118,21.59111797809601
3267,HG2,PRO,209,210,0,0.19467402,19.4674015045166
3268,HG3,PRO,209,210,0,0.21679606,21.679605543613434
3269,HD2,PRO,209,210,0,0.09379748,9.37974825501442
3270,HD3,PRO,209,210,0,0.09556724,9.55672413110733
3271,N,MET,210,211,0,0.0056957738,0.5695773754268885
3272,CA,MET,210,211,0,0.0012579461,0.12579461326822639
3273,C,MET,210,211,0,0.0025158923,0.25158922653645277
3274,CB,MET,210,211,0,0.0037738383,0.377383828163147
3275,O,MET,210,211,0,0.044644125,4.464412480592728
3276,CG,MET,210,211,0,0.0,0.0
3277,SD,MET,210,211,0,0.11661592,11.66159212589264
3278,CE,MET,210,211,0,0.008805623,0.8805623278021812
3279,H,MET,210,211,0,0.07786961,7.7869608998298645
3280,HA,MET,210,211,0,0.007079055,0.7079055067151785
3281,HB2,MET,210,211,0,0.06105685,6.105684861540794
3282,HB3,MET,210,211,0,0.06282661,6.282661110162735
3283,HG2,MET,210,211,0,0.0,0.0
3284,HG3,MET,210,211,0,0.08760331,8.760330826044083
3285,HE1,MET,210,211,0,0.0044244095,0.44244094751775265
3286,HE2,MET,210,211,0,0.009733701,0.9733701124787331
3287,HE3,MET,210,211,0,0.005309291,0.5309291183948517
3288,N,SER,211,212,0,0.0034174644,0.34174644388258457
3289,CA,SER,211,212,0,0.0,0.0
3290,C,SER,211,212,0,0.0,0.0
3291,CB,SER,211,212,0,0.030190706,3.019070625305176
3292,O,SER,211,212,0,0.12500355,12.500354647636414
3293,OG,SER,211,212,0,0.050224643,5.022464320063591
3294,H,SER,211,212,0,0.04778362,4.778362065553665
3295,HA,SER,211,212,0,0.07521496,7.521495968103409
3296,HB2,SER,211,212,0,0.14335087,14.335086941719055
3297,HB3,SER,211,212,0,0.14512064,14.512063562870026
3298,HG,SER,211,212,0,0.20086819,20.08681893348694
3299,N,GLU,212,213,0,0.0,0.0
3300,CA,GLU,212,213,0,0.0,0.0
3301,C,GLU,212,213,0,0.010063569,1.006356906145811
3302,CB,GLU,212,213,0,0.0,0.0
3303,O,GLU,212,213,0,0.0,0.0
3304,CG,GLU,212,213,0,0.0012579461,0.12579461326822639
3305,CD,GLU,212,213,0,0.03899633,3.899633139371872
3306,OE1,GLU,212,213,0,0.14732562,14.732562005519867
3307,OE2,GLU,212,213,0,0.012277135,1.227713469415903
3308,H,GLU,212,213,0,0.063711494,6.37114942073822
3309,HA,GLU,212,213,0,0.0,0.0
3310,HB2,GLU,212,213,0,0.078754485,7.87544846534729
3311,HB3,GLU,212,213,0,0.0,0.0
3312,HG2,GLU,212,213,0,0.013273228,1.3273227959871292
3313,HG3,GLU,212,213,0,0.020352283,2.0352283492684364
3314,N,LEU,213,214,0,0.007974084,0.7974083535373211
3315,CA,LEU,213,214,0,0.0012579461,0.12579461326822639
3316,C,LEU,213,214,0,0.0,0.0
3317,CB,LEU,213,214,0,0.0,0.0
3318,O,LEU,213,214,0,0.0,0.0
3319,CG,LEU,213,214,0,0.0,0.0
3320,CD1,LEU,213,214,0,0.095603906,9.560390561819077
3321,CD2,LEU,213,214,0,0.08931418,8.931417763233185
3322,H,LEU,213,214,0,0.0,0.0
3323,HA,LEU,213,214,0,0.020352283,2.0352283492684364
3324,HB2,LEU,213,214,0,0.019467402,1.9467402249574661
3325,HB3,LEU,213,214,0,0.0061941734,0.6194173358380795
3326,HG,LEU,213,214,0,0.0008848819,0.08848818833939731
3327,HD11,LEU,213,214,0,0.17963102,17.96310245990753
3328,HD12,LEU,213,214,0,0.20175306,20.175306499004364
3329,HD13,LEU,213,214,0,0.12299858,12.299858033657074
3330,HD21,LEU,213,214,0,0.17343685,17.343685030937195
3331,HD22,LEU,213,214,0,0.19909842,19.909842312335968
3332,HD23,LEU,213,214,0,0.17255197,17.25519746541977
3333,N,THR,214,215,0,0.0,0.0
3334,CA,THR,214,215,0,0.0,0.0
3335,C,THR,214,215,0,0.0,0.0
3336,CB,THR,214,215,0,0.0025158923,0.25158922653645277
3337,O,THR,214,215,0,0.0,0.0
3338,CG2,THR,214,215,0,0.098119795,9.811979532241821
3339,OG1,THR,214,215,0,0.24219438,24.219438433647156
3340,H,THR,214,215,0,0.0,0.0
3341,HA,THR,214,215,0,0.03804992,3.804992139339447
3342,HB,THR,214,215,0,0.039819684,3.9819683879613876
3343,HG21,THR,214,215,0,0.2442274,24.422739446163177
3344,HG22,THR,214,215,0,0.029201102,2.9201101511716843
3345,HG23,THR,214,215,0,0.20617747,20.61774730682373
3346,HG1,THR,214,215,0,0.06636614,6.636614352464676
3347,N,GLU,215,216,0,0.0,0.0
3348,CA,GLU,215,216,0,0.0,0.0
3349,C,GLU,215,216,0,0.0,0.0
3350,CB,GLU,215,216,0,0.0,0.0
3351,O,GLU,215,216,0,0.0,0.0
3352,CG,GLU,215,216,0,0.006289731,0.6289730779826641
3353,CD,GLU,215,216,0,0.0012579461,0.12579461326822639
3354,OE1,GLU,215,216,0,0.18750533,18.75053346157074
3355,OE2,GLU,215,216,0,0.0,0.0
3356,H,GLU,215,216,0,0.0,0.0
3357,HA,GLU,215,216,0,0.0026546456,0.26546455919742584
3358,HB2,GLU,215,216,0,0.0,0.0
3359,HB3,GLU,215,216,0,0.0,0.0
3360,HG2,GLU,215,216,0,0.0044244095,0.44244094751775265
3361,HG3,GLU,215,216,0,0.029201102,2.9201101511716843
3362,N,THR,216,217,0,0.0,0.0
3363,CA,THR,216,217,0,0.0,0.0
3364,C,THR,216,217,0,0.0,0.0
3365,CB,THR,216,217,0,0.0,0.0
3366,O,THR,216,217,0,0.0011161031,0.11161031434312463
3367,CG2,THR,216,217,0,0.099377744,9.937774389982224
3368,OG1,THR,216,217,0,0.058037363,5.803736299276352
3369,H,THR,216,217,0,0.0,0.0
3370,HA,THR,216,217,0,0.0,0.0
3371,HB,THR,216,217,0,0.0035395275,0.35395275335758924
3372,HG21,THR,216,217,0,0.13096252,13.096252083778381
3373,HG22,THR,216,217,0,0.22741464,22.741463780403137
3374,HG23,THR,216,217,0,0.07521496,7.521495968103409
3375,HG1,THR,216,217,0,0.0,0.0
3376,N,VAL,217,218,0,0.0,0.0
3377,CA,VAL,217,218,0,0.0,0.0
3378,C,VAL,217,218,0,0.0,0.0
3379,CB,VAL,217,218,0,0.0012579461,0.12579461326822639
3380,O,VAL,217,218,0,0.0,0.0
3381,CG1,VAL,217,218,0,0.040254276,4.025427624583244
3382,CG2,VAL,217,218,0,0.052833736,5.283373594284058
3383,H,VAL,217,218,0,0.0,0.0
3384,HA,VAL,217,218,0,0.035395276,3.539527580142021
3385,HB,VAL,217,218,0,0.010618582,1.0618582367897034
3386,HG11,VAL,217,218,0,0.13981134,13.981133699417114
3387,HG12,VAL,217,218,0,0.11503465,11.503464728593826
3388,HG13,VAL,217,218,0,0.0026546456,0.26546455919742584
3389,HG21,VAL,217,218,0,0.17255197,17.25519746541977
3390,HG22,VAL,217,218,0,0.06459638,6.4596377313137054
3391,HG23,VAL,217,218,0,0.058402203,5.8402203023433685
3392,N,VAL,218,219,0,0.0,0.0
3393,CA,VAL,218,219,0,0.0,0.0
3394,C,VAL,218,219,0,0.0,0.0
3395,CB,VAL,218,219,0,0.0,0.0
3396,O,VAL,218,219,0,0.0044644126,0.4464412573724985
3397,CG1,VAL,218,219,0,0.0025158923,0.25158922653645277
3398,CG2,VAL,218,219,0,0.060381413,6.038141250610352
3399,H,VAL,218,219,0,0.0,0.0
3400,HA,VAL,218,219,0,0.025661575,2.566157467663288
3401,HB,VAL,218,219,0,0.0,0.0
3402,HG11,VAL,218,219,0,0.0,0.0
3403,HG12,VAL,218,219,0,0.11768929,11.768928915262222
3404,HG13,VAL,218,219,0,0.020352283,2.0352283492684364
3405,HG21,VAL,218,219,0,0.15750897,15.75089693069458
3406,HG22,VAL,218,219,0,0.1026463,10.264629870653152
3407,HG23,VAL,218,219,0,0.01415811,1.415811013430357
3408,N,CYS,219,220,0,0.0,0.0
3409,CA,CYS,219,220,0,0.0,0.0
3410,C,CYS,219,220,0,0.0,0.0
3411,CB,CYS,219,220,0,0.0,0.0
3412,O,CYS,219,220,0,0.0,0.0
3413,SG,CYS,219,220,0,0.17559409,17.559409141540527
3414,H,CYS,219,220,0,0.0,0.0
3415,HA,CYS,219,220,0,0.0,0.0
3416,HB2,CYS,219,220,0,0.0,0.0
3417,HB3,CYS,219,220,0,0.010618582,1.0618582367897034
3418,HG,CYS,219,220,0,0.04247433,4.2474329471588135
3419,N,ALA,220,221,0,0.0,0.0
3420,CA,ALA,220,221,0,0.0012579461,0.12579461326822639
3421,C,ALA,220,221,0,0.0075476766,0.754767656326294
3422,CB,ALA,220,221,0,0.08302444,8.302444219589233
3423,O,ALA,220,221,0,0.033483095,3.3483095467090607
3424,H,ALA,220,221,0,0.0,0.0
3425,HA,ALA,220,221,0,0.0831789,8.317890018224716
3426,HB1,ALA,220,221,0,0.040704567,4.070456698536873
3427,HB2,ALA,220,221,0,0.21856582,21.856582164764404
3428,HB3,ALA,220,221,0,0.111495115,11.149511486291885
3429,N,LEU,221,222,0,0.0,0.0
3430,CA,LEU,221,222,0,0.0,0.0
3431,C,LEU,221,222,0,0.0037738383,0.377383828163147
3432,CB,LEU,221,222,0,0.010063569,1.006356906145811
3433,O,LEU,221,222,0,0.0,0.0
3434,CG,LEU,221,222,0,0.0,0.0
3435,CD1,LEU,221,222,0,0.07170293,7.1702927350997925
3436,CD2,LEU,221,222,0,0.09434596,9.434595704078674
3437,H,LEU,221,222,0,0.0,0.0
3438,HA,LEU,221,222,0,0.0,0.0
3439,HB2,LEU,221,222,0,0.02389181,2.3891810327768326
3440,HB3,LEU,221,222,0,0.06017197,6.017196923494339
3441,HG,LEU,221,222,0,0.02831622,2.831622026860714
3442,HD11,LEU,221,222,0,0.18140079,18.140079081058502
3443,HD12,LEU,221,222,0,0.1318474,13.184739649295807
3444,HD13,LEU,221,222,0,0.04601386,4.6013858169317245
3445,HD21,LEU,221,222,0,0.0929126,9.291259944438934
3446,HD22,LEU,221,222,0,0.20706236,20.706236362457275
3447,HD23,LEU,221,222,0,0.14069621,14.06962126493454
3448,N,GLY,222,223,0,0.006834929,0.6834928877651691
3449,CA,GLY,222,223,0,0.015095353,1.509535312652588
3450,C,GLY,222,223,0,0.0,0.0
3451,O,GLY,222,223,0,0.0,0.0
3452,H,GLY,222,223,0,0.0,0.0
3453,HA2,GLY,222,223,0,0.04247433,4.2474329471588135
3454,HA3,GLY,222,223,0,0.007963937,0.7963936775922775
3455,N,LEU,223,224,0,0.0,0.0
3456,CA,LEU,223,224,0,0.0,0.0
3457,C,LEU,223,224,0,0.0025158923,0.25158922653645277
3458,CB,LEU,223,224,0,0.011321515,1.132151484489441
3459,O,LEU,223,224,0,0.013393238,1.3393238186836243
3460,CG,LEU,223,224,0,0.0,0.0
3461,CD1,LEU,223,224,0,0.075476766,7.5476765632629395
3462,CD2,LEU,223,224,0,0.056607574,5.660757422447205
3463,H,LEU,223,224,0,0.0,0.0
3464,HA,LEU,223,224,0,0.0035395275,0.35395275335758924
3465,HB2,LEU,223,224,0,0.019467402,1.9467402249574661
3466,HB3,LEU,223,224,0,0.057517324,5.751732364296913
3467,HG,LEU,223,224,0,0.0,0.0
3468,HD11,LEU,223,224,0,0.18228567,18.228566646575928
3469,HD12,LEU,223,224,0,0.055747557,5.574755743145943
3470,HD13,LEU,223,224,0,0.048668504,4.86685037612915
3471,HD21,LEU,223,224,0,0.007963937,0.7963936775922775
3472,HD22,LEU,223,224,0,0.055747557,5.574755743145943
3473,HD23,LEU,223,224,0,0.15485433,15.485432744026184
3474,N,SER,224,225,0,0.0056957738,0.5695773754268885
3475,CA,SER,224,225,0,0.0,0.0
3476,C,SER,224,225,0,0.0037738383,0.377383828163147
3477,CB,SER,224,225,0,0.054091685,5.40916845202446
3478,O,SER,224,225,0,0.008928825,0.892882514744997
3479,OG,SER,224,225,0,0.077011116,7.70111158490181
3480,H,SER,224,225,0,0.0,0.0
3481,HA,SER,224,225,0,0.07521496,7.521495968103409
3482,HB2,SER,224,225,0,0.18847984,18.847984075546265
3483,HB3,SER,224,225,0,0.13892646,13.892646133899689
3484,HG,SER,224,225,0,0.0,0.0
3485,N,VAL,225,226,0,0.0,0.0
3486,CA,VAL,225,226,0,0.0,0.0
3487,C,VAL,225,226,0,0.0,0.0
3488,CB,VAL,225,226,0,0.0,0.0
3489,O,VAL,225,226,0,0.022322062,2.232206240296364
3490,CG1,VAL,225,226,0,0.06667115,6.667114794254303
3491,CG2,VAL,225,226,0,0.05157579,5.157579109072685
3492,H,VAL,225,226,0,0.0,0.0
3493,HA,VAL,225,226,0,0.026546456,2.6546455919742584
3494,HB,VAL,225,226,0,0.0,0.0
3495,HG11,VAL,225,226,0,0.1221137,12.211369723081589
3496,HG12,VAL,225,226,0,0.008848819,0.8848818950355053
3497,HG13,VAL,225,226,0,0.086718425,8.671842515468597
3498,HG21,VAL,225,226,0,0.18405543,18.405543267726898
3499,HG22,VAL,225,226,0,0.0035395275,0.35395275335758924
3500,HG23,VAL,225,226,0,0.12742299,12.74229884147644
3501,N,GLY,226,227,0,0.0,0.0
3502,CA,GLY,226,227,0,0.0,0.0
3503,C,GLY,226,227,0,0.0050317845,0.5031784530729055
3504,O,GLY,226,227,0,0.0,0.0
3505,H,GLY,226,227,0,0.0,0.0
3506,HA2,GLY,226,227,0,0.0017697638,0.17697637667879462
3507,HA3,GLY,226,227,0,0.008848819,0.8848818950355053
3508,N,LEU,227,228,0,0.006834929,0.6834928877651691
3509,CA,LEU,227,228,0,0.0,0.0
3510,C,LEU,227,228,0,0.0,0.0
3511,CB,LEU,227,228,0,0.0,0.0
3512,O,LEU,227,228,0,0.0,0.0
3513,CG,LEU,227,228,0,0.0,0.0
3514,CD1,LEU,227,228,0,0.09057212,9.057211875915527
3515,CD2,LEU,227,228,0,0.10063569,10.063569247722626
3516,H,LEU,227,228,0,0.0,0.0
3517,HA,LEU,227,228,0,0.0,0.0
3518,HB2,LEU,227,228,0,0.0,0.0
3519,HB3,LEU,227,228,0,0.03274063,3.2740630209445953
3520,HG,LEU,227,228,0,0.07786961,7.7869608998298645
3521,HD11,LEU,227,228,0,0.14600551,14.600551128387451
3522,HD12,LEU,227,228,0,0.2052926,20.529259741306305
3523,HD13,LEU,227,228,0,0.076984726,7.698472589254379
3524,HD21,LEU,227,228,0,0.008848819,0.8848818950355053
3525,HD22,LEU,227,228,0,0.20617747,20.61774730682373
3526,HD23,LEU,227,228,0,0.1805159,18.051590025424957
3527,N,VAL,228,229,0,0.0,0.0
3528,CA,VAL,228,229,0,0.0,0.0
3529,C,VAL,228,229,0,0.0,0.0
3530,CB,VAL,228,229,0,0.0,0.0
3531,O,VAL,228,229,0,0.0,0.0
3532,CG1,VAL,228,229,0,0.050317846,5.031784623861313
3533,CG2,VAL,228,229,0,0.11195721,11.195720732212067
3534,H,VAL,228,229,0,0.0,0.0
3535,HA,VAL,228,229,0,0.02831622,2.831622026860714
3536,HB,VAL,228,229,0,0.0017697638,0.17697637667879462
3537,HG11,VAL,228,229,0,0.21945071,21.94507122039795
3538,HG12,VAL,228,229,0,0.0,0.0
3539,HG13,VAL,228,229,0,0.16458803,16.458803415298462
3540,HG21,VAL,228,229,0,0.12565322,12.56532222032547
3541,HG22,VAL,228,229,0,0.052208032,5.2208032459020615
3542,HG23,VAL,228,229,0,0.16989732,16.989731788635254
3543,N,GLY,229,230,0,0.0034174644,0.34174644388258457
3544,CA,GLY,229,230,0,0.013837407,1.383740734308958
3545,C,GLY,229,230,0,0.0,0.0
3546,O,GLY,229,230,0,0.0,0.0
3547,H,GLY,229,230,0,0.0,0.0
3548,HA2,GLY,229,230,0,0.016812757,1.6812756657600403
3549,HA3,GLY,229,230,0,0.019467402,1.9467402249574661
3550,N,ILE,230,231,0,0.0,0.0
3551,CA,ILE,230,231,0,0.0,0.0
3552,C,ILE,230,231,0,0.0,0.0
3553,CB,ILE,230,231,0,0.0,0.0
3554,O,ILE,230,231,0,0.0,0.0
3555,CG1,ILE,230,231,0,0.0,0.0
3556,CG2,ILE,230,231,0,0.06918704,6.918703764677048
3557,CD1,ILE,230,231,0,0.05157579,5.157579109072685
3558,H,ILE,230,231,0,0.0,0.0
3559,HA,ILE,230,231,0,0.0,0.0
3560,HB,ILE,230,231,0,0.0026546456,0.26546455919742584
3561,HG12,ILE,230,231,0,0.0,0.0
3562,HG13,ILE,230,231,0,0.0,0.0
3563,HG21,ILE,230,231,0,0.14335087,14.335086941719055
3564,HG22,ILE,230,231,0,0.049553387,4.955338686704636
3565,HG23,ILE,230,231,0,0.005309291,0.5309291183948517
3566,HD11,ILE,230,231,0,0.09822189,9.822189062833786
3567,HD12,ILE,230,231,0,0.0044244095,0.44244094751775265
3568,HD13,ILE,230,231,0,0.044244096,4.424409568309784
3569,N,VAL,231,232,0,0.0,0.0
3570,CA,VAL,231,232,0,0.0,0.0
3571,C,VAL,231,232,0,0.0,0.0
3572,CB,VAL,231,232,0,0.0,0.0
3573,O,VAL,231,232,0,0.0,0.0
3574,CG1,VAL,231,232,0,0.08554034,8.554033935070038
3575,CG2,VAL,231,232,0,0.033964545,3.3964544534683228
3576,H,VAL,231,232,0,0.0,0.0
3577,HA,VAL,231,232,0,0.031855747,3.18557471036911
3578,HB,VAL,231,232,0,0.007963937,0.7963936775922775
3579,HG11,VAL,231,232,0,0.04778362,4.778362065553665
3580,HG12,VAL,231,232,0,0.17697638,17.697638273239136
3581,HG13,VAL,231,232,0,0.11857417,11.857417225837708
3582,HG21,VAL,231,232,0,0.17609149,17.60914921760559
3583,HG22,VAL,231,232,0,0.012388347,1.238834671676159
3584,HG23,VAL,231,232,0,0.13981134,13.981133699417114
3585,N,VAL,232,233,0,0.0,0.0
3586,CA,VAL,232,233,0,0.0,0.0
3587,C,VAL,232,233,0,0.0,0.0
3588,CB,VAL,232,233,0,0.0,0.0
3589,O,VAL,232,233,0,0.0,0.0
3590,CG1,VAL,232,233,0,0.010063569,1.006356906145811
3591,CG2,VAL,232,233,0,0.056607574,5.660757422447205
3592,H,VAL,232,233,0,0.0,0.0
3593,HA,VAL,232,233,0,0.011503465,1.1503464542329311
3594,HB,VAL,232,233,0,0.0,0.0
3595,HG11,VAL,232,233,0,0.12830788,12.830787897109985
3596,HG12,VAL,232,233,0,0.0,0.0
3597,HG13,VAL,232,233,0,0.058402203,5.8402203023433685
3598,HG21,VAL,232,233,0,0.0026546456,0.26546455919742584
3599,HG22,VAL,232,233,0,0.14689039,14.689038693904877
3600,HG23,VAL,232,233,0,0.12476835,12.476834654808044
3601,N,GLY,233,234,0,0.0,0.0
3602,CA,GLY,233,234,0,0.0,0.0
3603,C,GLY,233,234,0,0.0,0.0
3604,O,GLY,233,234,0,0.0,0.0
3605,H,GLY,233,234,0,0.0,0.0
3606,HA2,GLY,233,234,0,0.0,0.0
3607,HA3,GLY,233,234,0,0.0,0.0
3608,N,THR,234,235,0,0.0,0.0
3609,CA,THR,234,235,0,0.0,0.0
3610,C,THR,234,235,0,0.0,0.0
3611,CB,THR,234,235,0,0.0012579461,0.12579461326822639
3612,O,THR,234,235,0,0.0,0.0
3613,CG2,THR,234,235,0,0.049059898,4.905989766120911
3614,OG1,THR,234,235,0,0.050224643,5.022464320063591
3615,H,THR,234,235,0,0.0,0.0
3616,HA,THR,234,235,0,0.0,0.0
3617,HB,THR,234,235,0,0.029201102,2.9201101511716843
3618,HG21,THR,234,235,0,0.013273228,1.3273227959871292
3619,HG22,THR,234,235,0,0.12565322,12.56532222032547
3620,HG23,THR,234,235,0,0.22829953,22.829952836036682
3621,HG1,THR,234,235,0,0.0,0.0
3622,N,VAL,235,236,0,0.0,0.0
3623,CA,VAL,235,236,0,0.0,0.0
3624,C,VAL,235,236,0,0.0,0.0
3625,CB,VAL,235,236,0,0.0012579461,0.12579461326822639
3626,O,VAL,235,236,0,0.0,0.0
3627,CG1,VAL,235,236,0,0.026416868,2.641686797142029
3628,CG2,VAL,235,236,0,0.057865523,5.786552280187607
3629,H,VAL,235,236,0,0.0,0.0
3630,HA,VAL,235,236,0,0.005309291,0.5309291183948517
3631,HB,VAL,235,236,0,0.005309291,0.5309291183948517
3632,HG11,VAL,235,236,0,0.030970866,3.09708658605814
3633,HG12,VAL,235,236,0,0.111495115,11.149511486291885
3634,HG13,VAL,235,236,0,0.040704567,4.070456698536873
3635,HG21,VAL,235,236,0,0.044244096,4.424409568309784
3636,HG22,VAL,235,236,0,0.116804406,11.680440604686737
3637,HG23,VAL,235,236,0,0.17432173,17.43217259645462
3638,N,PHE,236,237,0,0.0,0.0
3639,CA,PHE,236,237,0,0.0,0.0
3640,C,PHE,236,237,0,0.0,0.0
3641,CB,PHE,236,237,0,0.0,0.0
3642,O,PHE,236,237,0,0.0,0.0
3643,CG,PHE,236,237,0,0.0,0.0
3644,CD1,PHE,236,237,0,0.0,0.0
3645,CD2,PHE,236,237,0,0.0,0.0
3646,CE1,PHE,236,237,0,0.044028115,4.402811452746391
3647,CE2,PHE,236,237,0,0.0,0.0
3648,CZ,PHE,236,237,0,0.06667115,6.667114794254303
3649,H,PHE,236,237,0,0.0,0.0
3650,HA,PHE,236,237,0,0.0,0.0
3651,HB2,PHE,236,237,0,0.0,0.0
3652,HB3,PHE,236,237,0,0.0,0.0
3653,HD1,PHE,236,237,0,0.0,0.0
3654,HD2,PHE,236,237,0,0.0,0.0
3655,HE1,PHE,236,237,0,0.119459055,11.945905536413193
3656,HE2,PHE,236,237,0,0.03804992,3.804992139339447
3657,HZ,PHE,236,237,0,0.25130644,25.13064444065094
3658,N,ILE,237,238,0,0.0,0.0
3659,CA,ILE,237,238,0,0.0,0.0
3660,C,ILE,237,238,0,0.0,0.0
3661,CB,ILE,237,238,0,0.0,0.0
3662,O,ILE,237,238,0,0.0,0.0
3663,CG1,ILE,237,238,0,0.0,0.0
3664,CG2,ILE,237,238,0,0.020127138,2.012713812291622
3665,CD1,ILE,237,238,0,0.0163533,1.6353299841284752
3666,H,ILE,237,238,0,0.0,0.0
3667,HA,ILE,237,238,0,0.0,0.0
3668,HB,ILE,237,238,0,0.0,0.0
3669,HG12,ILE,237,238,0,0.0,0.0
3670,HG13,ILE,237,238,0,0.0,0.0
3671,HG21,ILE,237,238,0,0.1362718,13.627180457115173
3672,HG22,ILE,237,238,0,0.015927874,1.592787355184555
3673,HG23,ILE,237,238,0,0.0035395275,0.35395275335758924
3674,HD11,ILE,237,238,0,0.13273229,13.273228704929352
3675,HD12,ILE,237,238,0,0.0035395275,0.35395275335758924
3676,HD13,ILE,237,238,0,0.0026546456,0.26546455919742584
3677,N,ILE,238,239,0,0.0,0.0
3678,CA,ILE,238,239,0,0.0,0.0
3679,C,ILE,238,239,0,0.0,0.0
3680,CB,ILE,238,239,0,0.0,0.0
3681,O,ILE,238,239,0,0.0,0.0
3682,CG1,ILE,238,239,0,0.013837407,1.383740734308958
3683,CG2,ILE,238,239,0,0.015095353,1.509535312652588
3684,CD1,ILE,238,239,0,0.08805623,8.805622905492783
3685,H,ILE,238,239,0,0.0,0.0
3686,HA,ILE,238,239,0,0.008848819,0.8848818950355053
3687,HB,ILE,238,239,0,0.009733701,0.9733701124787331
3688,HG12,ILE,238,239,0,0.14512064,14.512063562870026
3689,HG13,ILE,238,239,0,0.008848819,0.8848818950355053
3690,HG21,ILE,238,239,0,0.08494866,8.494865894317627
3691,HG22,ILE,238,239,0,0.016812757,1.6812756657600403
3692,HG23,ILE,238,239,0,0.07344519,7.344519346952438
3693,HD11,ILE,238,239,0,0.14600551,14.600551128387451
3694,HD12,ILE,238,239,0,0.14777528,14.777527749538422
3695,HD13,ILE,238,239,0,0.06017197,6.017196923494339
3696,N,ARG,239,240,0,0.0,0.0
3697,CA,ARG,239,240,0,0.0,0.0
3698,C,ARG,239,240,0,0.0,0.0
3699,CB,ARG,239,240,0,0.0,0.0
3700,O,ARG,239,240,0,0.05245685,5.245684832334518
3701,CG,ARG,239,240,0,0.0037738383,0.377383828163147
3702,CD,ARG,239,240,0,0.0025158923,0.25158922653645277
3703,NE,ARG,239,240,0,0.025061404,2.5061404332518578
3704,NH1,ARG,239,240,0,0.08999322,8.999322354793549
3705,NH2,ARG,239,240,0,0.09796731,9.796731173992157
3706,CZ,ARG,239,240,0,0.05157579,5.157579109072685
3707,H,ARG,239,240,0,0.0,0.0
3708,HA,ARG,239,240,0,0.020352283,2.0352283492684364
3709,HB2,ARG,239,240,0,0.0,0.0
3710,HB3,ARG,239,240,0,0.030970866,3.09708658605814
3711,HG2,ARG,239,240,0,0.1415811,14.158110320568085
3712,HG3,ARG,239,240,0,0.020352283,2.0352283492684364
3713,HD2,ARG,239,240,0,0.0,0.0
3714,HD3,ARG,239,240,0,0.0831789,8.317890018224716
3715,HE,ARG,239,240,0,0.12122882,12.122882157564163
3716,HH11,ARG,239,240,0,0.069020785,6.902078539133072
3717,HH12,ARG,239,240,0,0.25661576,25.66157579421997
3718,HH21,ARG,239,240,0,0.24688205,24.688205122947693
3719,HH22,ARG,239,240,0,0.25661576,25.66157579421997
3720,N,GLY,240,241,0,0.0,0.0
3721,CA,GLY,240,241,0,0.0,0.0
3722,C,GLY,240,241,0,0.0,0.0
3723,O,GLY,240,241,0,0.0033483095,0.33483095467090607
3724,H,GLY,240,241,0,0.0,0.0
3725,HA2,GLY,240,241,0,0.0008848819,0.08848818833939731
3726,HA3,GLY,240,241,0,0.0,0.0
3727,N,LEU,241,242,0,0.0,0.0
3728,CA,LEU,241,242,0,0.0,0.0
3729,C,LEU,241,242,0,0.0075476766,0.754767656326294
3730,CB,LEU,241,242,0,0.0075476766,0.754767656326294
3731,O,LEU,241,242,0,0.1049137,10.491369664669037
3732,CG,LEU,241,242,0,0.0,0.0
3733,CD1,LEU,241,242,0,0.076734714,7.673471421003342
3734,CD2,LEU,241,242,0,0.09057212,9.057211875915527
3735,H,LEU,241,242,0,0.0,0.0
3736,HA,LEU,241,242,0,0.0,0.0
3737,HB2,LEU,241,242,0,0.016812757,1.6812756657600403
3738,HB3,LEU,241,242,0,0.09556724,9.55672413110733
3739,HG,LEU,241,242,0,0.0,0.0
3740,HD11,LEU,241,242,0,0.18847984,18.847984075546265
3741,HD12,LEU,241,242,0,0.111495115,11.149511486291885
3742,HD13,LEU,241,242,0,0.033625513,3.3625513315200806
3743,HD21,LEU,241,242,0,0.09025795,9.025795012712479
3744,HD22,LEU,241,242,0,0.15573922,15.573921799659729
3745,HD23,LEU,241,242,0,0.17609149,17.60914921760559
3746,N,ARG,242,243,0,0.0,0.0
3747,CA,ARG,242,243,0,0.0,0.0
3748,C,ARG,242,243,0,0.0025158923,0.25158922653645277
3749,CB,ARG,242,243,0,0.012579462,1.2579461559653282
3750,O,ARG,242,243,0,0.090404354,9.040435403585434
3751,CG,ARG,242,243,0,0.0075476766,0.754767656326294
3752,CD,ARG,242,243,0,0.006289731,0.6289730779826641
3753,NE,ARG,242,243,0,0.02392225,2.392224967479706
3754,NH1,ARG,242,243,0,0.112776324,11.277632415294647
3755,NH2,ARG,242,243,0,0.10708055,10.708054900169373
3756,CZ,ARG,242,243,0,0.046544008,4.654400795698166
3757,H,ARG,242,243,0,0.0,0.0
3758,HA,ARG,242,243,0,0.07344519,7.344519346952438
3759,HB2,ARG,242,243,0,0.02300693,2.3006929084658623
3760,HB3,ARG,242,243,0,0.114149764,11.414976418018341
3761,HG2,ARG,242,243,0,0.14689039,14.689038693904877
3762,HG3,ARG,242,243,0,0.038934804,3.8934804499149323
3763,HD2,ARG,242,243,0,0.034510393,3.451039269566536
3764,HD3,ARG,242,243,0,0.1371567,13.715669512748718
3765,HE,ARG,242,243,0,0.116804406,11.680440604686737
3766,HH11,ARG,242,243,0,0.16812755,16.812755167484283
3767,HH12,ARG,242,243,0,0.2592704,25.927039980888367
3768,HH21,ARG,242,243,0,0.25219133,25.219133496284485
3769,HH22,ARG,242,243,0,0.26192504,26.192504167556763
3770,N,SER,243,244,0,0.006834929,0.6834928877651691
3771,CA,SER,243,244,0,0.0012579461,0.12579461326822639
3772,C,SER,243,244,0,0.0,0.0
3773,CB,SER,243,244,0,0.047801953,4.780195280909538
3774,O,SER,243,244,0,0.0011161031,0.11161031434312463
3775,OG,SER,243,244,0,0.0033483095,0.33483095467090607
3776,H,SER,243,244,0,0.0,0.0
3777,HA,SER,243,244,0,0.10087653,10.087653249502182
3778,HB2,SER,243,244,0,0.038934804,3.8934804499149323
3779,HB3,SER,243,244,0,0.14246598,14.24659788608551
3780,HG,SER,243,244,0,0.0044244095,0.44244094751775265
3781,N,VAL,244,245,0,0.0,0.0
3782,CA,VAL,244,245,0,0.0,0.0
3783,C,VAL,244,245,0,0.0,0.0
3784,CB,VAL,244,245,0,0.0,0.0
3785,O,VAL,244,245,0,0.025670372,2.56703719496727
3786,CG1,VAL,244,245,0,0.095603906,9.560390561819077
3787,CG2,VAL,244,245,0,0.0327066,3.2706599682569504
3788,H,VAL,244,245,0,0.0,0.0
3789,HA,VAL,244,245,0,0.043359213,4.335921257734299
3790,HB,VAL,244,245,0,0.034510393,3.451039269566536
3791,HG11,VAL,244,245,0,0.1805159,18.051590025424957
3792,HG12,VAL,244,245,0,0.23537858,23.537857830524445
3793,HG13,VAL,244,245,0,0.06017197,6.017196923494339
3794,HG21,VAL,244,245,0,0.1371567,13.715669512748718
3795,HG22,VAL,244,245,0,0.01415811,1.415811013430357
3796,HG23,VAL,244,245,0,0.02831622,2.831622026860714
3797,N,GLY,245,246,0,0.010252393,1.025239285081625
3798,CA,GLY,245,246,0,0.030190706,3.019070625305176
3799,C,GLY,245,246,0,0.033964545,3.3964544534683228
3800,O,GLY,245,246,0,0.08705605,8.705604821443558
3801,H,GLY,245,246,0,0.0,0.0
3802,HA2,GLY,245,246,0,0.11591953,11.591953039169312
3803,HA3,GLY,245,246,0,0.19201937,19.201937317848206
3804,N,ALA,246,247,0,0.018226476,1.822647638618946
3805,CA,ALA,246,247,0,0.0025158923,0.25158922653645277
3806,C,ALA,246,247,0,0.0,0.0
3807,CB,ALA,246,247,0,0.098119795,9.811979532241821
3808,O,ALA,246,247,0,0.085939944,8.593994379043579
3809,H,ALA,246,247,0,0.0,0.0
3810,HA,ALA,246,247,0,0.096452124,9.645212441682816
3811,HB1,ALA,246,247,0,0.10087653,10.087653249502182
3812,HB2,ALA,246,247,0,0.14335087,14.335086941719055
3813,HB3,ALA,246,247,0,0.22829953,22.829952836036682
3814,N,SER,247,248,0,0.0,0.0
3815,CA,SER,247,248,0,0.0012579461,0.12579461326822639
3816,C,SER,247,248,0,0.0,0.0
3817,CB,SER,247,248,0,0.031448655,3.144865483045578
3818,O,SER,247,248,0,0.09933318,9.933318197727203
3819,OG,SER,247,248,0,0.31474108,31.47410750389099
3820,H,SER,247,248,0,0.0,0.0
3821,HA,SER,247,248,0,0.04601386,4.6013858169317245
3822,HB2,SER,247,248,0,0.14423575,14.42357450723648
3823,HB3,SER,247,248,0,0.012388347,1.238834671676159
3824,HG,SER,247,248,0,0.044244096,4.424409568309784
3825,N,ARG,248,249,0,0.0,0.0
3826,CA,ARG,248,249,0,0.0,0.0
3827,C,ARG,248,249,0,0.0,0.0
3828,CB,ARG,248,249,0,0.0012579461,0.12579461326822639
3829,O,ARG,248,249,0,0.1439773,14.397729933261871
3830,CG,ARG,248,249,0,0.0050317845,0.5031784530729055
3831,CD,ARG,248,249,0,0.0075476766,0.754767656326294
3832,NE,ARG,248,249,0,0.04556619,4.556619003415108
3833,NH1,ARG,248,249,0,0.13442026,13.44202607870102
3834,NH2,ARG,248,249,0,0.14695096,14.695096015930176
3835,CZ,ARG,248,249,0,0.10440953,10.440953075885773
3836,H,ARG,248,249,0,0.0,0.0
3837,HA,ARG,248,249,0,0.050438266,5.043826624751091
3838,HB2,ARG,248,249,0,0.0061941734,0.6194173358380795
3839,HB3,ARG,248,249,0,0.033625513,3.3625513315200806
3840,HG2,ARG,248,249,0,0.10353118,10.353118181228638
3841,HG3,ARG,248,249,0,0.14777528,14.777527749538422
3842,HD2,ARG,248,249,0,0.116804406,11.680440604686737
3843,HD3,ARG,248,249,0,0.12919275,12.919275462627411
3844,HE,ARG,248,249,0,0.14423575,14.42357450723648
3845,HH11,ARG,248,249,0,0.17343685,17.343685030937195
3846,HH12,ARG,248,249,0,0.25219133,25.219133496284485
3847,HH21,ARG,248,249,0,0.25573087,25.573086738586426
3848,HH22,ARG,248,249,0,0.25661576,25.66157579421997
3849,N,HIS,249,250,0,0.0,0.0
3850,CA,HIS,249,250,0,0.0,0.0
3851,C,HIS,249,250,0,0.0,0.0
3852,CB,HIS,249,250,0,0.02264303,2.264302968978882
3853,O,HIS,249,250,0,0.19085364,19.085364043712616
3854,CG,HIS,249,250,0,0.026416868,2.641686797142029
3855,H,HIS,249,250,0,0.0,0.0
3856,HA,HIS,249,250,0,0.05132315,5.132314935326576
3857,HB2,HIS,249,250,0,0.045128975,4.512897506356239
3858,HB3,HIS,249,250,0,0.09556724,9.55672413110733
3859,CD2,HIS,249,250,0,0.16479094,16.479094326496124
3860,ND1,HIS,249,250,0,0.035313796,3.5313796252012253
3861,CE1,HIS,249,250,0,0.20630316,20.63031643629074
3862,NE2,HIS,249,250,0,0.06379267,6.379266828298569
3863,HD1,HIS,249,250,0,0.06636614,6.636614352464676
3864,HD2,HIS,249,250,0,0.23272394,23.27239364385605
3865,HE1,HIS,249,250,0,0.2734285,27.34284996986389
3866,HE2,HIS,249,250,0,0.30528426,30.52842617034912
3867,N,GLN,250,251,0,0.0,0.0
3868,CA,GLN,250,251,0,0.0,0.0
3869,C,GLN,250,251,0,0.0025158923,0.25158922653645277
3870,CB,GLN,250,251,0,0.0037738383,0.377383828163147
3871,O,GLN,250,251,0,0.22322063,22.322063148021698
3872,CG,GLN,250,251,0,0.011321515,1.132151484489441
3873,CD,GLN,250,251,0,0.074218825,7.421882450580597
3874,H,GLN,250,251,0,0.0,0.0
3875,HA,GLN,250,251,0,0.044244096,4.424409568309784
3876,HB2,GLN,250,251,0,0.015042992,1.5042992308735847
3877,HB3,GLN,250,251,0,0.09733701,9.7337007522583
3878,HG2,GLN,250,251,0,0.14512064,14.512063562870026
3879,HG3,GLN,250,251,0,0.1026463,10.264629870653152
3880,NE2,GLN,250,251,0,0.14011604,14.011603593826294
3881,OE1,GLN,250,251,0,0.357153,35.71529984474182
3882,HE21,GLN,250,251,0,0.2973203,29.732030630111694
3883,HE22,GLN,250,251,0,0.2486518,24.865180253982544
3884,N,GLY,251,252,0,0.0,0.0
3885,CA,GLY,251,252,0,0.011321515,1.132151484489441
3886,C,GLY,251,252,0,0.012579462,1.2579461559653282
3887,O,GLY,251,252,0,0.13728069,13.728068768978119
3888,H,GLY,251,252,0,0.007963937,0.7963936775922775
3889,HA2,GLY,251,252,0,0.08937307,8.937306702136993
3890,HA3,GLY,251,252,0,0.14069621,14.06962126493454
3891,N,PRO,252,253,0,0.017087322,1.7087321728467941
3892,CA,PRO,252,253,0,0.0012579461,0.12579461326822639
3893,C,PRO,252,253,0,0.0,0.0
3894,CB,PRO,252,253,0,0.033964545,3.3964544534683228
3895,O,PRO,252,253,0,0.22433673,22.433672845363617
3896,CG,PRO,252,253,0,0.036480438,3.6480437964200974
3897,CD,PRO,252,253,0,0.020127138,2.012713812291622
3898,HA,PRO,252,253,0,0.13450205,13.450205326080322
3899,HB2,PRO,252,253,0,0.12122882,12.122882157564163
3900,HB3,PRO,252,253,0,0.20440772,20.44077217578888
3901,HG2,PRO,252,253,0,0.1999833,19.998329877853394
3902,HG3,PRO,252,253,0,0.2150263,21.502630412578583
3903,HD2,PRO,252,253,0,0.116804406,11.680440604686737
3904,HD3,PRO,252,253,0,0.119459055,11.945905536413193
3905,N,LEU,253,254,0,0.0,0.0
3906,CA,LEU,253,254,0,0.0,0.0
3907,C,LEU,253,254,0,0.0037738383,0.377383828163147
3908,CB,LEU,253,254,0,0.011321515,1.132151484489441
3909,O,LEU,253,254,0,0.32143772,32.14377164840698
3910,CG,LEU,253,254,0,0.0,0.0
3911,CD1,LEU,253,254,0,0.11069926,11.069925874471664
3912,CD2,LEU,253,254,0,0.096861854,9.686185419559479
3913,OXT,LEU,253,254,0,0.43751243,43.75124275684357
3914,H,LEU,253,254,0,0.06725103,6.725102663040161
3915,HA,LEU,253,254,0,0.02389181,2.3891810327768326
3916,HB2,LEU,253,254,0,0.09379748,9.37974825501442
3917,HB3,LEU,253,254,0,0.09733701,9.7337007522583
3918,HG,LEU,253,254,0,0.09822189,9.822189062833786
3919,HD11,LEU,253,254,0,0.18671007,18.671007454395294
3920,HD12,LEU,253,254,0,0.19821355,19.821354746818542
3921,HD13,LEU,253,254,0,0.19467402,19.4674015045166
3922,HD21,LEU,253,254,0,0.15396945,15.396945178508759
3923,HD22,LEU,253,254,0,0.20617747,20.61774730682373
3924,HD23,LEU,253,254,0,0.18140079,18.140079081058502
3925,N,MET,254,1,1,0.014809012,1.4809012413024902
3926,CA,MET,254,1,1,0.0012579461,0.12579461326822639
3927,C,MET,254,1,1,0.09434596,9.434595704078674
3928,CB,MET,254,1,1,0.0025158923,0.25158922653645277
3929,O,MET,254,1,1,0.25781983,25.781983137130737
3930,CG,MET,254,1,1,0.0025158923,0.25158922653645277
3931,SD,MET,254,1,1,0.3954218,39.54218029975891
3932,CE,MET,254,1,1,0.12705256,12.705256044864655
3933,H,MET,254,1,1,0.21414141,21.414141356945038
3934,HA,MET,254,1,1,0.1513148,15.131479501724243
3935,HB2,MET,254,1,1,0.10795559,10.795558989048004
3936,HB3,MET,254,1,1,0.0061941734,0.6194173358380795
3937,HG2,MET,254,1,1,0.13361716,13.361716270446777
3938,HG3,MET,254,1,1,0.12653811,12.653811275959015
3939,HE1,MET,254,1,1,0.25130644,25.13064444065094
3940,HE2,MET,254,1,1,0.16458803,16.458803415298462
3941,HE3,MET,254,1,1,0.24776693,24.77669268846512
3942,H2,MET,254,1,1,0.18228567,18.228566646575928
3943,H3,MET,254,1,1,0.19909842,19.909842312335968
3944,N,SER,255,2,1,0.0,0.0
3945,CA,SER,255,2,1,0.0,0.0
3946,C,SER,255,2,1,0.047801953,4.780195280909538
3947,CB,SER,255,2,1,0.03899633,3.899633139371872
3948,O,SER,255,2,1,0.2779097,27.790969610214233
3949,OG,SER,255,2,1,0.22098842,22.09884226322174
3950,H,SER,255,2,1,0.07786961,7.7869608998298645
3951,HA,SER,255,2,1,0.1415811,14.158110320568085
3952,HB2,SER,255,2,1,0.1371567,13.715669512748718
3953,HB3,SER,255,2,1,0.14777528,14.777527749538422
3954,HG,SER,255,2,1,0.0,0.0
3955,N,TRP,256,3,1,0.0,0.0
3956,CA,TRP,256,3,1,0.0050317845,0.5031784530729055
3957,C,TRP,256,3,1,0.0327066,3.2706599682569504
3958,CB,TRP,256,3,1,0.010063569,1.006356906145811
3959,O,TRP,256,3,1,0.0,0.0
3960,CG,TRP,256,3,1,0.030190706,3.019070625305176
3961,CD1,TRP,256,3,1,0.05534963,5.534962937235832
3962,CD2,TRP,256,3,1,0.05534963,5.534962937235832
3963,CE2,TRP,256,3,1,0.057865523,5.786552280187607
3964,CE3,TRP,256,3,1,0.1308264,13.082639873027802
3965,NE1,TRP,256,3,1,0.035313796,3.5313796252012253
3966,CH2,TRP,256,3,1,0.13963202,13.963201642036438
3967,CZ2,TRP,256,3,1,0.11698899,11.698898673057556
3968,CZ3,TRP,256,3,1,0.14592175,14.59217518568039
3969,H,TRP,256,3,1,0.0044244095,0.44244094751775265
3970,HA,TRP,256,3,1,0.13361716,13.361716270446777
3971,HB2,TRP,256,3,1,0.0017697638,0.17697637667879462
3972,HB3,TRP,256,3,1,0.12653811,12.653811275959015
3973,HD1,TRP,256,3,1,0.017697638,1.7697637900710106
3974,HE1,TRP,256,3,1,0.045128975,4.512897506356239
3975,HE3,TRP,256,3,1,0.119459055,11.945905536413193
3976,HZ2,TRP,256,3,1,0.16281827,16.28182679414749
3977,HZ3,TRP,256,3,1,0.24776693,24.77669268846512
3978,HH2,TRP,256,3,1,0.2495367,24.95366930961609
3979,N,LYS,257,4,1,0.006834929,0.6834928877651691
3980,CA,LYS,257,4,1,0.0,0.0
3981,C,LYS,257,4,1,0.006289731,0.6289730779826641
3982,CB,LYS,257,4,1,0.008805623,0.8805623278021812
3983,O,LYS,257,4,1,0.23772997,23.77299666404724
3984,CG,LYS,257,4,1,0.008805623,0.8805623278021812
3985,CD,LYS,257,4,1,0.012579462,1.2579461559653282
3986,CE,LYS,257,4,1,0.025158923,2.5158923119306564
3987,NZ,LYS,257,4,1,0.018226476,1.822647638618946
3988,H,LYS,257,4,1,0.029201102,2.9201101511716843
3989,HA,LYS,257,4,1,0.078754485,7.87544846534729
3990,HB2,LYS,257,4,1,0.114149764,11.414976418018341
3991,HB3,LYS,257,4,1,0.12299858,12.299858033657074
3992,HG2,LYS,257,4,1,0.13538693,13.538692891597748
3993,HG3,LYS,257,4,1,0.063711494,6.37114942073822
3994,HD2,LYS,257,4,1,0.15042992,15.042991936206818
3995,HD3,LYS,257,4,1,0.13538693,13.538692891597748
3996,HE2,LYS,257,4,1,0.18671007,18.671007454395294
3997,HE3,LYS,257,4,1,0.18671007,18.671007454395294
3998,HZ1,LYS,257,4,1,0.28139243,28.13924252986908
3999,HZ2,LYS,257,4,1,0.24688205,24.688205122947693
4000,HZ3,LYS,257,4,1,0.2291844,22.918440401554108
4001,N,LYS,258,5,1,0.0011391548,0.11391547741368413
4002,CA,LYS,258,5,1,0.0012579461,0.12579461326822639
4003,C,LYS,258,5,1,0.0037738383,0.377383828163147
4004,CB,LYS,258,5,1,0.006289731,0.6289730779826641
4005,O,LYS,258,5,1,0.09933318,9.933318197727203
4006,CG,LYS,258,5,1,0.010063569,1.006356906145811
4007,CD,LYS,258,5,1,0.012579462,1.2579461559653282
4008,CE,LYS,258,5,1,0.008805623,0.8805623278021812
4009,NZ,LYS,258,5,1,0.017087322,1.7087321728467941
4010,H,LYS,258,5,1,0.01858252,1.858251914381981
4011,HA,LYS,258,5,1,0.10884047,10.88404729962349
4012,HB2,LYS,258,5,1,0.09822189,9.822189062833786
4013,HB3,LYS,258,5,1,0.06548126,6.548126041889191
4014,HG2,LYS,258,5,1,0.13981134,13.981133699417114
4015,HG3,LYS,258,5,1,0.0035395275,0.35395275335758924
4016,HD2,LYS,258,5,1,0.11768929,11.768928915262222
4017,HD3,LYS,258,5,1,0.14069621,14.06962126493454
4018,HE2,LYS,258,5,1,0.18405543,18.405543267726898
4019,HE3,LYS,258,5,1,0.0,0.0
4020,HZ1,LYS,258,5,1,0.22741464,22.741463780403137
4021,HZ2,LYS,258,5,1,0.1566241,15.662409365177155
4022,HZ3,LYS,258,5,1,0.23272394,23.27239364385605
4023,N,ALA,259,6,1,0.0011391548,0.11391547741368413
4024,CA,ALA,259,6,1,0.0012579461,0.12579461326822639
4025,C,ALA,259,6,1,0.0075476766,0.754767656326294
4026,CB,ALA,259,6,1,0.10440953,10.440953075885773
4027,O,ALA,259,6,1,0.21987233,21.987232565879822
4028,H,ALA,259,6,1,0.03628016,3.6280158907175064
4029,HA,ALA,259,6,1,0.1221137,12.211369723081589
4030,HB1,ALA,259,6,1,0.16547291,16.547290980815887
4031,HB2,ALA,259,6,1,0.18405543,18.405543267726898
4032,HB3,ALA,259,6,1,0.23714834,23.714834451675415
4033,N,LEU,260,7,1,0.004556619,0.4556619096547365
4034,CA,LEU,260,7,1,0.0,0.0
4035,C,LEU,260,7,1,0.0,0.0
4036,CB,LEU,260,7,1,0.012579462,1.2579461559653282
4037,O,LEU,260,7,1,0.17187989,17.187988758087158
4038,CG,LEU,260,7,1,0.0,0.0
4039,CD1,LEU,260,7,1,0.095603906,9.560390561819077
4040,CD2,LEU,260,7,1,0.10189363,10.189363360404968
4041,H,LEU,260,7,1,0.043359213,4.335921257734299
4042,HA,LEU,260,7,1,0.04689874,4.68987412750721
4043,HB2,LEU,260,7,1,0.08494866,8.494865894317627
4044,HB3,LEU,260,7,1,0.021237165,2.1237164735794067
4045,HG,LEU,260,7,1,0.09379748,9.37974825501442
4046,HD11,LEU,260,7,1,0.18494031,18.494030833244324
4047,HD12,LEU,260,7,1,0.20794724,20.7947239279747
4048,HD13,LEU,260,7,1,0.096452124,9.645212441682816
4049,HD21,LEU,260,7,1,0.12830788,12.830787897109985
4050,HD22,LEU,260,7,1,0.20617747,20.61774730682373
4051,HD23,LEU,260,7,1,0.16812755,16.812755167484283
4052,N,ARG,261,8,1,0.0,0.0
4053,CA,ARG,261,8,1,0.0,0.0
4054,C,ARG,261,8,1,0.0,0.0
4055,CB,ARG,261,8,1,0.015095353,1.509535312652588
4056,O,ARG,261,8,1,0.051340744,5.13407438993454
4057,CG,ARG,261,8,1,0.0075476766,0.754767656326294
4058,CD,ARG,261,8,1,0.0075476766,0.754767656326294
4059,NE,ARG,261,8,1,0.0478445,4.784449934959412
4060,NH1,ARG,261,8,1,0.13214195,13.214194774627686
4061,NH2,ARG,261,8,1,0.14011604,14.011603593826294
4062,CZ,ARG,261,8,1,0.10440953,10.440953075885773
4063,H,ARG,261,8,1,0.059287086,5.928708612918854
4064,HA,ARG,261,8,1,0.104416065,10.441606491804123
4065,HB2,ARG,261,8,1,0.07963937,7.963936775922775
4066,HB3,ARG,261,8,1,0.08760331,8.760330826044083
4067,HG2,ARG,261,8,1,0.10087653,10.087653249502182
4068,HG3,ARG,261,8,1,0.14423575,14.42357450723648
4069,HD2,ARG,261,8,1,0.13096252,13.096252083778381
4070,HD3,ARG,261,8,1,0.13892646,13.892646133899689
4071,HE,ARG,261,8,1,0.14689039,14.689038693904877
4072,HH11,ARG,261,8,1,0.17166708,17.166708409786224
4073,HH12,ARG,261,8,1,0.25307623,25.30762255191803
4074,HH21,ARG,261,8,1,0.2539611,25.396108627319336
4075,HH22,ARG,261,8,1,0.25307623,25.30762255191803
4076,N,ILE,262,9,1,0.004556619,0.4556619096547365
4077,CA,ILE,262,9,1,0.0,0.0
4078,C,ILE,262,9,1,0.0,0.0
4079,CB,ILE,262,9,1,0.0,0.0
4080,O,ILE,262,9,1,0.20759518,20.759518444538116
4081,CG1,ILE,262,9,1,0.0050317845,0.5031784530729055
4082,CG2,ILE,262,9,1,0.08931418,8.931417763233185
4083,CD1,ILE,262,9,1,0.11069926,11.069925874471664
4084,H,ILE,262,9,1,0.045128975,4.512897506356239
4085,HA,ILE,262,9,1,0.019467402,1.9467402249574661
4086,HB,ILE,262,9,1,0.09468236,9.468235820531845
4087,HG12,ILE,262,9,1,0.11768929,11.768928915262222
4088,HG13,ILE,262,9,1,0.007963937,0.7963936775922775
4089,HG21,ILE,262,9,1,0.14423575,14.42357450723648
4090,HG22,ILE,262,9,1,0.055747557,5.574755743145943
4091,HG23,ILE,262,9,1,0.13450205,13.450205326080322
4092,HD11,ILE,262,9,1,0.14866015,14.866015315055847
4093,HD12,ILE,262,9,1,0.2486518,24.865180253982544
4094,HD13,ILE,262,9,1,0.21325654,21.325653791427612
4095,N,PRO,263,10,1,0.0,0.0
4096,CA,PRO,263,10,1,0.0,0.0
4097,C,PRO,263,10,1,0.0,0.0
4098,CB,PRO,263,10,1,0.047801953,4.780195280909538
4099,O,PRO,263,10,1,0.14844172,14.844171702861786
4100,CG,PRO,263,10,1,0.03899633,3.899633139371872
4101,CD,PRO,263,10,1,0.012579462,1.2579461559653282
4102,HA,PRO,263,10,1,0.084063776,8.406377583742142
4103,HB2,PRO,263,10,1,0.109725356,10.972535610198975
4104,HB3,PRO,263,10,1,0.21148677,21.148677170276642
4105,HG2,PRO,263,10,1,0.21148677,21.148677170276642
4106,HG3,PRO,263,10,1,0.19555889,19.555889070034027
4107,HD2,PRO,263,10,1,0.07521496,7.521495968103409
4108,HD3,PRO,263,10,1,0.039819684,3.9819683879613876
4109,N,GLY,264,11,1,0.0056957738,0.5695773754268885
4110,CA,GLY,264,11,1,0.031448655,3.144865483045578
4111,C,GLY,264,11,1,0.021385085,2.1385084837675095
4112,O,GLY,264,11,1,0.21094349,21.094349026679993
4113,H,GLY,264,11,1,0.16281827,16.28182679414749
4114,HA2,GLY,264,11,1,0.10087653,10.087653249502182
4115,HA3,GLY,264,11,1,0.1999833,19.998329877853394
4116,N,GLY,265,12,1,0.029618025,2.9618024826049805
4117,CA,GLY,265,12,1,0.04528606,4.528605937957764
4118,C,GLY,265,12,1,0.05534963,5.534962937235832
4119,O,GLY,265,12,1,0.33036652,33.03665220737457
4120,H,GLY,265,12,1,0.017697638,1.7697637900710106
4121,HA2,GLY,265,12,1,0.20086819,20.08681893348694
4122,HA3,GLY,265,12,1,0.19555889,19.555889070034027
4123,N,LEU,266,13,1,0.0022783095,0.22783095482736826
4124,CA,LEU,266,13,1,0.0,0.0
4125,C,LEU,266,13,1,0.0012579461,0.12579461326822639
4126,CB,LEU,266,13,1,0.0,0.0
4127,O,LEU,266,13,1,0.09152046,9.152045845985413
4128,CG,LEU,266,13,1,0.0,0.0
4129,CD1,LEU,266,13,1,0.098119795,9.811979532241821
4130,CD2,LEU,266,13,1,0.098119795,9.811979532241821
4131,H,LEU,266,13,1,0.0,0.0
4132,HA,LEU,266,13,1,0.07344519,7.344519346952438
4133,HB2,LEU,266,13,1,0.033625513,3.3625513315200806
4134,HB3,LEU,266,13,1,0.0,0.0
4135,HG,LEU,266,13,1,0.12919275,12.919275462627411
4136,HD11,LEU,266,13,1,0.1805159,18.051590025424957
4137,HD12,LEU,266,13,1,0.20706236,20.706236362457275
4138,HD13,LEU,266,13,1,0.015927874,1.592787355184555
4139,HD21,LEU,266,13,1,0.15573922,15.573921799659729
4140,HD22,LEU,266,13,1,0.20883213,20.883212983608246
4141,HD23,LEU,266,13,1,0.10530094,10.530094057321548
4142,N,ARG,267,14,1,0.0,0.0
4143,CA,ARG,267,14,1,0.0,0.0
4144,C,ARG,267,14,1,0.0,0.0
4145,CB,ARG,267,14,1,0.013837407,1.383740734308958
4146,O,ARG,267,14,1,0.037947506,3.7947505712509155
4147,CG,ARG,267,14,1,0.0,0.0
4148,CD,ARG,267,14,1,0.0075476766,0.754767656326294
4149,NE,ARG,267,14,1,0.020504786,2.05047857016325
4150,NH1,ARG,267,14,1,0.066070974,6.607097387313843
4151,NH2,ARG,267,14,1,0.07860168,7.860168069601059
4152,CZ,ARG,267,14,1,0.052833736,5.283373594284058
4153,H,ARG,267,14,1,0.0681359,6.813590228557587
4154,HA,ARG,267,14,1,0.01415811,1.415811013430357
4155,HB2,ARG,267,14,1,0.11061023,11.0610231757164
4156,HB3,ARG,267,14,1,0.069020785,6.902078539133072
4157,HG2,ARG,267,14,1,0.050438266,5.043826624751091
4158,HG3,ARG,267,14,1,0.015042992,1.5042992308735847
4159,HD2,ARG,267,14,1,0.1221137,12.211369723081589
4160,HD3,ARG,267,14,1,0.040704567,4.070456698536873
4161,HE,ARG,267,14,1,0.06990567,6.990566849708557
4162,HH11,ARG,267,14,1,0.1415811,14.158110320568085
4163,HH12,ARG,267,14,1,0.20352283,20.352283120155334
4164,HH21,ARG,267,14,1,0.19378914,19.378913938999176
4165,HH22,ARG,267,14,1,0.24157275,24.15727525949478
4166,N,ALA,268,15,1,0.006834929,0.6834928877651691
4167,CA,ALA,268,15,1,0.0,0.0
4168,C,ALA,268,15,1,0.0012579461,0.12579461326822639
4169,CB,ALA,268,15,1,0.10063569,10.063569247722626
4170,O,ALA,268,15,1,0.13728069,13.728068768978119
4171,H,ALA,268,15,1,0.057517324,5.751732364296913
4172,HA,ALA,268,15,1,0.10353118,10.353118181228638
4173,HB1,ALA,268,15,1,0.22210535,22.210535407066345
4174,HB2,ALA,268,15,1,0.1858252,18.58251988887787
4175,HB3,ALA,268,15,1,0.18671007,18.671007454395294
4176,N,ALA,269,16,1,0.007974084,0.7974083535373211
4177,CA,ALA,269,16,1,0.0012579461,0.12579461326822639
4178,C,ALA,269,16,1,0.0,0.0
4179,CB,ALA,269,16,1,0.10063569,10.063569247722626
4180,O,ALA,269,16,1,0.011161031,1.116103120148182
4181,H,ALA,269,16,1,0.007963937,0.7963936775922775
4182,HA,ALA,269,16,1,0.10618582,10.618582367897034
4183,HB1,ALA,269,16,1,0.02389181,2.3891810327768326
4184,HB2,ALA,269,16,1,0.13981134,13.981133699417114
4185,HB3,ALA,269,16,1,0.23891811,23.891811072826385
4186,N,THR,270,17,1,0.0,0.0
4187,CA,THR,270,17,1,0.0,0.0
4188,C,THR,270,17,1,0.0,0.0
4189,CB,THR,270,17,1,0.0025158923,0.25158922653645277
4190,O,THR,270,17,1,0.031250887,3.1250886619091034
4191,CG2,THR,270,17,1,0.099377744,9.937774389982224
4192,OG1,THR,270,17,1,0.122771345,12.277134507894516
4193,H,THR,270,17,1,0.0,0.0
4194,HA,THR,270,17,1,0.04247433,4.2474329471588135
4195,HB,THR,270,17,1,0.119459055,11.945905536413193
4196,HG21,THR,270,17,1,0.15396945,15.396945178508759
4197,HG22,THR,270,17,1,0.01858252,1.858251914381981
4198,HG23,THR,270,17,1,0.2442274,24.422739446163177
4199,HG1,THR,270,17,1,0.0008848819,0.08848818833939731
4200,N,VAL,271,18,1,0.0,0.0
4201,CA,VAL,271,18,1,0.0,0.0
4202,C,VAL,271,18,1,0.0,0.0
4203,CB,VAL,271,18,1,0.0,0.0
4204,O,VAL,271,18,1,0.043528024,4.352802410721779
4205,CG1,VAL,271,18,1,0.030190706,3.019070625305176
4206,CG2,VAL,271,18,1,0.06918704,6.918703764677048
4207,H,VAL,271,18,1,0.0,0.0
4208,HA,VAL,271,18,1,0.06636614,6.636614352464676
4209,HB,VAL,271,18,1,0.022122048,2.212204784154892
4210,HG11,VAL,271,18,1,0.17432173,17.43217259645462
4211,HG12,VAL,271,18,1,0.01858252,1.858251914381981
4212,HG13,VAL,271,18,1,0.031855747,3.18557471036911
4213,HG21,VAL,271,18,1,0.007079055,0.7079055067151785
4214,HG22,VAL,271,18,1,0.19378914,19.378913938999176
4215,HG23,VAL,271,18,1,0.17343685,17.343685030937195
4216,N,THR,272,19,1,0.0,0.0
4217,CA,THR,272,19,1,0.0,0.0
4218,C,THR,272,19,1,0.0,0.0
4219,CB,THR,272,19,1,0.0025158923,0.25158922653645277
4220,O,THR,272,19,1,0.044644125,4.464412480592728
4221,CG2,THR,272,19,1,0.0327066,3.2706599682569504
4222,OG1,THR,272,19,1,0.06696619,6.696619093418121
4223,H,THR,272,19,1,0.0,0.0
4224,HA,THR,272,19,1,0.0,0.0
4225,HB,THR,272,19,1,0.114149764,11.414976418018341
4226,HG21,THR,272,19,1,0.081409134,8.140913397073746
4227,HG22,THR,272,19,1,0.04601386,4.6013858169317245
4228,HG23,THR,272,19,1,0.15308456,15.308456122875214
4229,HG1,THR,272,19,1,0.0,0.0
4230,N,LEU,273,20,1,0.0,0.0
4231,CA,LEU,273,20,1,0.0,0.0
4232,C,LEU,273,20,1,0.0,0.0
4233,CB,LEU,273,20,1,0.0012579461,0.12579461326822639
4234,O,LEU,273,20,1,0.0055805156,0.558051560074091
4235,CG,LEU,273,20,1,0.0,0.0
4236,CD1,LEU,273,20,1,0.098119795,9.811979532241821
4237,CD2,LEU,273,20,1,0.030190706,3.019070625305176
4238,H,LEU,273,20,1,0.0,0.0
4239,HA,LEU,273,20,1,0.030085985,3.0085984617471695
4240,HB2,LEU,273,20,1,0.016812757,1.6812756657600403
4241,HB3,LEU,273,20,1,0.0,0.0
4242,HG,LEU,273,20,1,0.09202772,9.202771633863449
4243,HD11,LEU,273,20,1,0.16281827,16.28182679414749
4244,HD12,LEU,273,20,1,0.20706236,20.706236362457275
4245,HD13,LEU,273,20,1,0.07521496,7.521495968103409
4246,HD21,LEU,273,20,1,0.009733701,0.9733701124787331
4247,HD22,LEU,273,20,1,0.20617747,20.61774730682373
4248,HD23,LEU,273,20,1,0.044244096,4.424409568309784
4249,N,MET,274,21,1,0.0,0.0
4250,CA,MET,274,21,1,0.0,0.0
4251,C,MET,274,21,1,0.011321515,1.132151484489441
4252,CB,MET,274,21,1,0.0012579461,0.12579461326822639
4253,O,MET,274,21,1,0.14509341,14.50934112071991
4254,CG,MET,274,21,1,0.0,0.0
4255,SD,MET,274,21,1,0.0,0.0
4256,CE,MET,274,21,1,0.0,0.0
4257,H,MET,274,21,1,0.0008848819,0.08848818833939731
4258,HA,MET,274,21,1,0.005309291,0.5309291183948517
4259,HB2,MET,274,21,1,0.011503465,1.1503464542329311
4260,HB3,MET,274,21,1,0.010618582,1.0618582367897034
4261,HG2,MET,274,21,1,0.0,0.0
4262,HG3,MET,274,21,1,0.033625513,3.3625513315200806
4263,HE1,MET,274,21,1,0.0,0.0
4264,HE2,MET,274,21,1,0.031855747,3.18557471036911
4265,HE3,MET,274,21,1,0.0,0.0
4266,N,LEU,275,22,1,0.009113238,0.911323819309473
4267,CA,LEU,275,22,1,0.0,0.0
4268,C,LEU,275,22,1,0.0,0.0
4269,CB,LEU,275,22,1,0.006289731,0.6289730779826641
4270,O,LEU,275,22,1,0.027902579,2.7902578935027122
4271,CG,LEU,275,22,1,0.0,0.0
4272,CD1,LEU,275,22,1,0.0050317845,0.5031784530729055
4273,CD2,LEU,275,22,1,0.0,0.0
4274,H,LEU,275,22,1,0.0017697638,0.17697637667879462
4275,HA,LEU,275,22,1,0.024776693,2.477669343352318
4276,HB2,LEU,275,22,1,0.021237165,2.1237164735794067
4277,HB3,LEU,275,22,1,0.06282661,6.282661110162735
4278,HG,LEU,275,22,1,0.06548126,6.548126041889191
4279,HD11,LEU,275,22,1,0.13981134,13.981133699417114
4280,HD12,LEU,275,22,1,0.0,0.0
4281,HD13,LEU,275,22,1,0.0008848819,0.08848818833939731
4282,HD21,LEU,275,22,1,0.035395276,3.539527580142021
4283,HD22,LEU,275,22,1,0.0,0.0
4284,HD23,LEU,275,22,1,0.11326488,11.326488107442856
4285,N,ALA,276,23,1,0.0011391548,0.11391547741368413
4286,CA,ALA,276,23,1,0.0012579461,0.12579461326822639
4287,C,ALA,276,23,1,0.0,0.0
4288,CB,ALA,276,23,1,0.070444986,7.04449862241745
4289,O,ALA,276,23,1,0.15402223,15.40222316980362
4290,H,ALA,276,23,1,0.0,0.0
4291,HA,ALA,276,23,1,0.12476835,12.476834654808044
4292,HB1,ALA,276,23,1,0.022122048,2.212204784154892
4293,HB2,ALA,276,23,1,0.15927874,15.92787355184555
4294,HB3,ALA,276,23,1,0.17343685,17.343685030937195
4295,N,MET,277,24,1,0.0,0.0
4296,CA,MET,277,24,1,0.0,0.0
4297,C,MET,277,24,1,0.0,0.0
4298,CB,MET,277,24,1,0.006289731,0.6289730779826641
4299,O,MET,277,24,1,0.13839678,13.839678466320038
4300,CG,MET,277,24,1,0.0025158923,0.25158922653645277
4301,SD,MET,277,24,1,0.32706073,32.7060729265213
4302,CE,MET,277,24,1,0.10566747,10.566747188568115
4303,H,MET,277,24,1,0.019467402,1.9467402249574661
4304,HA,MET,277,24,1,0.07344519,7.344519346952438
4305,HB2,MET,277,24,1,0.058402203,5.8402203023433685
4306,HB3,MET,277,24,1,0.06459638,6.4596377313137054
4307,HG2,MET,277,24,1,0.12476835,12.476834654808044
4308,HG3,MET,277,24,1,0.030085985,3.0085984617471695
4309,HE1,MET,277,24,1,0.1026463,10.264629870653152
4310,HE2,MET,277,24,1,0.24776693,24.77669268846512
4311,HE3,MET,277,24,1,0.05309291,5.309291183948517
4312,N,LEU,278,25,1,0.0,0.0
4313,CA,LEU,278,25,1,0.0,0.0
4314,C,LEU,278,25,1,0.0,0.0
4315,CB,LEU,278,25,1,0.0050317845,0.5031784530729055
4316,O,LEU,278,25,1,0.0357153,3.571530058979988
4317,CG,LEU,278,25,1,0.0,0.0
4318,CD1,LEU,278,25,1,0.098119795,9.811979532241821
4319,CD2,LEU,278,25,1,0.0025158923,0.25158922653645277
4320,H,LEU,278,25,1,0.0017697638,0.17697637667879462
4321,HA,LEU,278,25,1,0.0,0.0
4322,HB2,LEU,278,25,1,0.017697638,1.7697637900710106
4323,HB3,LEU,278,25,1,0.013273228,1.3273227959871292
4324,HG,LEU,278,25,1,0.078754485,7.87544846534729
4325,HD11,LEU,278,25,1,0.1415811,14.158110320568085
4326,HD12,LEU,278,25,1,0.16812755,16.812755167484283
4327,HD13,LEU,278,25,1,0.084063776,8.406377583742142
4328,HD21,LEU,278,25,1,0.025661575,2.566157467663288
4329,HD22,LEU,278,25,1,0.0,0.0
4330,HD23,LEU,278,25,1,0.026546456,2.6546455919742584
4331,N,SER,279,26,1,0.0,0.0
4332,CA,SER,279,26,1,0.0,0.0
4333,C,SER,279,26,1,0.0025158923,0.25158922653645277
4334,CB,SER,279,26,1,0.054091685,5.40916845202446
4335,O,SER,279,26,1,0.008928825,0.892882514744997
4336,OG,SER,279,26,1,0.21429181,21.42918109893799
4337,H,SER,279,26,1,0.026546456,2.6546455919742584
4338,HA,SER,279,26,1,0.13007763,13.007763028144836
4339,HB2,SER,279,26,1,0.17432173,17.43217259645462
4340,HB3,SER,279,26,1,0.20617747,20.61774730682373
4341,HG,SER,279,26,1,0.045128975,4.512897506356239
4342,N,THR,280,27,1,0.0,0.0
4343,CA,THR,280,27,1,0.0,0.0
4344,C,THR,280,27,1,0.0,0.0
4345,CB,THR,280,27,1,0.0,0.0
4346,O,THR,280,27,1,0.059153467,5.915346741676331
4347,CG2,THR,280,27,1,0.035222493,3.522249311208725
4348,OG1,THR,280,27,1,0.1439773,14.397729933261871
4349,H,THR,280,27,1,0.0061941734,0.6194173358380795
4350,HA,THR,280,27,1,0.007963937,0.7963936775922775
4351,HB,THR,280,27,1,0.0,0.0
4352,HG21,THR,280,27,1,0.04158945,4.158945009112358
4353,HG22,THR,280,27,1,0.09379748,9.37974825501442
4354,HG23,THR,280,27,1,0.071675435,7.167543470859528
4355,HG1,THR,280,27,1,0.13007763,13.007763028144836
4356,N,PRO,281,28,1,0.0,0.0
4357,CA,PRO,281,28,1,0.0012579461,0.12579461326822639
4358,C,PRO,281,28,1,0.0,0.0
4359,CB,PRO,281,28,1,0.0012579461,0.12579461326822639
4360,O,PRO,281,28,1,0.0,0.0
4361,CG,PRO,281,28,1,0.0012579461,0.12579461326822639
4362,CD,PRO,281,28,1,0.008805623,0.8805623278021812
4363,HA,PRO,281,28,1,0.11503465,11.503464728593826
4364,HB2,PRO,281,28,1,0.0,0.0
4365,HB3,PRO,281,28,1,0.07344519,7.344519346952438
4366,HG2,PRO,281,28,1,0.017697638,1.7697637900710106
4367,HG3,PRO,281,28,1,0.0,0.0
4368,HD2,PRO,281,28,1,0.06725103,6.725102663040161
4369,HD3,PRO,281,28,1,0.0017697638,0.17697637667879462
4370,N,VAL,282,29,1,0.0011391548,0.11391547741368413
4371,CA,VAL,282,29,1,0.0,0.0
4372,C,VAL,282,29,1,0.0,0.0
4373,CB,VAL,282,29,1,0.0,0.0
4374,O,VAL,282,29,1,0.0703145,7.031449675559998
4375,CG1,VAL,282,29,1,0.012579462,1.2579461559653282
4376,CG2,VAL,282,29,1,0.08302444,8.302444219589233
4377,H,VAL,282,29,1,0.049553387,4.955338686704636
4378,HA,VAL,282,29,1,0.0,0.0
4379,HB,VAL,282,29,1,0.086718425,8.671842515468597
4380,HG11,VAL,282,29,1,0.011503465,1.1503464542329311
4381,HG12,VAL,282,29,1,0.11238,11.23799979686737
4382,HG13,VAL,282,29,1,0.0,0.0
4383,HG21,VAL,282,29,1,0.009733701,0.9733701124787331
4384,HG22,VAL,282,29,1,0.14512064,14.512063562870026
4385,HG23,VAL,282,29,1,0.18228567,18.228566646575928
4386,N,ALA,283,30,1,0.0,0.0
4387,CA,ALA,283,30,1,0.0,0.0
4388,C,ALA,283,30,1,0.0,0.0
4389,CB,ALA,283,30,1,0.0,0.0
4390,O,ALA,283,30,1,0.0357153,3.571530058979988
4391,H,ALA,283,30,1,0.0,0.0
4392,HA,ALA,283,30,1,0.0,0.0
4393,HB1,ALA,283,30,1,0.0,0.0
4394,HB2,ALA,283,30,1,0.0,0.0
4395,HB3,ALA,283,30,1,0.0,0.0
4396,N,GLU,284,31,1,0.0,0.0
4397,CA,GLU,284,31,1,0.0,0.0
4398,C,GLU,284,31,1,0.0,0.0
4399,CB,GLU,284,31,1,0.0075476766,0.754767656326294
4400,O,GLU,284,31,1,0.054689053,5.468905344605446
4401,CG,GLU,284,31,1,0.0025158923,0.25158922653645277
4402,CD,GLU,284,31,1,0.072960876,7.296087592840195
4403,OE1,GLU,284,31,1,0.47211164,47.211164236068726
4404,OE2,GLU,284,31,1,0.41072595,41.07259511947632
4405,H,GLU,284,31,1,0.007963937,0.7963936775922775
4406,HA,GLU,284,31,1,0.013273228,1.3273227959871292
4407,HB2,GLU,284,31,1,0.08052425,8.05242508649826
4408,HB3,GLU,284,31,1,0.07344519,7.344519346952438
4409,HG2,GLU,284,31,1,0.16193338,16.193337738513947
4410,HG3,GLU,284,31,1,0.0,0.0
4411,N,GLY,285,32,1,0.0034174644,0.34174644388258457
4412,CA,GLY,285,32,1,0.012579462,1.2579461559653282
4413,C,GLY,285,32,1,0.0050317845,0.5031784530729055
4414,O,GLY,285,32,1,0.14620951,14.620950818061829
4415,H,GLY,285,32,1,0.1415811,14.158110320568085
4416,HA2,GLY,285,32,1,0.015042992,1.5042992308735847
4417,HA3,GLY,285,32,1,0.10618582,10.618582367897034
4418,N,ARG,286,33,1,0.0,0.0
4419,CA,ARG,286,33,1,0.0,0.0
4420,C,ARG,286,33,1,0.0,0.0
4421,CB,ARG,286,33,1,0.0037738383,0.377383828163147
4422,O,ARG,286,33,1,0.19085364,19.085364043712616
4423,CG,ARG,286,33,1,0.010063569,1.006356906145811
4424,CD,ARG,286,33,1,0.008805623,0.8805623278021812
4425,NE,ARG,286,33,1,0.0478445,4.784449934959412
4426,NH1,ARG,286,33,1,0.12872449,12.872448563575745
4427,NH2,ARG,286,33,1,0.14695096,14.695096015930176
4428,CZ,ARG,286,33,1,0.10189363,10.189363360404968
4429,H,ARG,286,33,1,0.06105685,6.105684861540794
4430,HA,ARG,286,33,1,0.059287086,5.928708612918854
4431,HB2,ARG,286,33,1,0.09556724,9.55672413110733
4432,HB3,ARG,286,33,1,0.016812757,1.6812756657600403
4433,HG2,ARG,286,33,1,0.1362718,13.627180457115173
4434,HG3,ARG,286,33,1,0.15219969,15.219968557357788
4435,HD2,ARG,286,33,1,0.12299858,12.299858033657074
4436,HD3,ARG,286,33,1,0.1362718,13.627180457115173
4437,HE,ARG,286,33,1,0.14600551,14.600551128387451
4438,HH11,ARG,286,33,1,0.17432173,17.43217259645462
4439,HH12,ARG,286,33,1,0.25484598,25.48459768295288
4440,HH21,ARG,286,33,1,0.25307623,25.30762255191803
4441,HH22,ARG,286,33,1,0.25484598,25.48459768295288
4442,N,ASP,287,34,1,0.0011391548,0.11391547741368413
4443,CA,ASP,287,34,1,0.0,0.0
4444,C,ASP,287,34,1,0.0,0.0
4445,CB,ASP,287,34,1,0.017611247,1.7611246556043625
4446,O,ASP,287,34,1,0.14844172,14.844171702861786
4447,CG,ASP,287,34,1,0.04151222,4.151222109794617
4448,OD1,ASP,287,34,1,0.35938522,35.9385222196579
4449,OD2,ASP,287,34,1,0.47880825,47.88082540035248
4450,H,ASP,287,34,1,0.06636614,6.636614352464676
4451,HA,ASP,287,34,1,0.05132315,5.132314935326576
4452,HB2,ASP,287,34,1,0.11503465,11.503464728593826
4453,HB3,ASP,287,34,1,0.1513148,15.131479501724243
4454,N,SER,288,35,1,0.0011391548,0.11391547741368413
4455,CA,SER,288,35,1,0.0,0.0
4456,C,SER,288,35,1,0.0,0.0
4457,CB,SER,288,35,1,0.0,0.0
4458,O,SER,288,35,1,0.15960275,15.960274636745453
4459,OG,SER,288,35,1,0.1741121,17.411209642887115
4460,H,SER,288,35,1,0.027431339,2.7431339025497437
4461,HA,SER,288,35,1,0.0,0.0
4462,HB2,SER,288,35,1,0.0,0.0
4463,HB3,SER,288,35,1,0.020352283,2.0352283492684364
4464,HG,SER,288,35,1,0.08937307,8.937306702136993
4465,N,PRO,289,36,1,0.0,0.0
4466,CA,PRO,289,36,1,0.0,0.0
4467,C,PRO,289,36,1,0.0,0.0
4468,CB,PRO,289,36,1,0.020127138,2.012713812291622
4469,O,PRO,289,36,1,0.022322062,2.232206240296364
4470,CG,PRO,289,36,1,0.0,0.0
4471,CD,PRO,289,36,1,0.0,0.0
4472,HA,PRO,289,36,1,0.086718425,8.671842515468597
4473,HB2,PRO,289,36,1,0.021237165,2.1237164735794067
4474,HB3,PRO,289,36,1,0.19909842,19.909842312335968
4475,HG2,PRO,289,36,1,0.0,0.0
4476,HG3,PRO,289,36,1,0.04778362,4.778362065553665
4477,HD2,PRO,289,36,1,0.0,0.0
4478,HD3,PRO,289,36,1,0.07079055,7.079055160284042
4479,N,GLU,290,37,1,0.0,0.0
4480,CA,GLU,290,37,1,0.0,0.0
4481,C,GLU,290,37,1,0.0,0.0
4482,CB,GLU,290,37,1,0.0,0.0
4483,O,GLU,290,37,1,0.11495862,11.495862156152725
4484,CG,GLU,290,37,1,0.017611247,1.7611246556043625
4485,CD,GLU,290,37,1,0.04277017,4.277016967535019
4486,OE1,GLU,290,37,1,0.46653113,46.65311276912689
4487,OE2,GLU,290,37,1,0.23884608,23.88460785150528
4488,H,GLU,290,37,1,0.09114283,9.114283323287964
4489,HA,GLU,290,37,1,0.031855747,3.18557471036911
4490,HB2,GLU,290,37,1,0.08229402,8.229401707649231
4491,HB3,GLU,290,37,1,0.0,0.0
4492,HG2,GLU,290,37,1,0.08052425,8.05242508649826
4493,HG3,GLU,290,37,1,0.11768929,11.768928915262222
4494,N,ASP,291,38,1,0.0,0.0
4495,CA,ASP,291,38,1,0.0,0.0
4496,C,ASP,291,38,1,0.0,0.0
4497,CB,ASP,291,38,1,0.0,0.0
4498,O,ASP,291,38,1,0.0,0.0
4499,CG,ASP,291,38,1,0.0,0.0
4500,OD1,ASP,291,38,1,0.0,0.0
4501,OD2,ASP,291,38,1,0.0,0.0
4502,H,ASP,291,38,1,0.0026546456,0.26546455919742584
4503,HA,ASP,291,38,1,0.0,0.0
4504,HB2,ASP,291,38,1,0.0,0.0
4505,HB3,ASP,291,38,1,0.0,0.0
4506,HD2,ASP,291,38,1,0.0,0.0
4507,N,PHE,292,39,1,0.0,0.0
4508,CA,PHE,292,39,1,0.0,0.0
4509,C,PHE,292,39,1,0.0,0.0
4510,CB,PHE,292,39,1,0.0,0.0
4511,O,PHE,292,39,1,0.0,0.0
4512,CG,PHE,292,39,1,0.0,0.0
4513,CD1,PHE,292,39,1,0.0,0.0
4514,CD2,PHE,292,39,1,0.0037738383,0.377383828163147
4515,CE1,PHE,292,39,1,0.0,0.0
4516,CE2,PHE,292,39,1,0.023900976,2.390097640454769
4517,CZ,PHE,292,39,1,0.010063569,1.006356906145811
4518,H,PHE,292,39,1,0.0,0.0
4519,HA,PHE,292,39,1,0.0,0.0
4520,HB2,PHE,292,39,1,0.0,0.0
4521,HB3,PHE,292,39,1,0.0,0.0
4522,HD1,PHE,292,39,1,0.0,0.0
4523,HD2,PHE,292,39,1,0.0,0.0
4524,HE1,PHE,292,39,1,0.0,0.0
4525,HE2,PHE,292,39,1,0.14600551,14.600551128387451
4526,HZ,PHE,292,39,1,0.02389181,2.3891810327768326
4527,N,VAL,293,40,1,0.0,0.0
4528,CA,VAL,293,40,1,0.0,0.0
4529,C,VAL,293,40,1,0.0,0.0
4530,CB,VAL,293,40,1,0.0,0.0
4531,O,VAL,293,40,1,0.0,0.0
4532,CG1,VAL,293,40,1,0.0,0.0
4533,CG2,VAL,293,40,1,0.0,0.0
4534,H,VAL,293,40,1,0.0,0.0
4535,HA,VAL,293,40,1,0.0,0.0
4536,HB,VAL,293,40,1,0.0,0.0
4537,HG11,VAL,293,40,1,0.0,0.0
4538,HG12,VAL,293,40,1,0.0,0.0
4539,HG13,VAL,293,40,1,0.0,0.0
4540,HG21,VAL,293,40,1,0.0,0.0
4541,HG22,VAL,293,40,1,0.0,0.0
4542,HG23,VAL,293,40,1,0.0,0.0
4543,N,TYR,294,41,1,0.0,0.0
4544,CA,TYR,294,41,1,0.0,0.0
4545,C,TYR,294,41,1,0.0,0.0
4546,CB,TYR,294,41,1,0.0,0.0
4547,O,TYR,294,41,1,0.0,0.0
4548,CG,TYR,294,41,1,0.0,0.0
4549,CD1,TYR,294,41,1,0.0,0.0
4550,CD2,TYR,294,41,1,0.0,0.0
4551,CE1,TYR,294,41,1,0.0,0.0
4552,CE2,TYR,294,41,1,0.0,0.0
4553,OH,TYR,294,41,1,0.0,0.0
4554,CZ,TYR,294,41,1,0.0,0.0
4555,H,TYR,294,41,1,0.0,0.0
4556,HA,TYR,294,41,1,0.0,0.0
4557,HB2,TYR,294,41,1,0.0,0.0
4558,HB3,TYR,294,41,1,0.0,0.0
4559,HD1,TYR,294,41,1,0.0,0.0
4560,HD2,TYR,294,41,1,0.0,0.0
4561,HE1,TYR,294,41,1,0.0,0.0
4562,HE2,TYR,294,41,1,0.0,0.0
4563,HH,TYR,294,41,1,0.0,0.0
4564,N,GLN,295,42,1,0.0,0.0
4565,CA,GLN,295,42,1,0.0,0.0
4566,C,GLN,295,42,1,0.0,0.0
4567,CB,GLN,295,42,1,0.0,0.0
4568,O,GLN,295,42,1,0.0,0.0
4569,CG,GLN,295,42,1,0.0,0.0
4570,CD,GLN,295,42,1,0.0,0.0
4571,H,GLN,295,42,1,0.0,0.0
4572,HA,GLN,295,42,1,0.0,0.0
4573,HB2,GLN,295,42,1,0.0,0.0
4574,HB3,GLN,295,42,1,0.0017697638,0.17697637667879462
4575,HG2,GLN,295,42,1,0.0,0.0
4576,HG3,GLN,295,42,1,0.0,0.0
4577,NE2,GLN,295,42,1,0.0,0.0
4578,OE1,GLN,295,42,1,0.0022322063,0.22322062868624926
4579,HE21,GLN,295,42,1,0.0,0.0
4580,HE22,GLN,295,42,1,0.0,0.0
4581,N,PHE,296,43,1,0.0,0.0
4582,CA,PHE,296,43,1,0.0,0.0
4583,C,PHE,296,43,1,0.0,0.0
4584,CB,PHE,296,43,1,0.0,0.0
4585,O,PHE,296,43,1,0.0,0.0
4586,CG,PHE,296,43,1,0.0,0.0
4587,CD1,PHE,296,43,1,0.0,0.0
4588,CD2,PHE,296,43,1,0.0,0.0
4589,CE1,PHE,296,43,1,0.0,0.0
4590,CE2,PHE,296,43,1,0.0,0.0
4591,CZ,PHE,296,43,1,0.0075476766,0.754767656326294
4592,H,PHE,296,43,1,0.0,0.0
4593,HA,PHE,296,43,1,0.0,0.0
4594,HB2,PHE,296,43,1,0.0,0.0
4595,HB3,PHE,296,43,1,0.0,0.0
4596,HD1,PHE,296,43,1,0.0,0.0
4597,HD2,PHE,296,43,1,0.0,0.0
4598,HE1,PHE,296,43,1,0.0,0.0
4599,HE2,PHE,296,43,1,0.0,0.0
4600,HZ,PHE,296,43,1,0.025661575,2.566157467663288
4601,N,LYS,297,44,1,0.0,0.0
4602,CA,LYS,297,44,1,0.0,0.0
4603,C,LYS,297,44,1,0.0,0.0
4604,CB,LYS,297,44,1,0.0,0.0
4605,O,LYS,297,44,1,0.0,0.0
4606,CG,LYS,297,44,1,0.0,0.0
4607,CD,LYS,297,44,1,0.010063569,1.006356906145811
4608,CE,LYS,297,44,1,0.0,0.0
4609,NZ,LYS,297,44,1,0.0,0.0
4610,H,LYS,297,44,1,0.0,0.0
4611,HA,LYS,297,44,1,0.0,0.0
4612,HB2,LYS,297,44,1,0.0,0.0
4613,HB3,LYS,297,44,1,0.0,0.0
4614,HG2,LYS,297,44,1,0.0,0.0
4615,HG3,LYS,297,44,1,0.0,0.0
4616,HD2,LYS,297,44,1,0.0061941734,0.6194173358380795
4617,HD3,LYS,297,44,1,0.01858252,1.858251914381981
4618,HE2,LYS,297,44,1,0.0,0.0
4619,HE3,LYS,297,44,1,0.0,0.0
4620,HZ1,LYS,297,44,1,0.0,0.0
4621,HZ2,LYS,297,44,1,0.022122048,2.212204784154892
4622,HZ3,LYS,297,44,1,0.017697638,1.7697637900710106
4623,N,ALA,298,45,1,0.0,0.0
4624,CA,ALA,298,45,1,0.0,0.0
4625,C,ALA,298,45,1,0.0,0.0
4626,CB,ALA,298,45,1,0.0,0.0
4627,O,ALA,298,45,1,0.0,0.0
4628,H,ALA,298,45,1,0.0,0.0
4629,HA,ALA,298,45,1,0.0,0.0
4630,HB1,ALA,298,45,1,0.0,0.0
4631,HB2,ALA,298,45,1,0.0,0.0
4632,HB3,ALA,298,45,1,0.0,0.0
4633,N,MET,299,46,1,0.0,0.0
4634,CA,MET,299,46,1,0.0,0.0
4635,C,MET,299,46,1,0.0,0.0
4636,CB,MET,299,46,1,0.0,0.0
4637,O,MET,299,46,1,0.0,0.0
4638,CG,MET,299,46,1,0.0,0.0
4639,SD,MET,299,46,1,0.0067020645,0.6702064536511898
4640,CE,MET,299,46,1,0.0327066,3.2706599682569504
4641,H,MET,299,46,1,0.0,0.0
4642,HA,MET,299,46,1,0.0,0.0
4643,HB2,MET,299,46,1,0.0,0.0
4644,HB3,MET,299,46,1,0.0,0.0
4645,HG2,MET,299,46,1,0.0,0.0
4646,HG3,MET,299,46,1,0.0,0.0
4647,HE1,MET,299,46,1,0.0,0.0
4648,HE2,MET,299,46,1,0.13892646,13.892646133899689
4649,HE3,MET,299,46,1,0.08848819,8.848819136619568
4650,N,CYS,300,47,1,0.0,0.0
4651,CA,CYS,300,47,1,0.0,0.0
4652,C,CYS,300,47,1,0.0,0.0
4653,CB,CYS,300,47,1,0.0,0.0
4654,O,CYS,300,47,1,0.0,0.0
4655,SG,CYS,300,47,1,0.0,0.0
4656,H,CYS,300,47,1,0.0,0.0
4657,HA,CYS,300,47,1,0.0,0.0
4658,HB2,CYS,300,47,1,0.0,0.0
4659,HB3,CYS,300,47,1,0.0,0.0
4660,N,TYR,301,48,1,0.0,0.0
4661,CA,TYR,301,48,1,0.0,0.0
4662,C,TYR,301,48,1,0.0,0.0
4663,CB,TYR,301,48,1,0.0050317845,0.5031784530729055
4664,O,TYR,301,48,1,0.014509341,1.450934074819088
4665,CG,TYR,301,48,1,0.0,0.0
4666,CD1,TYR,301,48,1,0.0,0.0
4667,CD2,TYR,301,48,1,0.0,0.0
4668,CE1,TYR,301,48,1,0.0,0.0
4669,CE2,TYR,301,48,1,0.0,0.0
4670,OH,TYR,301,48,1,0.0011161031,0.11161031434312463
4671,CZ,TYR,301,48,1,0.0,0.0
4672,H,TYR,301,48,1,0.0,0.0
4673,HA,TYR,301,48,1,0.0,0.0
4674,HB2,TYR,301,48,1,0.005309291,0.5309291183948517
4675,HB3,TYR,301,48,1,0.010618582,1.0618582367897034
4676,HD1,TYR,301,48,1,0.0,0.0
4677,HD2,TYR,301,48,1,0.0,0.0
4678,HE1,TYR,301,48,1,0.04601386,4.6013858169317245
4679,HE2,TYR,301,48,1,0.0,0.0
4680,HH,TYR,301,48,1,0.09468236,9.468235820531845
4681,N,PHE,302,49,1,0.0,0.0
4682,CA,PHE,302,49,1,0.0,0.0
4683,C,PHE,302,49,1,0.0,0.0
4684,CB,PHE,302,49,1,0.0,0.0
4685,O,PHE,302,49,1,0.0,0.0
4686,CG,PHE,302,49,1,0.0,0.0
4687,CD1,PHE,302,49,1,0.0,0.0
4688,CD2,PHE,302,49,1,0.0,0.0
4689,CE1,PHE,302,49,1,0.0,0.0
4690,CE2,PHE,302,49,1,0.0,0.0
4691,CZ,PHE,302,49,1,0.0,0.0
4692,H,PHE,302,49,1,0.0,0.0
4693,HA,PHE,302,49,1,0.0,0.0
4694,HB2,PHE,302,49,1,0.0,0.0
4695,HB3,PHE,302,49,1,0.0,0.0
4696,HD1,PHE,302,49,1,0.0,0.0
4697,HD2,PHE,302,49,1,0.0,0.0
4698,HE1,PHE,302,49,1,0.0,0.0
4699,HE2,PHE,302,49,1,0.0,0.0
4700,HZ,PHE,302,49,1,0.0,0.0
4701,N,THR,303,50,1,0.0,0.0
4702,CA,THR,303,50,1,0.0,0.0
4703,C,THR,303,50,1,0.0,0.0
4704,CB,THR,303,50,1,0.0,0.0
4705,O,THR,303,50,1,0.0011161031,0.11161031434312463
4706,CG2,THR,303,50,1,0.08679828,8.67982804775238
4707,OG1,THR,303,50,1,0.05692126,5.692125856876373
4708,H,THR,303,50,1,0.0,0.0
4709,HA,THR,303,50,1,0.0,0.0
4710,HB,THR,303,50,1,0.0,0.0
4711,HG21,THR,303,50,1,0.09025795,9.025795012712479
4712,HG22,THR,303,50,1,0.044244096,4.424409568309784
4713,HG23,THR,303,50,1,0.16901244,16.90124422311783
4714,HG1,THR,303,50,1,0.0,0.0
4715,N,ASN,304,51,1,0.0,0.0
4716,CA,ASN,304,51,1,0.0012579461,0.12579461326822639
4717,C,ASN,304,51,1,0.017611247,1.7611246556043625
4718,CB,ASN,304,51,1,0.006289731,0.6289730779826641
4719,O,ASN,304,51,1,0.04576023,4.576022922992706
4720,CG,ASN,304,51,1,0.03899633,3.899633139371872
4721,H,ASN,304,51,1,0.0,0.0
4722,HA,ASN,304,51,1,0.049553387,4.955338686704636
4723,HB2,ASN,304,51,1,0.07609984,7.609984278678894
4724,HB3,ASN,304,51,1,0.0026546456,0.26546455919742584
4725,ND2,ASN,304,51,1,0.066070974,6.607097387313843
4726,OD1,ASN,304,51,1,0.37166235,37.166234850883484
4727,HD22,ASN,304,51,1,0.09468236,9.468235820531845
4728,HD21,ASN,304,51,1,0.2495367,24.95366930961609
4729,N,GLY,305,52,1,0.029618025,2.9618024826049805
4730,CA,GLY,305,52,1,0.023900976,2.390097640454769
4731,C,GLY,305,52,1,0.0,0.0
4732,O,GLY,305,52,1,0.0,0.0
4733,H,GLY,305,52,1,0.058402203,5.8402203023433685
4734,HA2,GLY,305,52,1,0.0044244095,0.44244094751775265
4735,HA3,GLY,305,52,1,0.114149764,11.414976418018341
4736,N,THR,306,53,1,0.0,0.0
4737,CA,THR,306,53,1,0.0,0.0
4738,C,THR,306,53,1,0.0025158923,0.25158922653645277
4739,CB,THR,306,53,1,0.0,0.0
4740,O,THR,306,53,1,0.051340744,5.13407438993454
4741,CG2,THR,306,53,1,0.0,0.0
4742,OG1,THR,306,53,1,0.18638922,18.6389222741127
4743,H,THR,306,53,1,0.06282661,6.282661110162735
4744,HA,THR,306,53,1,0.0,0.0
4745,HB,THR,306,53,1,0.0,0.0
4746,HG21,THR,306,53,1,0.0,0.0
4747,HG22,THR,306,53,1,0.0,0.0
4748,HG23,THR,306,53,1,0.0,0.0
4749,HG1,THR,306,53,1,0.07521496,7.521495968103409
4750,N,GLU,307,54,1,0.0022783095,0.22783095482736826
4751,CA,GLU,307,54,1,0.0,0.0
4752,C,GLU,307,54,1,0.0,0.0
4753,CB,GLU,307,54,1,0.0025158923,0.25158922653645277
4754,O,GLU,307,54,1,0.27679357,27.679356932640076
4755,CG,GLU,307,54,1,0.021385085,2.1385084837675095
4756,CD,GLU,307,54,1,0.04277017,4.277016967535019
4757,OE1,GLU,307,54,1,0.44086075,44.08607482910156
4758,OE2,GLU,307,54,1,0.17076378,17.07637757062912
4759,H,GLU,307,54,1,0.0,0.0
4760,HA,GLU,307,54,1,0.09202772,9.202771633863449
4761,HB2,GLU,307,54,1,0.0008848819,0.08848818833939731
4762,HB3,GLU,307,54,1,0.09114283,9.114283323287964
4763,HG2,GLU,307,54,1,0.1663578,16.635780036449432
4764,HG3,GLU,307,54,1,0.0681359,6.813590228557587
4765,N,ARG,308,55,1,0.0,0.0
4766,CA,ARG,308,55,1,0.0,0.0
4767,C,ARG,308,55,1,0.0,0.0
4768,CB,ARG,308,55,1,0.0012579461,0.12579461326822639
4769,O,ARG,308,55,1,0.0011161031,0.11161031434312463
4770,CG,ARG,308,55,1,0.0,0.0
4771,CD,ARG,308,55,1,0.0075476766,0.754767656326294
4772,NE,ARG,308,55,1,0.046705347,4.670534655451775
4773,NH1,ARG,308,55,1,0.12644617,12.644617259502411
4774,NH2,ARG,308,55,1,0.1310028,13.100279867649078
4775,CZ,ARG,308,55,1,0.10189363,10.189363360404968
4776,H,ARG,308,55,1,0.0,0.0
4777,HA,ARG,308,55,1,0.015042992,1.5042992308735847
4778,HB2,ARG,308,55,1,0.11061023,11.0610231757164
4779,HB3,ARG,308,55,1,0.0,0.0
4780,HG2,ARG,308,55,1,0.020352283,2.0352283492684364
4781,HG3,ARG,308,55,1,0.14777528,14.777527749538422
4782,HD2,ARG,308,55,1,0.13361716,13.361716270446777
4783,HD3,ARG,308,55,1,0.007963937,0.7963936775922775
4784,HE,ARG,308,55,1,0.05663244,5.663244053721428
4785,HH11,ARG,308,55,1,0.15219969,15.219968557357788
4786,HH12,ARG,308,55,1,0.26104015,26.104015111923218
4787,HH21,ARG,308,55,1,0.048668504,4.86685037612915
4788,HH22,ARG,308,55,1,0.25750062,25.750061869621277
4789,N,VAL,309,56,1,0.0,0.0
4790,CA,VAL,309,56,1,0.0,0.0
4791,C,VAL,309,56,1,0.0,0.0
4792,CB,VAL,309,56,1,0.0,0.0
4793,O,VAL,309,56,1,0.09933318,9.933318197727203
4794,CG1,VAL,309,56,1,0.0,0.0
4795,CG2,VAL,309,56,1,0.0,0.0
4796,H,VAL,309,56,1,0.02831622,2.831622026860714
4797,HA,VAL,309,56,1,0.0,0.0
4798,HB,VAL,309,56,1,0.0,0.0
4799,HG11,VAL,309,56,1,0.0,0.0
4800,HG12,VAL,309,56,1,0.0,0.0
4801,HG13,VAL,309,56,1,0.0,0.0
4802,HG21,VAL,309,56,1,0.0,0.0
4803,HG22,VAL,309,56,1,0.0,0.0
4804,HG23,VAL,309,56,1,0.0,0.0
4805,N,ARG,310,57,1,0.0,0.0
4806,CA,ARG,310,57,1,0.0,0.0
4807,C,ARG,310,57,1,0.0,0.0
4808,CB,ARG,310,57,1,0.006289731,0.6289730779826641
4809,O,ARG,310,57,1,0.0,0.0
4810,CG,ARG,310,57,1,0.0,0.0
4811,CD,ARG,310,57,1,0.0025158923,0.25158922653645277
4812,NE,ARG,310,57,1,0.0,0.0
4813,NH1,ARG,310,57,1,0.02847887,2.8478870168328285
4814,NH2,ARG,310,57,1,0.026200559,2.6200558990240097
4815,CZ,ARG,310,57,1,0.0012579461,0.12579461326822639
4816,H,ARG,310,57,1,0.0,0.0
4817,HA,ARG,310,57,1,0.0,0.0
4818,HB2,ARG,310,57,1,0.031855747,3.18557471036911
4819,HB3,ARG,310,57,1,0.0,0.0
4820,HG2,ARG,310,57,1,0.0,0.0
4821,HG3,ARG,310,57,1,0.0,0.0
4822,HD2,ARG,310,57,1,0.0044244095,0.44244094751775265
4823,HD3,ARG,310,57,1,0.0,0.0
4824,HE,ARG,310,57,1,0.0,0.0
4825,HH11,ARG,310,57,1,0.040704567,4.070456698536873
4826,HH12,ARG,310,57,1,0.16193338,16.193337738513947
4827,HH21,ARG,310,57,1,0.0,0.0
4828,HH22,ARG,310,57,1,0.111495115,11.149511486291885
4829,N,TYR,311,58,1,0.0,0.0
4830,CA,TYR,311,58,1,0.0,0.0
4831,C,TYR,311,58,1,0.0,0.0
4832,CB,TYR,311,58,1,0.0,0.0
4833,O,TYR,311,58,1,0.0,0.0
4834,CG,TYR,311,58,1,0.0,0.0
4835,CD1,TYR,311,58,1,0.0,0.0
4836,CD2,TYR,311,58,1,0.0,0.0
4837,CE1,TYR,311,58,1,0.0,0.0
4838,CE2,TYR,311,58,1,0.0,0.0
4839,OH,TYR,311,58,1,0.0011161031,0.11161031434312463
4840,CZ,TYR,311,58,1,0.0,0.0
4841,H,TYR,311,58,1,0.0,0.0
4842,HA,TYR,311,58,1,0.0,0.0
4843,HB2,TYR,311,58,1,0.0,0.0
4844,HB3,TYR,311,58,1,0.0,0.0
4845,HD1,TYR,311,58,1,0.0,0.0
4846,HD2,TYR,311,58,1,0.0,0.0
4847,HE1,TYR,311,58,1,0.0,0.0
4848,HE2,TYR,311,58,1,0.0,0.0
4849,HH,TYR,311,58,1,0.0,0.0
4850,N,VAL,312,59,1,0.0,0.0
4851,CA,VAL,312,59,1,0.0,0.0
4852,C,VAL,312,59,1,0.0,0.0
4853,CB,VAL,312,59,1,0.0,0.0
4854,O,VAL,312,59,1,0.0,0.0
4855,CG1,VAL,312,59,1,0.0,0.0
4856,CG2,VAL,312,59,1,0.0,0.0
4857,H,VAL,312,59,1,0.0,0.0
4858,HA,VAL,312,59,1,0.0,0.0
4859,HB,VAL,312,59,1,0.0,0.0
4860,HG11,VAL,312,59,1,0.0,0.0
4861,HG12,VAL,312,59,1,0.0,0.0
4862,HG13,VAL,312,59,1,0.0,0.0
4863,HG21,VAL,312,59,1,0.0,0.0
4864,HG22,VAL,312,59,1,0.0,0.0
4865,HG23,VAL,312,59,1,0.0,0.0
4866,N,THR,313,60,1,0.0,0.0
4867,CA,THR,313,60,1,0.0,0.0
4868,C,THR,313,60,1,0.0,0.0
4869,CB,THR,313,60,1,0.0,0.0
4870,O,THR,313,60,1,0.0,0.0
4871,CG2,THR,313,60,1,0.0012579461,0.12579461326822639
4872,OG1,THR,313,60,1,0.0,0.0
4873,H,THR,313,60,1,0.0,0.0
4874,HA,THR,313,60,1,0.0,0.0
4875,HB,THR,313,60,1,0.0,0.0
4876,HG21,THR,313,60,1,0.012388347,1.238834671676159
4877,HG22,THR,313,60,1,0.0,0.0
4878,HG23,THR,313,60,1,0.0,0.0
4879,HG1,THR,313,60,1,0.0,0.0
4880,N,ARG,314,61,1,0.0,0.0
4881,CA,ARG,314,61,1,0.0,0.0
4882,C,ARG,314,61,1,0.0,0.0
4883,CB,ARG,314,61,1,0.0,0.0
4884,O,ARG,314,61,1,0.0,0.0
4885,CG,ARG,314,61,1,0.0,0.0
4886,CD,ARG,314,61,1,0.015095353,1.509535312652588
4887,NE,ARG,314,61,1,0.02164394,2.164394035935402
4888,NH1,ARG,314,61,1,0.0,0.0
4889,NH2,ARG,314,61,1,0.007974084,0.7974083535373211
4890,CZ,ARG,314,61,1,0.033964545,3.3964544534683228
4891,H,ARG,314,61,1,0.0,0.0
4892,HA,ARG,314,61,1,0.0,0.0
4893,HB2,ARG,314,61,1,0.0,0.0
4894,HB3,ARG,314,61,1,0.0,0.0
4895,HG2,ARG,314,61,1,0.0,0.0
4896,HG3,ARG,314,61,1,0.0,0.0
4897,HD2,ARG,314,61,1,0.02389181,2.3891810327768326
4898,HD3,ARG,314,61,1,0.0,0.0
4899,HE,ARG,314,61,1,0.0,0.0
4900,HH11,ARG,314,61,1,0.0,0.0
4901,HH12,ARG,314,61,1,0.0,0.0
4902,HH21,ARG,314,61,1,0.0,0.0
4903,HH22,ARG,314,61,1,0.0,0.0
4904,N,TYR,315,62,1,0.0,0.0
4905,CA,TYR,315,62,1,0.0,0.0
4906,C,TYR,315,62,1,0.0,0.0
4907,CB,TYR,315,62,1,0.0,0.0
4908,O,TYR,315,62,1,0.0,0.0
4909,CG,TYR,315,62,1,0.0,0.0
4910,CD1,TYR,315,62,1,0.0,0.0
4911,CD2,TYR,315,62,1,0.0,0.0
4912,CE1,TYR,315,62,1,0.0,0.0
4913,CE2,TYR,315,62,1,0.0,0.0
4914,OH,TYR,315,62,1,0.0,0.0
4915,CZ,TYR,315,62,1,0.0,0.0
4916,H,TYR,315,62,1,0.0,0.0
4917,HA,TYR,315,62,1,0.0,0.0
4918,HB2,TYR,315,62,1,0.0,0.0
4919,HB3,TYR,315,62,1,0.0,0.0
4920,HD1,TYR,315,62,1,0.0,0.0
4921,HD2,TYR,315,62,1,0.0,0.0
4922,HE1,TYR,315,62,1,0.0,0.0
4923,HE2,TYR,315,62,1,0.0,0.0
4924,HH,TYR,315,62,1,0.03274063,3.2740630209445953
4925,N,ILE,316,63,1,0.0,0.0
4926,CA,ILE,316,63,1,0.0,0.0
4927,C,ILE,316,63,1,0.0,0.0
4928,CB,ILE,316,63,1,0.0,0.0
4929,O,ILE,316,63,1,0.0,0.0
4930,CG1,ILE,316,63,1,0.0,0.0
4931,CG2,ILE,316,63,1,0.0,0.0
4932,CD1,ILE,316,63,1,0.0,0.0
4933,H,ILE,316,63,1,0.0,0.0
4934,HA,ILE,316,63,1,0.0,0.0
4935,HB,ILE,316,63,1,0.0,0.0
4936,HG12,ILE,316,63,1,0.0,0.0
4937,HG13,ILE,316,63,1,0.0,0.0
4938,HG21,ILE,316,63,1,0.0,0.0
4939,HG22,ILE,316,63,1,0.0,0.0
4940,HG23,ILE,316,63,1,0.0,0.0
4941,HD11,ILE,316,63,1,0.0,0.0
4942,HD12,ILE,316,63,1,0.0,0.0
4943,HD13,ILE,316,63,1,0.0,0.0
4944,N,TYR,317,64,1,0.0,0.0
4945,CA,TYR,317,64,1,0.0,0.0
4946,C,TYR,317,64,1,0.0,0.0
4947,CB,TYR,317,64,1,0.0,0.0
4948,O,TYR,317,64,1,0.0022322063,0.22322062868624926
4949,CG,TYR,317,64,1,0.0,0.0
4950,CD1,TYR,317,64,1,0.0,0.0
4951,CD2,TYR,317,64,1,0.0,0.0
4952,CE1,TYR,317,64,1,0.0,0.0
4953,CE2,TYR,317,64,1,0.0,0.0
4954,OH,TYR,317,64,1,0.0,0.0
4955,CZ,TYR,317,64,1,0.0,0.0
4956,H,TYR,317,64,1,0.0,0.0
4957,HA,TYR,317,64,1,0.0,0.0
4958,HB2,TYR,317,64,1,0.0,0.0
4959,HB3,TYR,317,64,1,0.0,0.0
4960,HD1,TYR,317,64,1,0.022122048,2.212204784154892
4961,HD2,TYR,317,64,1,0.0,0.0
4962,HE1,TYR,317,64,1,0.007963937,0.7963936775922775
4963,HE2,TYR,317,64,1,0.0,0.0
4964,HH,TYR,317,64,1,0.0,0.0
4965,N,ASN,318,65,1,0.0,0.0
4966,CA,ASN,318,65,1,0.0,0.0
4967,C,ASN,318,65,1,0.0,0.0
4968,CB,ASN,318,65,1,0.0050317845,0.5031784530729055
4969,O,ASN,318,65,1,0.0,0.0
4970,CG,ASN,318,65,1,0.0,0.0
4971,H,ASN,318,65,1,0.0,0.0
4972,HA,ASN,318,65,1,0.0,0.0
4973,HB2,ASN,318,65,1,0.010618582,1.0618582367897034
4974,HB3,ASN,318,65,1,0.017697638,1.7697637900710106
4975,ND2,ASN,318,65,1,0.0,0.0
4976,OD1,ASN,318,65,1,0.0,0.0
4977,HD22,ASN,318,65,1,0.09202772,9.202771633863449
4978,HD21,ASN,318,65,1,0.0,0.0
4979,N,ARG,319,66,1,0.0,0.0
4980,CA,ARG,319,66,1,0.0,0.0
4981,C,ARG,319,66,1,0.008805623,0.8805623278021812
4982,CB,ARG,319,66,1,0.010063569,1.006356906145811
4983,O,ARG,319,66,1,0.13839678,13.839678466320038
4984,CG,ARG,319,66,1,0.0,0.0
4985,CD,ARG,319,66,1,0.0,0.0
4986,NE,ARG,319,66,1,0.0022783095,0.22783095482736826
4987,NH1,ARG,319,66,1,0.02164394,2.164394035935402
4988,NH2,ARG,319,66,1,0.036452953,3.645295277237892
4989,CZ,ARG,319,66,1,0.050317846,5.031784623861313
4990,H,ARG,319,66,1,0.035395276,3.539527580142021
4991,HA,ARG,319,66,1,0.0,0.0
4992,HB2,ARG,319,66,1,0.12476835,12.476834654808044
4993,HB3,ARG,319,66,1,0.02389181,2.3891810327768326
4994,HG2,ARG,319,66,1,0.0,0.0
4995,HG3,ARG,319,66,1,0.0,0.0
4996,HD2,ARG,319,66,1,0.0,0.0
4997,HD3,ARG,319,66,1,0.04689874,4.68987412750721
4998,HE,ARG,319,66,1,0.0,0.0
4999,HH11,ARG,319,66,1,0.0,0.0
5000,HH12,ARG,319,66,1,0.048668504,4.86685037612915
5001,HH21,ARG,319,66,1,0.0008848819,0.08848818833939731
5002,HH22,ARG,319,66,1,0.09733701,9.7337007522583
5003,N,GLU,320,67,1,0.0,0.0
5004,CA,GLU,320,67,1,0.0,0.0
5005,C,GLU,320,67,1,0.0,0.0
5006,CB,GLU,320,67,1,0.0012579461,0.12579461326822639
5007,O,GLU,320,67,1,0.0,0.0
5008,CG,GLU,320,67,1,0.0,0.0
5009,CD,GLU,320,67,1,0.04151222,4.151222109794617
5010,OE2,GLU,320,67,1,0.12611966,12.611965835094452
5011,OE1,GLU,320,67,1,0.21094349,21.094349026679993
5012,H,GLU,320,67,1,0.0,0.0
5013,HA,GLU,320,67,1,0.025661575,2.566157467663288
5014,HB2,GLU,320,67,1,0.12742299,12.74229884147644
5015,HB3,GLU,320,67,1,0.0,0.0
5016,HG2,GLU,320,67,1,0.0,0.0
5017,HG3,GLU,320,67,1,0.14335087,14.335086941719055
5018,HE2,GLU,320,67,1,0.209717,20.97170054912567
5019,N,GLU,321,68,1,0.0,0.0
5020,CA,GLU,321,68,1,0.0,0.0
5021,C,GLU,321,68,1,0.0,0.0
5022,CB,GLU,321,68,1,0.0,0.0
5023,O,GLU,321,68,1,0.016741548,1.6741547733545303
5024,CG,GLU,321,68,1,0.0,0.0
5025,CD,GLU,321,68,1,0.0,0.0
5026,OE2,GLU,321,68,1,0.0,0.0
5027,OE1,GLU,321,68,1,0.006696619,0.6696619093418121
5028,H,GLU,321,68,1,0.049553387,4.955338686704636
5029,HA,GLU,321,68,1,0.0,0.0
5030,HB2,GLU,321,68,1,0.0,0.0
5031,HB3,GLU,321,68,1,0.044244096,4.424409568309784
5032,HG2,GLU,321,68,1,0.0,0.0
5033,HG3,GLU,321,68,1,0.0,0.0
5034,HE2,GLU,321,68,1,0.0,0.0
5035,N,TYR,322,69,1,0.0,0.0
5036,CA,TYR,322,69,1,0.0,0.0
5037,C,TYR,322,69,1,0.0,0.0
5038,CB,TYR,322,69,1,0.0,0.0
5039,O,TYR,322,69,1,0.0,0.0
5040,CG,TYR,322,69,1,0.0,0.0
5041,CD1,TYR,322,69,1,0.0,0.0
5042,CD2,TYR,322,69,1,0.0,0.0
5043,CE1,TYR,322,69,1,0.0,0.0
5044,CE2,TYR,322,69,1,0.0,0.0
5045,OH,TYR,322,69,1,0.0,0.0
5046,CZ,TYR,322,69,1,0.0,0.0
5047,H,TYR,322,69,1,0.0,0.0
5048,HA,TYR,322,69,1,0.0,0.0
5049,HB2,TYR,322,69,1,0.0,0.0
5050,HB3,TYR,322,69,1,0.0,0.0
5051,HD1,TYR,322,69,1,0.0,0.0
5052,HD2,TYR,322,69,1,0.0,0.0
5053,HE1,TYR,322,69,1,0.0,0.0
5054,HE2,TYR,322,69,1,0.0,0.0
5055,HH,TYR,322,69,1,0.0,0.0
5056,N,ALA,323,70,1,0.0,0.0
5057,CA,ALA,323,70,1,0.0,0.0
5058,C,ALA,323,70,1,0.0,0.0
5059,CB,ALA,323,70,1,0.0,0.0
5060,O,ALA,323,70,1,0.0,0.0
5061,H,ALA,323,70,1,0.0,0.0
5062,HA,ALA,323,70,1,0.0,0.0
5063,HB1,ALA,323,70,1,0.0,0.0
5064,HB2,ALA,323,70,1,0.0,0.0
5065,HB3,ALA,323,70,1,0.0,0.0
5066,N,ARG,324,71,1,0.0,0.0
5067,CA,ARG,324,71,1,0.0,0.0
5068,C,ARG,324,71,1,0.0,0.0
5069,CB,ARG,324,71,1,0.0,0.0
5070,O,ARG,324,71,1,0.0,0.0
5071,CG,ARG,324,71,1,0.0,0.0
5072,CD,ARG,324,71,1,0.0,0.0
5073,NE,ARG,324,71,1,0.0011391548,0.11391547741368413
5074,NH1,ARG,324,71,1,0.04328788,4.328788071870804
5075,NH2,ARG,324,71,1,0.033035487,3.3035486936569214
5076,CZ,ARG,324,71,1,0.03899633,3.899633139371872
5077,H,ARG,324,71,1,0.0,0.0
5078,HA,ARG,324,71,1,0.0,0.0
5079,HB2,ARG,324,71,1,0.0,0.0
5080,HB3,ARG,324,71,1,0.0,0.0
5081,HG2,ARG,324,71,1,0.005309291,0.5309291183948517
5082,HG3,ARG,324,71,1,0.013273228,1.3273227959871292
5083,HD2,ARG,324,71,1,0.13273229,13.273228704929352
5084,HD3,ARG,324,71,1,0.0,0.0
5085,HE,ARG,324,71,1,0.0,0.0
5086,HH11,ARG,324,71,1,0.017697638,1.7697637900710106
5087,HH12,ARG,324,71,1,0.011503465,1.1503464542329311
5088,HH21,ARG,324,71,1,0.0061941734,0.6194173358380795
5089,HH22,ARG,324,71,1,0.06017197,6.017196923494339
5090,N,PHE,325,72,1,0.0,0.0
5091,CA,PHE,325,72,1,0.0,0.0
5092,C,PHE,325,72,1,0.0,0.0
5093,CB,PHE,325,72,1,0.0,0.0
5094,O,PHE,325,72,1,0.0,0.0
5095,CG,PHE,325,72,1,0.0,0.0
5096,CD1,PHE,325,72,1,0.0,0.0
5097,CD2,PHE,325,72,1,0.0,0.0
5098,CE1,PHE,325,72,1,0.0,0.0
5099,CE2,PHE,325,72,1,0.0,0.0
5100,CZ,PHE,325,72,1,0.0,0.0
5101,H,PHE,325,72,1,0.0,0.0
5102,HA,PHE,325,72,1,0.0,0.0
5103,HB2,PHE,325,72,1,0.0,0.0
5104,HB3,PHE,325,72,1,0.0,0.0
5105,HD1,PHE,325,72,1,0.0,0.0
5106,HD2,PHE,325,72,1,0.0,0.0
5107,HE1,PHE,325,72,1,0.0,0.0
5108,HE2,PHE,325,72,1,0.0,0.0
5109,HZ,PHE,325,72,1,0.0035395275,0.35395275335758924
5110,N,ASP,326,73,1,0.0011391548,0.11391547741368413
5111,CA,ASP,326,73,1,0.0,0.0
5112,C,ASP,326,73,1,0.0,0.0
5113,CB,ASP,326,73,1,0.015095353,1.509535312652588
5114,O,ASP,326,73,1,0.0,0.0
5115,CG,ASP,326,73,1,0.0,0.0
5116,OD1,ASP,326,73,1,0.0,0.0
5117,OD2,ASP,326,73,1,0.04910854,4.910853877663612
5118,H,ASP,326,73,1,0.0017697638,0.17697637667879462
5119,HA,ASP,326,73,1,0.0,0.0
5120,HB2,ASP,326,73,1,0.0061941734,0.6194173358380795
5121,HB3,ASP,326,73,1,0.010618582,1.0618582367897034
5122,N,SER,327,74,1,0.0,0.0
5123,CA,SER,327,74,1,0.0,0.0
5124,C,SER,327,74,1,0.0,0.0
5125,CB,SER,327,74,1,0.006289731,0.6289730779826641
5126,O,SER,327,74,1,0.08705605,8.705604821443558
5127,OG,SER,327,74,1,0.012277135,1.227713469415903
5128,H,SER,327,74,1,0.0,0.0
5129,HA,SER,327,74,1,0.0035395275,0.35395275335758924
5130,HB2,SER,327,74,1,0.044244096,4.424409568309784
5131,HB3,SER,327,74,1,0.0,0.0
5132,HG,SER,327,74,1,0.0,0.0
5133,N,ASP,328,75,1,0.0,0.0
5134,CA,ASP,328,75,1,0.0,0.0
5135,C,ASP,328,75,1,0.0,0.0
5136,CB,ASP,328,75,1,0.011321515,1.132151484489441
5137,O,ASP,328,75,1,0.30469617,30.469617247581482
5138,CG,ASP,328,75,1,0.04151222,4.151222109794617
5139,OD1,ASP,328,75,1,0.20759518,20.759518444538116
5140,OD2,ASP,328,75,1,0.15179002,15.179002285003662
5141,H,ASP,328,75,1,0.0,0.0
5142,HA,ASP,328,75,1,0.06725103,6.725102663040161
5143,HB2,ASP,328,75,1,0.0026546456,0.26546455919742584
5144,HB3,ASP,328,75,1,0.12919275,12.919275462627411
5145,N,VAL,329,76,1,0.0,0.0
5146,CA,VAL,329,76,1,0.0,0.0
5147,C,VAL,329,76,1,0.0,0.0
5148,CB,VAL,329,76,1,0.0,0.0
5149,O,VAL,329,76,1,0.15290613,15.2906134724617
5150,CG1,VAL,329,76,1,0.0050317845,0.5031784530729055
5151,CG2,VAL,329,76,1,0.076734714,7.673471421003342
5152,H,VAL,329,76,1,0.0,0.0
5153,HA,VAL,329,76,1,0.059287086,5.928708612918854
5154,HB,VAL,329,76,1,0.0,0.0
5155,HG11,VAL,329,76,1,0.033625513,3.3625513315200806
5156,HG12,VAL,329,76,1,0.06725103,6.725102663040161
5157,HG13,VAL,329,76,1,0.0,0.0
5158,HG21,VAL,329,76,1,0.0026546456,0.26546455919742584
5159,HG22,VAL,329,76,1,0.12830788,12.830787897109985
5160,HG23,VAL,329,76,1,0.1026463,10.264629870653152
5161,N,GLU,330,77,1,0.0,0.0
5162,CA,GLU,330,77,1,0.0,0.0
5163,C,GLU,330,77,1,0.0,0.0
5164,CB,GLU,330,77,1,0.0,0.0
5165,O,GLU,330,77,1,0.0,0.0
5166,CG,GLU,330,77,1,0.0,0.0
5167,CD,GLU,330,77,1,0.044028115,4.402811452746391
5168,OE1,GLU,330,77,1,0.4642989,46.429890394210815
5169,OE2,GLU,330,77,1,0.3493403,34.93402898311615
5170,H,GLU,330,77,1,0.0,0.0
5171,HA,GLU,330,77,1,0.0,0.0
5172,HB2,GLU,330,77,1,0.033625513,3.3625513315200806
5173,HB3,GLU,330,77,1,0.0,0.0
5174,HG2,GLU,330,77,1,0.02300693,2.3006929084658623
5175,HG3,GLU,330,77,1,0.01415811,1.415811013430357
5176,N,VAL,331,78,1,0.0,0.0
5177,CA,VAL,331,78,1,0.0,0.0
5178,C,VAL,331,78,1,0.0,0.0
5179,CB,VAL,331,78,1,0.0,0.0
5180,O,VAL,331,78,1,0.0033483095,0.33483095467090607
5181,CG1,VAL,331,78,1,0.049059898,4.905989766120911
5182,CG2,VAL,331,78,1,0.008805623,0.8805623278021812
5183,H,VAL,331,78,1,0.0,0.0
5184,HA,VAL,331,78,1,0.0,0.0
5185,HB,VAL,331,78,1,0.005309291,0.5309291183948517
5186,HG11,VAL,331,78,1,0.19467402,19.4674015045166
5187,HG12,VAL,331,78,1,0.035395276,3.539527580142021
5188,HG13,VAL,331,78,1,0.017697638,1.7697637900710106
5189,HG21,VAL,331,78,1,0.16724268,16.724267601966858
5190,HG22,VAL,331,78,1,0.0035395275,0.35395275335758924
5191,HG23,VAL,331,78,1,0.0,0.0
5192,N,TYR,332,79,1,0.0,0.0
5193,CA,TYR,332,79,1,0.0,0.0
5194,C,TYR,332,79,1,0.0,0.0
5195,CB,TYR,332,79,1,0.0,0.0
5196,O,TYR,332,79,1,0.040179715,4.017971456050873
5197,CG,TYR,332,79,1,0.0,0.0
5198,CD1,TYR,332,79,1,0.0,0.0
5199,CD2,TYR,332,79,1,0.0,0.0
5200,CE1,TYR,332,79,1,0.0,0.0
5201,CE2,TYR,332,79,1,0.0,0.0
5202,OH,TYR,332,79,1,0.0,0.0
5203,CZ,TYR,332,79,1,0.0,0.0
5204,H,TYR,332,79,1,0.0,0.0
5205,HA,TYR,332,79,1,0.0,0.0
5206,HB2,TYR,332,79,1,0.0,0.0
5207,HB3,TYR,332,79,1,0.0,0.0
5208,HD1,TYR,332,79,1,0.0,0.0
5209,HD2,TYR,332,79,1,0.0,0.0
5210,HE1,TYR,332,79,1,0.0,0.0
5211,HE2,TYR,332,79,1,0.0,0.0
5212,HH,TYR,332,79,1,0.030085985,3.0085984617471695
5213,N,ARG,333,80,1,0.0,0.0
5214,CA,ARG,333,80,1,0.0,0.0
5215,C,ARG,333,80,1,0.0,0.0
5216,CB,ARG,333,80,1,0.011321515,1.132151484489441
5217,O,ARG,333,80,1,0.0,0.0
5218,CG,ARG,333,80,1,0.0,0.0
5219,CD,ARG,333,80,1,0.0012579461,0.12579461326822639
5220,NE,ARG,333,80,1,0.022783095,2.278309501707554
5221,NH1,ARG,333,80,1,0.12872449,12.872448563575745
5222,NH2,ARG,333,80,1,0.10594139,10.594139248132706
5223,CZ,ARG,333,80,1,0.07799266,7.799266278743744
5224,H,ARG,333,80,1,0.0,0.0
5225,HA,ARG,333,80,1,0.02300693,2.3006929084658623
5226,HB2,ARG,333,80,1,0.04247433,4.2474329471588135
5227,HB3,ARG,333,80,1,0.021237165,2.1237164735794067
5228,HG2,ARG,333,80,1,0.022122048,2.212204784154892
5229,HG3,ARG,333,80,1,0.027431339,2.7431339025497437
5230,HD2,ARG,333,80,1,0.12476835,12.476834654808044
5231,HD3,ARG,333,80,1,0.12299858,12.299858033657074
5232,HE,ARG,333,80,1,0.0,0.0
5233,HH11,ARG,333,80,1,0.17255197,17.25519746541977
5234,HH12,ARG,333,80,1,0.25484598,25.48459768295288
5235,HH21,ARG,333,80,1,0.10707071,10.707070678472519
5236,HH22,ARG,333,80,1,0.25661576,25.66157579421997
5237,N,ALA,334,81,1,0.0,0.0
5238,CA,ALA,334,81,1,0.0,0.0
5239,C,ALA,334,81,1,0.0,0.0
5240,CB,ALA,334,81,1,0.010063569,1.006356906145811
5241,O,ALA,334,81,1,0.23103335,23.10333549976349
5242,H,ALA,334,81,1,0.076984726,7.698472589254379
5243,HA,ALA,334,81,1,0.0,0.0
5244,HB1,ALA,334,81,1,0.05132315,5.132314935326576
5245,HB2,ALA,334,81,1,0.0,0.0
5246,HB3,ALA,334,81,1,0.07609984,7.609984278678894
5247,N,VAL,335,82,1,0.0,0.0
5248,CA,VAL,335,82,1,0.0,0.0
5249,C,VAL,335,82,1,0.011321515,1.132151484489441
5250,CB,VAL,335,82,1,0.0,0.0
5251,O,VAL,335,82,1,0.26898086,26.898086071014404
5252,CG1,VAL,335,82,1,0.072960876,7.296087592840195
5253,CG2,VAL,335,82,1,0.006289731,0.6289730779826641
5254,H,VAL,335,82,1,0.0,0.0
5255,HA,VAL,335,82,1,0.05663244,5.663244053721428
5256,HB,VAL,335,82,1,0.0,0.0
5257,HG11,VAL,335,82,1,0.049553387,4.955338686704636
5258,HG12,VAL,335,82,1,0.1415811,14.158110320568085
5259,HG13,VAL,335,82,1,0.04689874,4.68987412750721
5260,HG21,VAL,335,82,1,0.0,0.0
5261,HG22,VAL,335,82,1,0.035395276,3.539527580142021
5262,HG23,VAL,335,82,1,0.0061941734,0.6194173358380795
5263,N,THR,336,83,1,0.0,0.0
5264,CA,THR,336,83,1,0.0,0.0
5265,C,THR,336,83,1,0.033964545,3.3964544534683228
5266,CB,THR,336,83,1,0.0,0.0
5267,O,THR,336,83,1,0.011161031,1.116103120148182
5268,CG2,THR,336,83,1,0.02264303,2.264302968978882
5269,OG1,THR,336,83,1,0.0011161031,0.11161031434312463
5270,H,THR,336,83,1,0.0,0.0
5271,HA,THR,336,83,1,0.027431339,2.7431339025497437
5272,HB,THR,336,83,1,0.008848819,0.8848818950355053
5273,HG21,THR,336,83,1,0.0,0.0
5274,HG22,THR,336,83,1,0.0,0.0
5275,HG23,THR,336,83,1,0.11768929,11.768928915262222
5276,HG1,THR,336,83,1,0.0,0.0
5277,N,PRO,337,84,1,0.0,0.0
5278,CA,PRO,337,84,1,0.0,0.0
5279,C,PRO,337,84,1,0.0012579461,0.12579461326822639
5280,CB,PRO,337,84,1,0.025158923,2.5158923119306564
5281,O,PRO,337,84,1,0.16295105,16.29510521888733
5282,CG,PRO,337,84,1,0.033964545,3.3964544534683228
5283,CD,PRO,337,84,1,0.047801953,4.780195280909538
5284,HA,PRO,337,84,1,0.063711494,6.37114942073822
5285,HB2,PRO,337,84,1,0.13361716,13.361716270446777
5286,HB3,PRO,337,84,1,0.1999833,19.998329877853394
5287,HG2,PRO,337,84,1,0.23095417,23.095417022705078
5288,HG3,PRO,337,84,1,0.20883213,20.883212983608246
5289,HD2,PRO,337,84,1,0.08229402,8.229401707649231
5290,HD3,PRO,337,84,1,0.12830788,12.830787897109985
5291,N,LEU,338,85,1,0.0,0.0
5292,CA,LEU,338,85,1,0.0,0.0
5293,C,LEU,338,85,1,0.0,0.0
5294,CB,LEU,338,85,1,0.0,0.0
5295,O,LEU,338,85,1,0.0,0.0
5296,CG,LEU,338,85,1,0.0,0.0
5297,CD1,LEU,338,85,1,0.011321515,1.132151484489441
5298,CD2,LEU,338,85,1,0.012579462,1.2579461559653282
5299,H,LEU,338,85,1,0.0,0.0
5300,HA,LEU,338,85,1,0.0,0.0
5301,HB2,LEU,338,85,1,0.0,0.0
5302,HB3,LEU,338,85,1,0.0,0.0
5303,HG,LEU,338,85,1,0.09468236,9.468235820531845
5304,HD11,LEU,338,85,1,0.0,0.0
5305,HD12,LEU,338,85,1,0.07079055,7.079055160284042
5306,HD13,LEU,338,85,1,0.0035395275,0.35395275335758924
5307,HD21,LEU,338,85,1,0.03716504,3.716503828763962
5308,HD22,LEU,338,85,1,0.01858252,1.858251914381981
5309,HD23,LEU,338,85,1,0.0,0.0
5310,N,GLY,339,86,1,0.0,0.0
5311,CA,GLY,339,86,1,0.0,0.0
5312,C,GLY,339,86,1,0.0,0.0
5313,O,GLY,339,86,1,0.0,0.0
5314,H,GLY,339,86,1,0.0,0.0
5315,HA2,GLY,339,86,1,0.0,0.0
5316,HA3,GLY,339,86,1,0.0,0.0
5317,N,PRO,340,87,1,0.0,0.0
5318,CA,PRO,340,87,1,0.0,0.0
5319,C,PRO,340,87,1,0.0,0.0
5320,CB,PRO,340,87,1,0.020127138,2.012713812291622
5321,O,PRO,340,87,1,0.0,0.0
5322,CG,PRO,340,87,1,0.021385085,2.1385084837675095
5323,CD,PRO,340,87,1,0.0,0.0
5324,HA,PRO,340,87,1,0.01858252,1.858251914381981
5325,HB2,PRO,340,87,1,0.086718425,8.671842515468597
5326,HB3,PRO,340,87,1,0.09822189,9.822189062833786
5327,HG2,PRO,340,87,1,0.1513148,15.131479501724243
5328,HG3,PRO,340,87,1,0.12299858,12.299858033657074
5329,HD2,PRO,340,87,1,0.0,0.0
5330,HD3,PRO,340,87,1,0.0,0.0
5331,N,PRO,341,88,1,0.0,0.0
5332,CA,PRO,341,88,1,0.0,0.0
5333,C,PRO,341,88,1,0.0,0.0
5334,CB,PRO,341,88,1,0.0,0.0
5335,O,PRO,341,88,1,0.037947506,3.7947505712509155
5336,CG,PRO,341,88,1,0.036480438,3.6480437964200974
5337,CD,PRO,341,88,1,0.0012579461,0.12579461326822639
5338,HA,PRO,341,88,1,0.07079055,7.079055160284042
5339,HB2,PRO,341,88,1,0.0,0.0
5340,HB3,PRO,341,88,1,0.16901244,16.90124422311783
5341,HG2,PRO,341,88,1,0.025661575,2.566157467663288
5342,HG3,PRO,341,88,1,0.20706236,20.706236362457275
5343,HD2,PRO,341,88,1,0.0,0.0
5344,HD3,PRO,341,88,1,0.030085985,3.0085984617471695
5345,N,ASP,342,89,1,0.0,0.0
5346,CA,ASP,342,89,1,0.0,0.0
5347,C,ASP,342,89,1,0.0,0.0
5348,CB,ASP,342,89,1,0.0,0.0
5349,O,ASP,342,89,1,0.0,0.0
5350,CG,ASP,342,89,1,0.006289731,0.6289730779826641
5351,OD1,ASP,342,89,1,0.006696619,0.6696619093418121
5352,OD2,ASP,342,89,1,0.016741548,1.6741547733545303
5353,H,ASP,342,89,1,0.0,0.0
5354,HA,ASP,342,89,1,0.0,0.0
5355,HB2,ASP,342,89,1,0.0,0.0
5356,HB3,ASP,342,89,1,0.0,0.0
5357,HD2,ASP,342,89,1,0.0,0.0
5358,N,ALA,343,90,1,0.0,0.0
5359,CA,ALA,343,90,1,0.0,0.0
5360,C,ALA,343,90,1,0.0,0.0
5361,CB,ALA,343,90,1,0.0037738383,0.377383828163147
5362,O,ALA,343,90,1,0.0,0.0
5363,H,ALA,343,90,1,0.0,0.0
5364,HA,ALA,343,90,1,0.0,0.0
5365,HB1,ALA,343,90,1,0.034510393,3.451039269566536
5366,HB2,ALA,343,90,1,0.0,0.0
5367,HB3,ALA,343,90,1,0.0,0.0
5368,N,GLU,344,91,1,0.0,0.0
5369,CA,GLU,344,91,1,0.0,0.0
5370,C,GLU,344,91,1,0.0012579461,0.12579461326822639
5371,CB,GLU,344,91,1,0.0050317845,0.5031784530729055
5372,O,GLU,344,91,1,0.027902579,2.7902578935027122
5373,CG,GLU,344,91,1,0.017611247,1.7611246556043625
5374,CD,GLU,344,91,1,0.04528606,4.528605937957764
5375,OE1,GLU,344,91,1,0.3884039,38.840389251708984
5376,OE2,GLU,344,91,1,0.3560369,35.6036901473999
5377,H,GLU,344,91,1,0.0,0.0
5378,HA,GLU,344,91,1,0.02300693,2.3006929084658623
5379,HB2,GLU,344,91,1,0.0035395275,0.35395275335758924
5380,HB3,GLU,344,91,1,0.116804406,11.680440604686737
5381,HG2,GLU,344,91,1,0.17874613,17.874613404273987
5382,HG3,GLU,344,91,1,0.052208032,5.2208032459020615
5383,N,TYR,345,92,1,0.007974084,0.7974083535373211
5384,CA,TYR,345,92,1,0.0012579461,0.12579461326822639
5385,C,TYR,345,92,1,0.0,0.0
5386,CB,TYR,345,92,1,0.0,0.0
5387,O,TYR,345,92,1,0.0,0.0
5388,CG,TYR,345,92,1,0.0,0.0
5389,CD1,TYR,345,92,1,0.0,0.0
5390,CD2,TYR,345,92,1,0.0037738383,0.377383828163147
5391,CE1,TYR,345,92,1,0.0,0.0
5392,CE2,TYR,345,92,1,0.027674815,2.767481468617916
5393,OH,TYR,345,92,1,0.1439773,14.397729933261871
5394,CZ,TYR,345,92,1,0.0,0.0
5395,H,TYR,345,92,1,0.0,0.0
5396,HA,TYR,345,92,1,0.04778362,4.778362065553665
5397,HB2,TYR,345,92,1,0.04689874,4.68987412750721
5398,HB3,TYR,345,92,1,0.0,0.0
5399,HD1,TYR,345,92,1,0.0,0.0
5400,HD2,TYR,345,92,1,0.13007763,13.007763028144836
5401,HE1,TYR,345,92,1,0.0,0.0
5402,HE2,TYR,345,92,1,0.15573922,15.573921799659729
5403,HH,TYR,345,92,1,0.007079055,0.7079055067151785
5404,N,TRP,346,93,1,0.0,0.0
5405,CA,TRP,346,93,1,0.0,0.0
5406,C,TRP,346,93,1,0.0,0.0
5407,CB,TRP,346,93,1,0.0,0.0
5408,O,TRP,346,93,1,0.0,0.0
5409,CG,TRP,346,93,1,0.0,0.0
5410,CD1,TRP,346,93,1,0.0,0.0
5411,CD2,TRP,346,93,1,0.0,0.0
5412,CE2,TRP,346,93,1,0.0,0.0
5413,CE3,TRP,346,93,1,0.0,0.0
5414,NE1,TRP,346,93,1,0.0,0.0
5415,CH2,TRP,346,93,1,0.0,0.0
5416,CZ2,TRP,346,93,1,0.0,0.0
5417,CZ3,TRP,346,93,1,0.0,0.0
5418,H,TRP,346,93,1,0.0,0.0
5419,HA,TRP,346,93,1,0.0,0.0
5420,HB2,TRP,346,93,1,0.0,0.0
5421,HB3,TRP,346,93,1,0.0,0.0
5422,HD1,TRP,346,93,1,0.0,0.0
5423,HE1,TRP,346,93,1,0.0,0.0
5424,HE3,TRP,346,93,1,0.0,0.0
5425,HZ2,TRP,346,93,1,0.021237165,2.1237164735794067
5426,HZ3,TRP,346,93,1,0.0,0.0
5427,HH2,TRP,346,93,1,0.0,0.0
5428,N,ASN,347,94,1,0.0,0.0
5429,CA,ASN,347,94,1,0.0,0.0
5430,C,ASN,347,94,1,0.0075476766,0.754767656326294
5431,CB,ASN,347,94,1,0.0163533,1.6353299841284752
5432,O,ASN,347,94,1,0.17187989,17.187988758087158
5433,CG,ASN,347,94,1,0.0050317845,0.5031784530729055
5434,H,ASN,347,94,1,0.0,0.0
5435,HA,ASN,347,94,1,0.0,0.0
5436,HB2,ASN,347,94,1,0.015927874,1.592787355184555
5437,HB3,ASN,347,94,1,0.14600551,14.600551128387451
5438,ND2,ASN,347,94,1,0.048983656,4.8983655869960785
5439,OD1,ASN,347,94,1,0.0,0.0
5440,HD22,ASN,347,94,1,0.12476835,12.476834654808044
5441,HD21,ASN,347,94,1,0.0008848819,0.08848818833939731
5442,N,SER,348,95,1,0.0022783095,0.22783095482736826
5443,CA,SER,348,95,1,0.0,0.0
5444,C,SER,348,95,1,0.0012579461,0.12579461326822639
5445,CB,SER,348,95,1,0.049059898,4.905989766120911
5446,O,SER,348,95,1,0.281258,28.12579870223999
5447,OG,SER,348,95,1,0.15848665,15.848664939403534
5448,H,SER,348,95,1,0.0,0.0
5449,HA,SER,348,95,1,0.12653811,12.653811275959015
5450,HB2,SER,348,95,1,0.19378914,19.378913938999176
5451,HB3,SER,348,95,1,0.1026463,10.264629870653152
5452,HG,SER,348,95,1,0.0,0.0
5453,N,GLN,349,96,1,0.0,0.0
5454,CA,GLN,349,96,1,0.0,0.0
5455,C,GLN,349,96,1,0.0,0.0
5456,CB,GLN,349,96,1,0.0,0.0
5457,O,GLN,349,96,1,0.0,0.0
5458,CG,GLN,349,96,1,0.023900976,2.390097640454769
5459,CD,GLN,349,96,1,0.031448655,3.144865483045578
5460,H,GLN,349,96,1,0.0,0.0
5461,HA,GLN,349,96,1,0.022122048,2.212204784154892
5462,HB2,GLN,349,96,1,0.0035395275,0.35395275335758924
5463,HB3,GLN,349,96,1,0.0,0.0
5464,HG2,GLN,349,96,1,0.044244096,4.424409568309784
5465,HG3,GLN,349,96,1,0.116804406,11.680440604686737
5466,NE2,GLN,349,96,1,0.066070974,6.607097387313843
5467,OE1,GLN,349,96,1,0.0011161031,0.11161031434312463
5468,HE21,GLN,349,96,1,0.08583354,8.583354204893112
5469,HE22,GLN,349,96,1,0.18317056,18.317055702209473
5470,N,LYS,350,97,1,0.0011391548,0.11391547741368413
5471,CA,LYS,350,97,1,0.0,0.0
5472,C,LYS,350,97,1,0.0,0.0
5473,CB,LYS,350,97,1,0.010063569,1.006356906145811
5474,O,LYS,350,97,1,0.0,0.0
5475,CG,LYS,350,97,1,0.0,0.0
5476,CD,LYS,350,97,1,0.012579462,1.2579461559653282
5477,CE,LYS,350,97,1,0.0037738383,0.377383828163147
5478,NZ,LYS,350,97,1,0.017087322,1.7087321728467941
5479,H,LYS,350,97,1,0.07256032,7.256031781435013
5480,HA,LYS,350,97,1,0.029201102,2.9201101511716843
5481,HB2,LYS,350,97,1,0.13361716,13.361716270446777
5482,HB3,LYS,350,97,1,0.09733701,9.7337007522583
5483,HG2,LYS,350,97,1,0.005309291,0.5309291183948517
5484,HG3,LYS,350,97,1,0.11857417,11.857417225837708
5485,HD2,LYS,350,97,1,0.14689039,14.689038693904877
5486,HD3,LYS,350,97,1,0.15042992,15.042991936206818
5487,HE2,LYS,350,97,1,0.007079055,0.7079055067151785
5488,HE3,LYS,350,97,1,0.17343685,17.343685030937195
5489,HZ1,LYS,350,97,1,0.27962267,27.96226739883423
5490,HZ2,LYS,350,97,1,0.22476,22.47599959373474
5491,HZ3,LYS,350,97,1,0.25484598,25.48459768295288
5492,N,GLU,351,98,1,0.0022783095,0.22783095482736826
5493,CA,GLU,351,98,1,0.0,0.0
5494,C,GLU,351,98,1,0.0,0.0
5495,CB,GLU,351,98,1,0.0012579461,0.12579461326822639
5496,O,GLU,351,98,1,0.0,0.0
5497,CG,GLU,351,98,1,0.0075476766,0.754767656326294
5498,CD,GLU,351,98,1,0.050317846,5.031784623861313
5499,OE1,GLU,351,98,1,0.4241192,42.41192042827606
5500,OE2,GLU,351,98,1,0.37501067,37.50106692314148
5501,H,GLU,351,98,1,0.026546456,2.6546455919742584
5502,HA,GLU,351,98,1,0.008848819,0.8848818950355053
5503,HB2,GLU,351,98,1,0.11061023,11.0610231757164
5504,HB3,GLU,351,98,1,0.0044244095,0.44244094751775265
5505,HG2,GLU,351,98,1,0.0,0.0
5506,HG3,GLU,351,98,1,0.1318474,13.184739649295807
5507,N,VAL,352,99,1,0.0,0.0
5508,CA,VAL,352,99,1,0.0,0.0
5509,C,VAL,352,99,1,0.0,0.0
5510,CB,VAL,352,99,1,0.0,0.0
5511,O,VAL,352,99,1,0.0,0.0
5512,CG1,VAL,352,99,1,0.0,0.0
5513,CG2,VAL,352,99,1,0.0,0.0
5514,H,VAL,352,99,1,0.0,0.0
5515,HA,VAL,352,99,1,0.0,0.0
5516,HB,VAL,352,99,1,0.0,0.0
5517,HG11,VAL,352,99,1,0.0,0.0
5518,HG12,VAL,352,99,1,0.0,0.0
5519,HG13,VAL,352,99,1,0.0026546456,0.26546455919742584
5520,HG21,VAL,352,99,1,0.0,0.0
5521,HG22,VAL,352,99,1,0.0,0.0
5522,HG23,VAL,352,99,1,0.0,0.0
5523,N,LEU,353,100,1,0.0,0.0
5524,CA,LEU,353,100,1,0.0,0.0
5525,C,LEU,353,100,1,0.0,0.0
5526,CB,LEU,353,100,1,0.0025158923,0.25158922653645277
5527,O,LEU,353,100,1,0.0,0.0
5528,CG,LEU,353,100,1,0.0,0.0
5529,CD1,LEU,353,100,1,0.0025158923,0.25158922653645277
5530,CD2,LEU,353,100,1,0.0,0.0
5531,H,LEU,353,100,1,0.0,0.0
5532,HA,LEU,353,100,1,0.0,0.0
5533,HB2,LEU,353,100,1,0.0,0.0
5534,HB3,LEU,353,100,1,0.007963937,0.7963936775922775
5535,HG,LEU,353,100,1,0.0,0.0
5536,HD11,LEU,353,100,1,0.07433008,7.433007657527924
5537,HD12,LEU,353,100,1,0.0008848819,0.08848818833939731
5538,HD13,LEU,353,100,1,0.0,0.0
5539,HD21,LEU,353,100,1,0.0,0.0
5540,HD22,LEU,353,100,1,0.0,0.0
5541,HD23,LEU,353,100,1,0.012388347,1.238834671676159
5542,N,GLU,354,101,1,0.0,0.0
5543,CA,GLU,354,101,1,0.0,0.0
5544,C,GLU,354,101,1,0.0012579461,0.12579461326822639
5545,CB,GLU,354,101,1,0.0050317845,0.5031784530729055
5546,O,GLU,354,101,1,0.041295815,4.129581525921822
5547,CG,GLU,354,101,1,0.0075476766,0.754767656326294
5548,CD,GLU,354,101,1,0.04151222,4.151222109794617
5549,OE1,GLU,354,101,1,0.23772997,23.77299666404724
5550,OE2,GLU,354,101,1,0.30358005,30.358004570007324
5551,H,GLU,354,101,1,0.0,0.0
5552,HA,GLU,354,101,1,0.01415811,1.415811013430357
5553,HB2,GLU,354,101,1,0.0026546456,0.26546455919742584
5554,HB3,GLU,354,101,1,0.12122882,12.122882157564163
5555,HG2,GLU,354,101,1,0.111495115,11.149511486291885
5556,HG3,GLU,354,101,1,0.009733701,0.9733701124787331
5557,N,ARG,355,102,1,0.0011391548,0.11391547741368413
5558,CA,ARG,355,102,1,0.0,0.0
5559,C,ARG,355,102,1,0.0,0.0
5560,CB,ARG,355,102,1,0.0,0.0
5561,O,ARG,355,102,1,0.014509341,1.450934074819088
5562,CG,ARG,355,102,1,0.0,0.0
5563,CD,ARG,355,102,1,0.0,0.0
5564,NE,ARG,355,102,1,0.0,0.0
5565,NH1,ARG,355,102,1,0.0011391548,0.11391547741368413
5566,NH2,ARG,355,102,1,0.08201914,8.201914280653
5567,CZ,ARG,355,102,1,0.017611247,1.7611246556043625
5568,H,ARG,355,102,1,0.0,0.0
5569,HA,ARG,355,102,1,0.084063776,8.406377583742142
5570,HB2,ARG,355,102,1,0.0,0.0
5571,HB3,ARG,355,102,1,0.052208032,5.2208032459020615
5572,HG2,ARG,355,102,1,0.045128975,4.512897506356239
5573,HG3,ARG,355,102,1,0.0,0.0
5574,HD2,ARG,355,102,1,0.0,0.0
5575,HD3,ARG,355,102,1,0.0,0.0
5576,HE,ARG,355,102,1,0.076984726,7.698472589254379
5577,HH11,ARG,355,102,1,0.0,0.0
5578,HH12,ARG,355,102,1,0.055747557,5.574755743145943
5579,HH21,ARG,355,102,1,0.23714834,23.714834451675415
5580,HH22,ARG,355,102,1,0.21591118,21.59111797809601
5581,N,THR,356,103,1,0.0,0.0
5582,CA,THR,356,103,1,0.0,0.0
5583,C,THR,356,103,1,0.0,0.0
5584,CB,THR,356,103,1,0.0,0.0
5585,O,THR,356,103,1,0.0,0.0
5586,CG2,THR,356,103,1,0.0,0.0
5587,OG1,THR,356,103,1,0.023438167,2.3438166826963425
5588,H,THR,356,103,1,0.0,0.0
5589,HA,THR,356,103,1,0.0,0.0
5590,HB,THR,356,103,1,0.0,0.0
5591,HG21,THR,356,103,1,0.0,0.0
5592,HG22,THR,356,103,1,0.013273228,1.3273227959871292
5593,HG23,THR,356,103,1,0.0,0.0
5594,HG1,THR,356,103,1,0.0,0.0
5595,N,ARG,357,104,1,0.0,0.0
5596,CA,ARG,357,104,1,0.0,0.0
5597,C,ARG,357,104,1,0.0037738383,0.377383828163147
5598,CB,ARG,357,104,1,0.011321515,1.132151484489441
5599,O,ARG,357,104,1,0.09263656,9.263656288385391
5600,CG,ARG,357,104,1,0.0,0.0
5601,CD,ARG,357,104,1,0.006289731,0.6289730779826641
5602,NE,ARG,357,104,1,0.0,0.0
5603,NH1,ARG,357,104,1,0.06948844,6.948844343423843
5604,NH2,ARG,357,104,1,0.05012281,5.0122808665037155
5605,CZ,ARG,357,104,1,0.013837407,1.383740734308958
5606,H,ARG,357,104,1,0.0,0.0
5607,HA,ARG,357,104,1,0.019467402,1.9467402249574661
5608,HB2,ARG,357,104,1,0.020352283,2.0352283492684364
5609,HB3,ARG,357,104,1,0.13450205,13.450205326080322
5610,HG2,ARG,357,104,1,0.008848819,0.8848818950355053
5611,HG3,ARG,357,104,1,0.0,0.0
5612,HD2,ARG,357,104,1,0.0035395275,0.35395275335758924
5613,HD3,ARG,357,104,1,0.10618582,10.618582367897034
5614,HE,ARG,357,104,1,0.0,0.0
5615,HH11,ARG,357,104,1,0.09202772,9.202771633863449
5616,HH12,ARG,357,104,1,0.25042158,25.042158365249634
5617,HH21,ARG,357,104,1,0.0017697638,0.17697637667879462
5618,HH22,ARG,357,104,1,0.19113448,19.11344826221466
5619,N,ALA,358,105,1,0.0034174644,0.34174644388258457
5620,CA,ALA,358,105,1,0.0037738383,0.377383828163147
5621,C,ALA,358,105,1,0.0,0.0
5622,CB,ALA,358,105,1,0.074218825,7.421882450580597
5623,O,ALA,358,105,1,0.0,0.0
5624,H,ALA,358,105,1,0.0,0.0
5625,HA,ALA,358,105,1,0.084063776,8.406377583742142
5626,HB1,ALA,358,105,1,0.053977795,5.397779494524002
5627,HB2,ALA,358,105,1,0.05663244,5.663244053721428
5628,HB3,ALA,358,105,1,0.16724268,16.724267601966858
5629,N,GLU,359,106,1,0.0,0.0
5630,CA,GLU,359,106,1,0.0,0.0
5631,C,GLU,359,106,1,0.0,0.0
5632,CB,GLU,359,106,1,0.0,0.0
5633,O,GLU,359,106,1,0.0,0.0
5634,CG,GLU,359,106,1,0.0012579461,0.12579461326822639
5635,CD,GLU,359,106,1,0.0,0.0
5636,OE2,GLU,359,106,1,0.014509341,1.450934074819088
5637,OE1,GLU,359,106,1,0.013393238,1.3393238186836243
5638,H,GLU,359,106,1,0.0,0.0
5639,HA,GLU,359,106,1,0.0,0.0
5640,HB2,GLU,359,106,1,0.0,0.0
5641,HB3,GLU,359,106,1,0.0,0.0
5642,HG2,GLU,359,106,1,0.007963937,0.7963936775922775
5643,HG3,GLU,359,106,1,0.0035395275,0.35395275335758924
5644,HE2,GLU,359,106,1,0.0,0.0
5645,N,LEU,360,107,1,0.0,0.0
5646,CA,LEU,360,107,1,0.0,0.0
5647,C,LEU,360,107,1,0.0,0.0
5648,CB,LEU,360,107,1,0.0,0.0
5649,O,LEU,360,107,1,0.0,0.0
5650,CG,LEU,360,107,1,0.0,0.0
5651,CD1,LEU,360,107,1,0.0,0.0
5652,CD2,LEU,360,107,1,0.06792909,6.7929089069366455
5653,H,LEU,360,107,1,0.0,0.0
5654,HA,LEU,360,107,1,0.0,0.0
5655,HB2,LEU,360,107,1,0.0035395275,0.35395275335758924
5656,HB3,LEU,360,107,1,0.0017697638,0.17697637667879462
5657,HG,LEU,360,107,1,0.0,0.0
5658,HD11,LEU,360,107,1,0.0,0.0
5659,HD12,LEU,360,107,1,0.0,0.0
5660,HD13,LEU,360,107,1,0.0,0.0
5661,HD21,LEU,360,107,1,0.08052425,8.05242508649826
5662,HD22,LEU,360,107,1,0.031855747,3.18557471036911
5663,HD23,LEU,360,107,1,0.06990567,6.990566849708557
5664,N,ASP,361,108,1,0.0,0.0
5665,CA,ASP,361,108,1,0.0,0.0
5666,C,ASP,361,108,1,0.0,0.0
5667,CB,ASP,361,108,1,0.018869191,1.8869191408157349
5668,O,ASP,361,108,1,0.050224643,5.022464320063591
5669,CG,ASP,361,108,1,0.04151222,4.151222109794617
5670,OD1,ASP,361,108,1,0.08928825,8.928824961185455
5671,OD2,ASP,361,108,1,0.38393947,38.39394748210907
5672,H,ASP,361,108,1,0.0,0.0
5673,HA,ASP,361,108,1,0.0,0.0
5674,HB2,ASP,361,108,1,0.030970866,3.09708658605814
5675,HB3,ASP,361,108,1,0.15485433,15.485432744026184
5676,N,THR,362,109,1,0.0,0.0
5677,CA,THR,362,109,1,0.0,0.0
5678,C,THR,362,109,1,0.0,0.0
5679,CB,THR,362,109,1,0.0012579461,0.12579461326822639
5680,O,THR,362,109,1,0.12611966,12.611965835094452
5681,CG2,THR,362,109,1,0.08679828,8.67982804775238
5682,OG1,THR,362,109,1,0.07589501,7.589501142501831
5683,H,THR,362,109,1,0.0,0.0
5684,HA,THR,362,109,1,0.0681359,6.813590228557587
5685,HB,THR,362,109,1,0.1513148,15.131479501724243
5686,HG21,THR,362,109,1,0.0061941734,0.6194173358380795
5687,HG22,THR,362,109,1,0.23980299,23.98029863834381
5688,HG23,THR,362,109,1,0.1362718,13.627180457115173
5689,HG1,THR,362,109,1,0.0,0.0
5690,N,VAL,363,110,1,0.0,0.0
5691,CA,VAL,363,110,1,0.0,0.0
5692,C,VAL,363,110,1,0.0,0.0
5693,CB,VAL,363,110,1,0.0,0.0
5694,O,VAL,363,110,1,0.0,0.0
5695,CG1,VAL,363,110,1,0.0,0.0
5696,CG2,VAL,363,110,1,0.035222493,3.522249311208725
5697,H,VAL,363,110,1,0.0,0.0
5698,HA,VAL,363,110,1,0.007963937,0.7963936775922775
5699,HB,VAL,363,110,1,0.0,0.0
5700,HG11,VAL,363,110,1,0.0,0.0
5701,HG12,VAL,363,110,1,0.0,0.0
5702,HG13,VAL,363,110,1,0.0,0.0
5703,HG21,VAL,363,110,1,0.019467402,1.9467402249574661
5704,HG22,VAL,363,110,1,0.0,0.0
5705,HG23,VAL,363,110,1,0.063711494,6.37114942073822
5706,N,CYS,364,111,1,0.0,0.0
5707,CA,CYS,364,111,1,0.0,0.0
5708,C,CYS,364,111,1,0.0,0.0
5709,CB,CYS,364,111,1,0.0,0.0
5710,O,CYS,364,111,1,0.0,0.0
5711,SG,CYS,364,111,1,0.0,0.0
5712,H,CYS,364,111,1,0.0,0.0
5713,HA,CYS,364,111,1,0.0,0.0
5714,HB2,CYS,364,111,1,0.0,0.0
5715,HB3,CYS,364,111,1,0.0,0.0
5716,N,ARG,365,112,1,0.0,0.0
5717,CA,ARG,365,112,1,0.0,0.0
5718,C,ARG,365,112,1,0.0050317845,0.5031784530729055
5719,CB,ARG,365,112,1,0.011321515,1.132151484489441
5720,O,ARG,365,112,1,0.0033483095,0.33483095467090607
5721,CG,ARG,365,112,1,0.0,0.0
5722,CD,ARG,365,112,1,0.036480438,3.6480437964200974
5723,NE,ARG,365,112,1,0.027339716,2.7339715510606766
5724,NH1,ARG,365,112,1,0.017087322,1.7087321728467941
5725,NH2,ARG,365,112,1,0.07176675,7.176674902439117
5726,CZ,ARG,365,112,1,0.047801953,4.780195280909538
5727,H,ARG,365,112,1,0.0,0.0
5728,HA,ARG,365,112,1,0.0,0.0
5729,HB2,ARG,365,112,1,0.007079055,0.7079055067151785
5730,HB3,ARG,365,112,1,0.078754485,7.87544846534729
5731,HG2,ARG,365,112,1,0.0,0.0
5732,HG3,ARG,365,112,1,0.0,0.0
5733,HD2,ARG,365,112,1,0.013273228,1.3273227959871292
5734,HD3,ARG,365,112,1,0.14246598,14.24659788608551
5735,HE,ARG,365,112,1,0.04158945,4.158945009112358
5736,HH11,ARG,365,112,1,0.0,0.0
5737,HH12,ARG,365,112,1,0.03628016,3.6280158907175064
5738,HH21,ARG,365,112,1,0.0681359,6.813590228557587
5739,HH22,ARG,365,112,1,0.15573922,15.573921799659729
5740,N,HIS,366,113,1,0.0011391548,0.11391547741368413
5741,CA,HIS,366,113,1,0.0,0.0
5742,C,HIS,366,113,1,0.0,0.0
5743,CB,HIS,366,113,1,0.0,0.0
5744,O,HIS,366,113,1,0.0,0.0
5745,CG,HIS,366,113,1,0.0075476766,0.754767656326294
5746,H,HIS,366,113,1,0.0,0.0
5747,HA,HIS,366,113,1,0.058402203,5.8402203023433685
5748,HB2,HIS,366,113,1,0.030970866,3.09708658605814
5749,HB3,HIS,366,113,1,0.0,0.0
5750,CD2,HIS,366,113,1,0.046544008,4.654400795698166
5751,ND1,HIS,366,113,1,0.03987042,3.987041860818863
5752,CE1,HIS,366,113,1,0.14969559,14.969559013843536
5753,NE2,HIS,366,113,1,0.026200559,2.6200558990240097
5754,HD1,HIS,366,113,1,0.2300693,23.006929457187653
5755,HD2,HIS,366,113,1,0.02389181,2.3891810327768326
5756,HE1,HIS,366,113,1,0.26457968,26.45796835422516
5757,HE2,HIS,366,113,1,0.21060188,21.060188114643097
5758,N,ASN,367,114,1,0.0,0.0
5759,CA,ASN,367,114,1,0.0,0.0
5760,C,ASN,367,114,1,0.0,0.0
5761,CB,ASN,367,114,1,0.0,0.0
5762,O,ASN,367,114,1,0.0,0.0
5763,CG,ASN,367,114,1,0.028932761,2.8932761400938034
5764,H,ASN,367,114,1,0.0,0.0
5765,HA,ASN,367,114,1,0.0,0.0
5766,HB2,ASN,367,114,1,0.0,0.0
5767,HB3,ASN,367,114,1,0.013273228,1.3273227959871292
5768,ND2,ASN,367,114,1,0.004556619,0.4556619096547365
5769,OD1,ASN,367,114,1,0.118306935,11.830693483352661
5770,HD22,ASN,367,114,1,0.0,0.0
5771,HD21,ASN,367,114,1,0.071675435,7.167543470859528
5772,N,TYR,368,115,1,0.0,0.0
5773,CA,TYR,368,115,1,0.0,0.0
5774,C,TYR,368,115,1,0.0,0.0
5775,CB,TYR,368,115,1,0.0,0.0
5776,O,TYR,368,115,1,0.0,0.0
5777,CG,TYR,368,115,1,0.0,0.0
5778,CD1,TYR,368,115,1,0.0,0.0
5779,CD2,TYR,368,115,1,0.0,0.0
5780,CE1,TYR,368,115,1,0.0,0.0
5781,CE2,TYR,368,115,1,0.0,0.0
5782,OH,TYR,368,115,1,0.059153467,5.915346741676331
5783,CZ,TYR,368,115,1,0.0,0.0
5784,H,TYR,368,115,1,0.0,0.0
5785,HA,TYR,368,115,1,0.0,0.0
5786,HB2,TYR,368,115,1,0.0,0.0
5787,HB3,TYR,368,115,1,0.0,0.0
5788,HD1,TYR,368,115,1,0.0,0.0
5789,HD2,TYR,368,115,1,0.0,0.0
5790,HE1,TYR,368,115,1,0.015927874,1.592787355184555
5791,HE2,TYR,368,115,1,0.0,0.0
5792,HH,TYR,368,115,1,0.01415811,1.415811013430357
5793,N,GLN,369,116,1,0.0,0.0
5794,CA,GLN,369,116,1,0.0,0.0
5795,C,GLN,369,116,1,0.0,0.0
5796,CB,GLN,369,116,1,0.006289731,0.6289730779826641
5797,O,GLN,369,116,1,0.0011161031,0.11161031434312463
5798,CG,GLN,369,116,1,0.0075476766,0.754767656326294
5799,CD,GLN,369,116,1,0.037738383,3.7738382816314697
5800,H,GLN,369,116,1,0.0,0.0
5801,HA,GLN,369,116,1,0.0,0.0
5802,HB2,GLN,369,116,1,0.02831622,2.831622026860714
5803,HB3,GLN,369,116,1,0.005309291,0.5309291183948517
5804,HG2,GLN,369,116,1,0.0026546456,0.26546455919742584
5805,HG3,GLN,369,116,1,0.20440772,20.44077217578888
5806,NE2,GLN,369,116,1,0.06834929,6.8349286913871765
5807,OE1,GLN,369,116,1,0.24107827,24.107827246189117
5808,HE21,GLN,369,116,1,0.13804157,13.804157078266144
5809,HE22,GLN,369,116,1,0.06459638,6.4596377313137054
5810,N,LEU,370,117,1,0.0,0.0
5811,CA,LEU,370,117,1,0.0,0.0
5812,C,LEU,370,117,1,0.0012579461,0.12579461326822639
5813,CB,LEU,370,117,1,0.008805623,0.8805623278021812
5814,O,LEU,370,117,1,0.0,0.0
5815,CG,LEU,370,117,1,0.0,0.0
5816,CD1,LEU,370,117,1,0.06918704,6.918703764677048
5817,CD2,LEU,370,117,1,0.027674815,2.767481468617916
5818,H,LEU,370,117,1,0.0,0.0
5819,HA,LEU,370,117,1,0.0,0.0
5820,HB2,LEU,370,117,1,0.021237165,2.1237164735794067
5821,HB3,LEU,370,117,1,0.015042992,1.5042992308735847
5822,HG,LEU,370,117,1,0.0,0.0
5823,HD11,LEU,370,117,1,0.04158945,4.158945009112358
5824,HD12,LEU,370,117,1,0.06194173,6.19417317211628
5825,HD13,LEU,370,117,1,0.059287086,5.928708612918854
5826,HD21,LEU,370,117,1,0.0,0.0
5827,HD22,LEU,370,117,1,0.12830788,12.830787897109985
5828,HD23,LEU,370,117,1,0.0,0.0
5829,N,GLU,371,118,1,0.0,0.0
5830,CA,GLU,371,118,1,0.0,0.0
5831,C,GLU,371,118,1,0.0,0.0
5832,CB,GLU,371,118,1,0.0,0.0
5833,O,GLU,371,118,1,0.0,0.0
5834,CG,GLU,371,118,1,0.0,0.0
5835,CD,GLU,371,118,1,0.011321515,1.132151484489441
5836,OE2,GLU,371,118,1,0.061385673,6.138567253947258
5837,OE1,GLU,371,118,1,0.0055805156,0.558051560074091
5838,H,GLU,371,118,1,0.0,0.0
5839,HA,GLU,371,118,1,0.0,0.0
5840,HB2,GLU,371,118,1,0.0,0.0
5841,HB3,GLU,371,118,1,0.0,0.0
5842,HG2,GLU,371,118,1,0.0,0.0
5843,HG3,GLU,371,118,1,0.0,0.0
5844,HE2,GLU,371,118,1,0.0,0.0
5845,N,LEU,372,119,1,0.0,0.0
5846,CA,LEU,372,119,1,0.0,0.0
5847,C,LEU,372,119,1,0.0,0.0
5848,CB,LEU,372,119,1,0.0050317845,0.5031784530729055
5849,O,LEU,372,119,1,0.029018681,2.901868149638176
5850,CG,LEU,372,119,1,0.0,0.0
5851,CD1,LEU,372,119,1,0.021385085,2.1385084837675095
5852,CD2,LEU,372,119,1,0.0654132,6.541319936513901
5853,H,LEU,372,119,1,0.0,0.0
5854,HA,LEU,372,119,1,0.0,0.0
5855,HB2,LEU,372,119,1,0.005309291,0.5309291183948517
5856,HB3,LEU,372,119,1,0.078754485,7.87544846534729
5857,HG,LEU,372,119,1,0.0,0.0
5858,HD11,LEU,372,119,1,0.17078221,17.0782208442688
5859,HD12,LEU,372,119,1,0.054862678,5.486267805099487
5860,HD13,LEU,372,119,1,0.0,0.0
5861,HD21,LEU,372,119,1,0.0044244095,0.44244094751775265
5862,HD22,LEU,372,119,1,0.05663244,5.663244053721428
5863,HD23,LEU,372,119,1,0.17520662,17.520661652088165
5864,N,ARG,373,120,1,0.0,0.0
5865,CA,ARG,373,120,1,0.0,0.0
5866,C,ARG,373,120,1,0.0,0.0
5867,CB,ARG,373,120,1,0.0,0.0
5868,O,ARG,373,120,1,0.11942304,11.94230392575264
5869,CG,ARG,373,120,1,0.018869191,1.8869191408157349
5870,CD,ARG,373,120,1,0.0163533,1.6353299841284752
5871,NE,ARG,373,120,1,0.027339716,2.7339715510606766
5872,NH1,ARG,373,120,1,0.12416787,12.416786700487137
5873,NH2,ARG,373,120,1,0.07974084,7.974083721637726
5874,CZ,ARG,373,120,1,0.054091685,5.40916845202446
5875,H,ARG,373,120,1,0.0,0.0
5876,HA,ARG,373,120,1,0.0008848819,0.08848818833939731
5877,HB2,ARG,373,120,1,0.0,0.0
5878,HB3,ARG,373,120,1,0.08052425,8.05242508649826
5879,HG2,ARG,373,120,1,0.12122882,12.122882157564163
5880,HG3,ARG,373,120,1,0.015042992,1.5042992308735847
5881,HD2,ARG,373,120,1,0.07079055,7.079055160284042
5882,HD3,ARG,373,120,1,0.15750897,15.75089693069458
5883,HE,ARG,373,120,1,0.013273228,1.3273227959871292
5884,HH11,ARG,373,120,1,0.17078221,17.0782208442688
5885,HH12,ARG,373,120,1,0.25484598,25.48459768295288
5886,HH21,ARG,373,120,1,0.03274063,3.2740630209445953
5887,HH22,ARG,373,120,1,0.24599716,24.599716067314148
5888,N,THR,374,121,1,0.0,0.0
5889,CA,THR,374,121,1,0.0,0.0
5890,C,THR,374,121,1,0.0,0.0
5891,CB,THR,374,121,1,0.0,0.0
5892,O,THR,374,121,1,0.023438167,2.3438166826963425
5893,CG2,THR,374,121,1,0.0,0.0
5894,OG1,THR,374,121,1,0.008928825,0.892882514744997
5895,H,THR,374,121,1,0.0,0.0
5896,HA,THR,374,121,1,0.0061941734,0.6194173358380795
5897,HB,THR,374,121,1,0.0,0.0
5898,HG21,THR,374,121,1,0.0,0.0
5899,HG22,THR,374,121,1,0.0,0.0
5900,HG23,THR,374,121,1,0.0,0.0
5901,HG1,THR,374,121,1,0.0,0.0
5902,N,THR,375,122,1,0.0,0.0
5903,CA,THR,375,122,1,0.0,0.0
5904,C,THR,375,122,1,0.0,0.0
5905,CB,THR,375,122,1,0.0,0.0
5906,O,THR,375,122,1,0.0,0.0
5907,CG2,THR,375,122,1,0.0,0.0
5908,OG1,THR,375,122,1,0.0,0.0
5909,H,THR,375,122,1,0.0,0.0
5910,HA,THR,375,122,1,0.0,0.0
5911,HB,THR,375,122,1,0.0,0.0
5912,HG21,THR,375,122,1,0.0,0.0
5913,HG22,THR,375,122,1,0.0,0.0
5914,HG23,THR,375,122,1,0.0,0.0
5915,HG1,THR,375,122,1,0.0,0.0
5916,N,LEU,376,123,1,0.0,0.0
5917,CA,LEU,376,123,1,0.0,0.0
5918,C,LEU,376,123,1,0.0025158923,0.25158922653645277
5919,CB,LEU,376,123,1,0.0,0.0
5920,O,LEU,376,123,1,0.059153467,5.915346741676331
5921,CG,LEU,376,123,1,0.0,0.0
5922,CD1,LEU,376,123,1,0.0,0.0
5923,CD2,LEU,376,123,1,0.006289731,0.6289730779826641
5924,H,LEU,376,123,1,0.0,0.0
5925,HA,LEU,376,123,1,0.015042992,1.5042992308735847
5926,HB2,LEU,376,123,1,0.0,0.0
5927,HB3,LEU,376,123,1,0.06990567,6.990566849708557
5928,HG,LEU,376,123,1,0.0,0.0
5929,HD11,LEU,376,123,1,0.031855747,3.18557471036911
5930,HD12,LEU,376,123,1,0.0,0.0
5931,HD13,LEU,376,123,1,0.0,0.0
5932,HD21,LEU,376,123,1,0.03804992,3.804992139339447
5933,HD22,LEU,376,123,1,0.0,0.0
5934,HD23,LEU,376,123,1,0.06725103,6.725102663040161
5935,N,GLN,377,124,1,0.0,0.0
5936,CA,GLN,377,124,1,0.0,0.0
5937,C,GLN,377,124,1,0.0050317845,0.5031784530729055
5938,CB,GLN,377,124,1,0.0075476766,0.754767656326294
5939,O,GLN,377,124,1,0.15290613,15.2906134724617
5940,CG,GLN,377,124,1,0.0,0.0
5941,CD,GLN,377,124,1,0.040254276,4.025427624583244
5942,H,GLN,377,124,1,0.0,0.0
5943,HA,GLN,377,124,1,0.038934804,3.8934804499149323
5944,HB2,GLN,377,124,1,0.02300693,2.3006929084658623
5945,HB3,GLN,377,124,1,0.08848819,8.848819136619568
5946,HG2,GLN,377,124,1,0.13007763,13.007763028144836
5947,HG3,GLN,377,124,1,0.0,0.0
5948,NE2,GLN,377,124,1,0.06834929,6.8349286913871765
5949,OE1,GLN,377,124,1,0.29241902,29.241901636123657
5950,HE21,GLN,377,124,1,0.2486518,24.865180253982544
5951,HE22,GLN,377,124,1,0.14954504,14.954504370689392
5952,N,ARG,378,125,1,0.0,0.0
5953,CA,ARG,378,125,1,0.0,0.0
5954,C,ARG,378,125,1,0.0,0.0
5955,CB,ARG,378,125,1,0.0,0.0
5956,O,ARG,378,125,1,0.0,0.0
5957,CG,ARG,378,125,1,0.0,0.0
5958,CD,ARG,378,125,1,0.0,0.0
5959,NE,ARG,378,125,1,0.0,0.0
5960,NH1,ARG,378,125,1,0.04100957,4.1009571403265
5961,NH2,ARG,378,125,1,0.026200559,2.6200558990240097
5962,CZ,ARG,378,125,1,0.0,0.0
5963,H,ARG,378,125,1,0.0,0.0
5964,HA,ARG,378,125,1,0.086718425,8.671842515468597
5965,HB2,ARG,378,125,1,0.01415811,1.415811013430357
5966,HB3,ARG,378,125,1,0.0,0.0
5967,HG2,ARG,378,125,1,0.0,0.0
5968,HG3,ARG,378,125,1,0.04158945,4.158945009112358
5969,HD2,ARG,378,125,1,0.0,0.0
5970,HD3,ARG,378,125,1,0.0,0.0
5971,HE,ARG,378,125,1,0.0,0.0
5972,HH11,ARG,378,125,1,0.052208032,5.2208032459020615
5973,HH12,ARG,378,125,1,0.20883213,20.883212983608246
5974,HH21,ARG,378,125,1,0.035395276,3.539527580142021
5975,HH22,ARG,378,125,1,0.24334252,24.334251880645752
5976,N,ARG,379,126,1,0.0,0.0
5977,CA,ARG,379,126,1,0.0,0.0
5978,C,ARG,379,126,1,0.0,0.0
5979,CB,ARG,379,126,1,0.0025158923,0.25158922653645277
5980,O,ARG,379,126,1,0.2131757,21.31756991147995
5981,CG,ARG,379,126,1,0.006289731,0.6289730779826641
5982,CD,ARG,379,126,1,0.0,0.0
5983,NE,ARG,379,126,1,0.0056957738,0.5695773754268885
5984,NH1,ARG,379,126,1,0.0,0.0
5985,NH2,ARG,379,126,1,0.10252393,10.252393037080765
5986,CZ,ARG,379,126,1,0.011321515,1.132151484489441
5987,H,ARG,379,126,1,0.069020785,6.902078539133072
5988,HA,ARG,379,126,1,0.0,0.0
5989,HB2,ARG,379,126,1,0.13892646,13.892646133899689
5990,HB3,ARG,379,126,1,0.0,0.0
5991,HG2,ARG,379,126,1,0.0,0.0
5992,HG3,ARG,379,126,1,0.15750897,15.75089693069458
5993,HD2,ARG,379,126,1,0.0,0.0
5994,HD3,ARG,379,126,1,0.0,0.0
5995,HE,ARG,379,126,1,0.071675435,7.167543470859528
5996,HH11,ARG,379,126,1,0.0,0.0
5997,HH12,ARG,379,126,1,0.031855747,3.18557471036911
5998,HH21,ARG,379,126,1,0.23537858,23.537857830524445
5999,HH22,ARG,379,126,1,0.17343685,17.343685030937195
6000,N,VAL,380,127,1,0.0,0.0
6001,CA,VAL,380,127,1,0.0,0.0
6002,C,VAL,380,127,1,0.0,0.0
6003,CB,VAL,380,127,1,0.0,0.0
6004,O,VAL,380,127,1,0.0,0.0
6005,CG1,VAL,380,127,1,0.05157579,5.157579109072685
6006,CG2,VAL,380,127,1,0.006289731,0.6289730779826641
6007,H,VAL,380,127,1,0.0,0.0
6008,HA,VAL,380,127,1,0.020352283,2.0352283492684364
6009,HB,VAL,380,127,1,0.0,0.0
6010,HG11,VAL,380,127,1,0.0,0.0
6011,HG12,VAL,380,127,1,0.12830788,12.830787897109985
6012,HG13,VAL,380,127,1,0.10087653,10.087653249502182
6013,HG21,VAL,380,127,1,0.0017697638,0.17697637667879462
6014,HG22,VAL,380,127,1,0.059287086,5.928708612918854
6015,HG23,VAL,380,127,1,0.0,0.0
6016,N,GLU,381,128,1,0.0,0.0
6017,CA,GLU,381,128,1,0.0,0.0
6018,C,GLU,381,128,1,0.0,0.0
6019,CB,GLU,381,128,1,0.0037738383,0.377383828163147
6020,O,GLU,381,128,1,0.08259163,8.259163051843643
6021,CG,GLU,381,128,1,0.0,0.0
6022,CD,GLU,381,128,1,0.044028115,4.402811452746391
6023,OE1,GLU,381,128,1,0.3549208,35.49208045005798
6024,OE2,GLU,381,128,1,0.36050132,36.05013191699982
6025,H,GLU,381,128,1,0.06105685,6.105684861540794
6026,HA,GLU,381,128,1,0.0,0.0
6027,HB2,GLU,381,128,1,0.10707071,10.707070678472519
6028,HB3,GLU,381,128,1,0.0017697638,0.17697637667879462
6029,HG2,GLU,381,128,1,0.0,0.0
6030,HG3,GLU,381,128,1,0.084063776,8.406377583742142
6031,N,PRO,382,129,1,0.0,0.0
6032,CA,PRO,382,129,1,0.0,0.0
6033,C,PRO,382,129,1,0.0,0.0
6034,CB,PRO,382,129,1,0.0,0.0
6035,O,PRO,382,129,1,0.08035943,8.035942912101746
6036,CG,PRO,382,129,1,0.0,0.0
6037,CD,PRO,382,129,1,0.0,0.0
6038,HA,PRO,382,129,1,0.0,0.0
6039,HB2,PRO,382,129,1,0.0,0.0
6040,HB3,PRO,382,129,1,0.0,0.0
6041,HG2,PRO,382,129,1,0.0,0.0
6042,HG3,PRO,382,129,1,0.0,0.0
6043,HD2,PRO,382,129,1,0.0,0.0
6044,HD3,PRO,382,129,1,0.0,0.0
6045,N,THR,383,130,1,0.0,0.0
6046,CA,THR,383,130,1,0.0,0.0
6047,C,THR,383,130,1,0.0,0.0
6048,CB,THR,383,130,1,0.0012579461,0.12579461326822639
6049,O,THR,383,130,1,0.0011161031,0.11161031434312463
6050,CG2,THR,383,130,1,0.046544008,4.654400795698166
6051,OG1,THR,383,130,1,0.26005203,26.005202531814575
6052,H,THR,383,130,1,0.0,0.0
6053,HA,THR,383,130,1,0.034510393,3.451039269566536
6054,HB,THR,383,130,1,0.007963937,0.7963936775922775
6055,HG21,THR,383,130,1,0.22476,22.47599959373474
6056,HG22,THR,383,130,1,0.0017697638,0.17697637667879462
6057,HG23,THR,383,130,1,0.1566241,15.662409365177155
6058,HG1,THR,383,130,1,0.059287086,5.928708612918854
6059,N,VAL,384,131,1,0.0,0.0
6060,CA,VAL,384,131,1,0.0,0.0
6061,C,VAL,384,131,1,0.0,0.0
6062,CB,VAL,384,131,1,0.0,0.0
6063,O,VAL,384,131,1,0.12500355,12.500354647636414
6064,CG1,VAL,384,131,1,0.0,0.0
6065,CG2,VAL,384,131,1,0.0,0.0
6066,H,VAL,384,131,1,0.049553387,4.955338686704636
6067,HA,VAL,384,131,1,0.0,0.0
6068,HB,VAL,384,131,1,0.0017697638,0.17697637667879462
6069,HG11,VAL,384,131,1,0.0,0.0
6070,HG12,VAL,384,131,1,0.0,0.0
6071,HG13,VAL,384,131,1,0.0,0.0
6072,HG21,VAL,384,131,1,0.0,0.0
6073,HG22,VAL,384,131,1,0.0,0.0
6074,HG23,VAL,384,131,1,0.0,0.0
6075,N,THR,385,132,1,0.0,0.0
6076,CA,THR,385,132,1,0.0,0.0
6077,C,THR,385,132,1,0.0,0.0
6078,CB,THR,385,132,1,0.0,0.0
6079,O,THR,385,132,1,0.0011161031,0.11161031434312463
6080,CG2,THR,385,132,1,0.059123468,5.912346765398979
6081,OG1,THR,385,132,1,0.12611966,12.611965835094452
6082,H,THR,385,132,1,0.0,0.0
6083,HA,THR,385,132,1,0.012388347,1.238834671676159
6084,HB,THR,385,132,1,0.0035395275,0.35395275335758924
6085,HG21,THR,385,132,1,0.09999165,9.999164938926697
6086,HG22,THR,385,132,1,0.0,0.0
6087,HG23,THR,385,132,1,0.19644378,19.644378125667572
6088,HG1,THR,385,132,1,0.025661575,2.566157467663288
6089,N,ILE,386,133,1,0.0,0.0
6090,CA,ILE,386,133,1,0.0,0.0
6091,C,ILE,386,133,1,0.0,0.0
6092,CB,ILE,386,133,1,0.0,0.0
6093,O,ILE,386,133,1,0.14844172,14.844171702861786
6094,CG1,ILE,386,133,1,0.0,0.0
6095,CG2,ILE,386,133,1,0.0,0.0
6096,CD1,ILE,386,133,1,0.0,0.0
6097,H,ILE,386,133,1,0.031855747,3.18557471036911
6098,HA,ILE,386,133,1,0.0,0.0
6099,HB,ILE,386,133,1,0.013273228,1.3273227959871292
6100,HG12,ILE,386,133,1,0.0,0.0
6101,HG13,ILE,386,133,1,0.0,0.0
6102,HG21,ILE,386,133,1,0.0,0.0
6103,HG22,ILE,386,133,1,0.0,0.0
6104,HG23,ILE,386,133,1,0.0,0.0
6105,HD11,ILE,386,133,1,0.0,0.0
6106,HD12,ILE,386,133,1,0.0,0.0
6107,HD13,ILE,386,133,1,0.0,0.0
6108,N,SER,387,134,1,0.0,0.0
6109,CA,SER,387,134,1,0.0,0.0
6110,C,SER,387,134,1,0.0,0.0
6111,CB,SER,387,134,1,0.05157579,5.157579109072685
6112,O,SER,387,134,1,0.0,0.0
6113,OG,SER,387,134,1,0.18527313,18.527312576770782
6114,H,SER,387,134,1,0.0,0.0
6115,HA,SER,387,134,1,0.01415811,1.415811013430357
6116,HB2,SER,387,134,1,0.031855747,3.18557471036911
6117,HB3,SER,387,134,1,0.09025795,9.025795012712479
6118,HG,SER,387,134,1,0.0,0.0
6119,N,PRO,388,135,1,0.0,0.0
6120,CA,PRO,388,135,1,0.0,0.0
6121,C,PRO,388,135,1,0.0,0.0
6122,CB,PRO,388,135,1,0.0,0.0
6123,O,PRO,388,135,1,0.04576023,4.576022922992706
6124,CG,PRO,388,135,1,0.015095353,1.509535312652588
6125,CD,PRO,388,135,1,0.017611247,1.7611246556043625
6126,HA,PRO,388,135,1,0.0,0.0
6127,HB2,PRO,388,135,1,0.0,0.0
6128,HB3,PRO,388,135,1,0.0017697638,0.17697637667879462
6129,HG2,PRO,388,135,1,0.030970866,3.09708658605814
6130,HG3,PRO,388,135,1,0.0044244095,0.44244094751775265
6131,HD2,PRO,388,135,1,0.081409134,8.140913397073746
6132,HD3,PRO,388,135,1,0.010618582,1.0618582367897034
6133,N,SER,389,136,1,0.0,0.0
6134,CA,SER,389,136,1,0.0,0.0
6135,C,SER,389,136,1,0.0,0.0
6136,CB,SER,389,136,1,0.0,0.0
6137,O,SER,389,136,1,0.17187989,17.187988758087158
6138,OG,SER,389,136,1,0.014509341,1.450934074819088
6139,H,SER,389,136,1,0.0,0.0
6140,HA,SER,389,136,1,0.07609984,7.609984278678894
6141,HB2,SER,389,136,1,0.019467402,1.9467402249574661
6142,HB3,SER,389,136,1,0.0,0.0
6143,HG,SER,389,136,1,0.0,0.0
6144,N,ARG,390,137,1,0.0,0.0
6145,CA,ARG,390,137,1,0.0,0.0
6146,C,ARG,390,137,1,0.0,0.0
6147,CB,ARG,390,137,1,0.0,0.0
6148,O,ARG,390,137,1,0.0,0.0
6149,CG,ARG,390,137,1,0.0,0.0
6150,CD,ARG,390,137,1,0.0012579461,0.12579461326822639
6151,NE,ARG,390,137,1,0.0478445,4.784449934959412
6152,NH1,ARG,390,137,1,0.09796731,9.796731173992157
6153,NH2,ARG,390,137,1,0.07632337,7.632336765527725
6154,CZ,ARG,390,137,1,0.074218825,7.421882450580597
6155,H,ARG,390,137,1,0.0,0.0
6156,HA,ARG,390,137,1,0.04158945,4.158945009112358
6157,HB2,ARG,390,137,1,0.0,0.0
6158,HB3,ARG,390,137,1,0.04689874,4.68987412750721
6159,HG2,ARG,390,137,1,0.11768929,11.768928915262222
6160,HG3,ARG,390,137,1,0.009733701,0.9733701124787331
6161,HD2,ARG,390,137,1,0.052208032,5.2208032459020615
6162,HD3,ARG,390,137,1,0.096452124,9.645212441682816
6163,HE,ARG,390,137,1,0.055747557,5.574755743145943
6164,HH11,ARG,390,137,1,0.07609984,7.609984278678894
6165,HH12,ARG,390,137,1,0.114149764,11.414976418018341
6166,HH21,ARG,390,137,1,0.109725356,10.972535610198975
6167,HH22,ARG,390,137,1,0.024776693,2.477669343352318
6168,N,THR,391,138,1,0.0034174644,0.34174644388258457
6169,CA,THR,391,138,1,0.0,0.0
6170,C,THR,391,138,1,0.0,0.0
6171,CB,THR,391,138,1,0.0,0.0
6172,O,THR,391,138,1,0.13504848,13.504847884178162
6173,CG2,THR,391,138,1,0.0,0.0
6174,OG1,THR,391,138,1,0.13504848,13.504847884178162
6175,H,THR,391,138,1,0.043359213,4.335921257734299
6176,HA,THR,391,138,1,0.0026546456,0.26546455919742584
6177,HB,THR,391,138,1,0.0,0.0
6178,HG21,THR,391,138,1,0.0017697638,0.17697637667879462
6179,HG22,THR,391,138,1,0.0008848819,0.08848818833939731
6180,HG23,THR,391,138,1,0.011503465,1.1503464542329311
6181,HG1,THR,391,138,1,0.03716504,3.716503828763962
6182,N,GLU,392,139,1,0.0,0.0
6183,CA,GLU,392,139,1,0.0,0.0
6184,C,GLU,392,139,1,0.0037738383,0.377383828163147
6185,CB,GLU,392,139,1,0.0,0.0
6186,O,GLU,392,139,1,0.02455427,2.455426938831806
6187,CG,GLU,392,139,1,0.0,0.0
6188,CD,GLU,392,139,1,0.0037738383,0.377383828163147
6189,OE1,GLU,392,139,1,0.09933318,9.933318197727203
6190,OE2,GLU,392,139,1,0.0,0.0
6191,H,GLU,392,139,1,0.0,0.0
6192,HA,GLU,392,139,1,0.0061941734,0.6194173358380795
6193,HB2,GLU,392,139,1,0.0,0.0
6194,HB3,GLU,392,139,1,0.0,0.0
6195,HG2,GLU,392,139,1,0.1362718,13.627180457115173
6196,HG3,GLU,392,139,1,0.0,0.0
6197,N,ALA,393,140,1,0.013669858,1.3669857755303383
6198,CA,ALA,393,140,1,0.0,0.0
6199,C,ALA,393,140,1,0.0,0.0
6200,CB,ALA,393,140,1,0.074218825,7.421882450580597
6201,O,ALA,393,140,1,0.0,0.0
6202,H,ALA,393,140,1,0.063711494,6.37114942073822
6203,HA,ALA,393,140,1,0.096452124,9.645212441682816
6204,HB1,ALA,393,140,1,0.069020785,6.902078539133072
6205,HB2,ALA,393,140,1,0.07521496,7.521495968103409
6206,HB3,ALA,393,140,1,0.19644378,19.644378125667572
6207,N,LEU,394,141,1,0.0034174644,0.34174644388258457
6208,CA,LEU,394,141,1,0.0,0.0
6209,C,LEU,394,141,1,0.0,0.0
6210,CB,LEU,394,141,1,0.0025158923,0.25158922653645277
6211,O,LEU,394,141,1,0.051340744,5.13407438993454
6212,CG,LEU,394,141,1,0.0,0.0
6213,CD1,LEU,394,141,1,0.0327066,3.2706599682569504
6214,CD2,LEU,394,141,1,0.008805623,0.8805623278021812
6215,H,LEU,394,141,1,0.07256032,7.256031781435013
6216,HA,LEU,394,141,1,0.0035395275,0.35395275335758924
6217,HB2,LEU,394,141,1,0.09468236,9.468235820531845
6218,HB3,LEU,394,141,1,0.01415811,1.415811013430357
6219,HG,LEU,394,141,1,0.06725103,6.725102663040161
6220,HD11,LEU,394,141,1,0.06636614,6.636614352464676
6221,HD12,LEU,394,141,1,0.013273228,1.3273227959871292
6222,HD13,LEU,394,141,1,0.09556724,9.55672413110733
6223,HD21,LEU,394,141,1,0.01415811,1.415811013430357
6224,HD22,LEU,394,141,1,0.007079055,0.7079055067151785
6225,HD23,LEU,394,141,1,0.0008848819,0.08848818833939731
6226,N,ASN,395,142,1,0.0,0.0
6227,CA,ASN,395,142,1,0.0,0.0
6228,C,ASN,395,142,1,0.0,0.0
6229,CB,ASN,395,142,1,0.0075476766,0.754767656326294
6230,O,ASN,395,142,1,0.19531804,19.53180432319641
6231,CG,ASN,395,142,1,0.04277017,4.277016967535019
6232,H,ASN,395,142,1,0.0,0.0
6233,HA,ASN,395,142,1,0.0035395275,0.35395275335758924
6234,HB2,ASN,395,142,1,0.021237165,2.1237164735794067
6235,HB3,ASN,395,142,1,0.13804157,13.804157078266144
6236,ND2,ASN,395,142,1,0.10366309,10.366308689117432
6237,OD1,ASN,395,142,1,0.13058406,13.058406114578247
6238,HD22,ASN,395,142,1,0.23980299,23.98029863834381
6239,HD21,ASN,395,142,1,0.29024127,29.02412712574005
6240,N,HIS,396,143,1,0.0,0.0
6241,CA,HIS,396,143,1,0.0,0.0
6242,C,HIS,396,143,1,0.0,0.0
6243,CB,HIS,396,143,1,0.006289731,0.6289730779826641
6244,O,HIS,396,143,1,0.0,0.0
6245,CG,HIS,396,143,1,0.011321515,1.132151484489441
6246,H,HIS,396,143,1,0.0,0.0
6247,HA,HIS,396,143,1,0.017697638,1.7697637900710106
6248,HB2,HIS,396,143,1,0.0008848819,0.08848818833939731
6249,HB3,HIS,396,143,1,0.04601386,4.6013858169317245
6250,CD2,HIS,396,143,1,0.14969559,14.969559013843536
6251,ND1,HIS,396,143,1,0.0,0.0
6252,CE1,HIS,396,143,1,0.10189363,10.189363360404968
6253,NE2,HIS,396,143,1,0.06379267,6.379266828298569
6254,HD1,HIS,396,143,1,0.0,0.0
6255,HD2,HIS,396,143,1,0.23272394,23.27239364385605
6256,HE1,HIS,396,143,1,0.21148677,21.148677170276642
6257,HE2,HIS,396,143,1,0.30970865,30.970865488052368
6258,N,HIS,397,144,1,0.0,0.0
6259,CA,HIS,397,144,1,0.0,0.0
6260,C,HIS,397,144,1,0.011321515,1.132151484489441
6261,CB,HIS,397,144,1,0.02264303,2.264302968978882
6262,O,HIS,397,144,1,0.04910854,4.910853877663612
6263,CG,HIS,397,144,1,0.0327066,3.2706599682569504
6264,H,HIS,397,144,1,0.04601386,4.6013858169317245
6265,HA,HIS,397,144,1,0.0,0.0
6266,HB2,HIS,397,144,1,0.12919275,12.919275462627411
6267,HB3,HIS,397,144,1,0.15219969,15.219968557357788
6268,CD2,HIS,397,144,1,0.08931418,8.931417763233185
6269,ND1,HIS,397,144,1,0.03075718,3.0757179483771324
6270,CE1,HIS,397,144,1,0.12705256,12.705256044864655
6271,NE2,HIS,397,144,1,0.05467943,5.467943102121353
6272,HD1,HIS,397,144,1,0.040704567,4.070456698536873
6273,HD2,HIS,397,144,1,0.20883213,20.883212983608246
6274,HE1,HIS,397,144,1,0.22210535,22.210535407066345
6275,HE2,HIS,397,144,1,0.2884715,28.84714901447296
6276,N,ASN,398,145,1,0.0,0.0
6277,CA,ASN,398,145,1,0.0,0.0
6278,C,ASN,398,145,1,0.013837407,1.383740734308958
6279,CB,ASN,398,145,1,0.0,0.0
6280,O,ASN,398,145,1,0.02120596,2.1205959841609
6281,CG,ASN,398,145,1,0.0,0.0
6282,H,ASN,398,145,1,0.0,0.0
6283,HA,ASN,398,145,1,0.021237165,2.1237164735794067
6284,HB2,ASN,398,145,1,0.0,0.0
6285,HB3,ASN,398,145,1,0.0044244095,0.44244094751775265
6286,ND2,ASN,398,145,1,0.0011391548,0.11391547741368413
6287,OD1,ASN,398,145,1,0.0,0.0
6288,HD22,ASN,398,145,1,0.0017697638,0.17697637667879462
6289,HD21,ASN,398,145,1,0.0,0.0
6290,N,LEU,399,146,1,0.0,0.0
6291,CA,LEU,399,146,1,0.0,0.0
6292,C,LEU,399,146,1,0.0,0.0
6293,CB,LEU,399,146,1,0.0,0.0
6294,O,LEU,399,146,1,0.0,0.0
6295,CG,LEU,399,146,1,0.0,0.0
6296,CD1,LEU,399,146,1,0.021385085,2.1385084837675095
6297,CD2,LEU,399,146,1,0.0050317845,0.5031784530729055
6298,H,LEU,399,146,1,0.0026546456,0.26546455919742584
6299,HA,LEU,399,146,1,0.0,0.0
6300,HB2,LEU,399,146,1,0.07079055,7.079055160284042
6301,HB3,LEU,399,146,1,0.0,0.0
6302,HG,LEU,399,146,1,0.0,0.0
6303,HD11,LEU,399,146,1,0.078754485,7.87544846534729
6304,HD12,LEU,399,146,1,0.053977795,5.397779494524002
6305,HD13,LEU,399,146,1,0.01415811,1.415811013430357
6306,HD21,LEU,399,146,1,0.0,0.0
6307,HD22,LEU,399,146,1,0.0,0.0
6308,HD23,LEU,399,146,1,0.009733701,0.9733701124787331
6309,N,LEU,400,147,1,0.0,0.0
6310,CA,LEU,400,147,1,0.0,0.0
6311,C,LEU,400,147,1,0.0,0.0
6312,CB,LEU,400,147,1,0.0,0.0
6313,O,LEU,400,147,1,0.0,0.0
6314,CG,LEU,400,147,1,0.0,0.0
6315,CD1,LEU,400,147,1,0.0,0.0
6316,CD2,LEU,400,147,1,0.0025158923,0.25158922653645277
6317,H,LEU,400,147,1,0.0,0.0
6318,HA,LEU,400,147,1,0.0,0.0
6319,HB2,LEU,400,147,1,0.0,0.0
6320,HB3,LEU,400,147,1,0.0,0.0
6321,HG,LEU,400,147,1,0.0017697638,0.17697637667879462
6322,HD11,LEU,400,147,1,0.0,0.0
6323,HD12,LEU,400,147,1,0.0008848819,0.08848818833939731
6324,HD13,LEU,400,147,1,0.0,0.0
6325,HD21,LEU,400,147,1,0.0,0.0
6326,HD22,LEU,400,147,1,0.0,0.0
6327,HD23,LEU,400,147,1,0.0,0.0
6328,N,VAL,401,148,1,0.0,0.0
6329,CA,VAL,401,148,1,0.0,0.0
6330,C,VAL,401,148,1,0.0,0.0
6331,CB,VAL,401,148,1,0.0,0.0
6332,O,VAL,401,148,1,0.0,0.0
6333,CG1,VAL,401,148,1,0.010063569,1.006356906145811
6334,CG2,VAL,401,148,1,0.010063569,1.006356906145811
6335,H,VAL,401,148,1,0.0,0.0
6336,HA,VAL,401,148,1,0.0,0.0
6337,HB,VAL,401,148,1,0.0008848819,0.08848818833939731
6338,HG11,VAL,401,148,1,0.020352283,2.0352283492684364
6339,HG12,VAL,401,148,1,0.03628016,3.6280158907175064
6340,HG13,VAL,401,148,1,0.0,0.0
6341,HG21,VAL,401,148,1,0.11768929,11.768928915262222
6342,HG22,VAL,401,148,1,0.0008848819,0.08848818833939731
6343,HG23,VAL,401,148,1,0.0,0.0
6344,N,CYS,402,149,1,0.0,0.0
6345,CA,CYS,402,149,1,0.0,0.0
6346,C,CYS,402,149,1,0.0,0.0
6347,CB,CYS,402,149,1,0.0,0.0
6348,O,CYS,402,149,1,0.0,0.0
6349,SG,CYS,402,149,1,0.0,0.0
6350,H,CYS,402,149,1,0.0,0.0
6351,HA,CYS,402,149,1,0.0,0.0
6352,HB2,CYS,402,149,1,0.0,0.0
6353,HB3,CYS,402,149,1,0.0,0.0
6354,N,SER,403,150,1,0.0,0.0
6355,CA,SER,403,150,1,0.0,0.0
6356,C,SER,403,150,1,0.0,0.0
6357,CB,SER,403,150,1,0.0,0.0
6358,O,SER,403,150,1,0.0022322063,0.22322062868624926
6359,OG,SER,403,150,1,0.06919839,6.919839233160019
6360,H,SER,403,150,1,0.0,0.0
6361,HA,SER,403,150,1,0.0,0.0
6362,HB2,SER,403,150,1,0.0,0.0
6363,HB3,SER,403,150,1,0.0026546456,0.26546455919742584
6364,HG,SER,403,150,1,0.0,0.0
6365,N,VAL,404,151,1,0.0,0.0
6366,CA,VAL,404,151,1,0.0,0.0
6367,C,VAL,404,151,1,0.0,0.0
6368,CB,VAL,404,151,1,0.0,0.0
6369,O,VAL,404,151,1,0.0,0.0
6370,CG1,VAL,404,151,1,0.0,0.0
6371,CG2,VAL,404,151,1,0.0,0.0
6372,H,VAL,404,151,1,0.0,0.0
6373,HA,VAL,404,151,1,0.0,0.0
6374,HB,VAL,404,151,1,0.0,0.0
6375,HG11,VAL,404,151,1,0.0,0.0
6376,HG12,VAL,404,151,1,0.0,0.0
6377,HG13,VAL,404,151,1,0.0,0.0
6378,HG21,VAL,404,151,1,0.0,0.0
6379,HG22,VAL,404,151,1,0.0,0.0
6380,HG23,VAL,404,151,1,0.0,0.0
6381,N,THR,405,152,1,0.0,0.0
6382,CA,THR,405,152,1,0.0,0.0
6383,C,THR,405,152,1,0.0,0.0
6384,CB,THR,405,152,1,0.0,0.0
6385,O,THR,405,152,1,0.0,0.0
6386,CG2,THR,405,152,1,0.0025158923,0.25158922653645277
6387,OG1,THR,405,152,1,0.011161031,1.116103120148182
6388,H,THR,405,152,1,0.0,0.0
6389,HA,THR,405,152,1,0.0,0.0
6390,HB,THR,405,152,1,0.0,0.0
6391,HG21,THR,405,152,1,0.0,0.0
6392,HG22,THR,405,152,1,0.007963937,0.7963936775922775
6393,HG23,THR,405,152,1,0.0,0.0
6394,HG1,THR,405,152,1,0.0026546456,0.26546455919742584
6395,N,ASP,406,153,1,0.0,0.0
6396,CA,ASP,406,153,1,0.0,0.0
6397,C,ASP,406,153,1,0.0,0.0
6398,CB,ASP,406,153,1,0.008805623,0.8805623278021812
6399,O,ASP,406,153,1,0.0011161031,0.11161031434312463
6400,CG,ASP,406,153,1,0.021385085,2.1385084837675095
6401,OD1,ASP,406,153,1,0.0,0.0
6402,OD2,ASP,406,153,1,0.28237408,28.23740839958191
6403,H,ASP,406,153,1,0.0,0.0
6404,HA,ASP,406,153,1,0.0,0.0
6405,HB2,ASP,406,153,1,0.005309291,0.5309291183948517
6406,HB3,ASP,406,153,1,0.08229402,8.229401707649231
6407,N,PHE,407,154,1,0.0,0.0
6408,CA,PHE,407,154,1,0.0,0.0
6409,C,PHE,407,154,1,0.0,0.0
6410,CB,PHE,407,154,1,0.0,0.0
6411,O,PHE,407,154,1,0.0,0.0
6412,CG,PHE,407,154,1,0.0,0.0
6413,CD1,PHE,407,154,1,0.0,0.0
6414,CD2,PHE,407,154,1,0.0,0.0
6415,CE1,PHE,407,154,1,0.0,0.0
6416,CE2,PHE,407,154,1,0.0,0.0
6417,CZ,PHE,407,154,1,0.0,0.0
6418,H,PHE,407,154,1,0.0,0.0
6419,HA,PHE,407,154,1,0.0,0.0
6420,HB2,PHE,407,154,1,0.0,0.0
6421,HB3,PHE,407,154,1,0.0,0.0
6422,HD1,PHE,407,154,1,0.0,0.0
6423,HD2,PHE,407,154,1,0.0,0.0
6424,HE1,PHE,407,154,1,0.0,0.0
6425,HE2,PHE,407,154,1,0.0,0.0
6426,HZ,PHE,407,154,1,0.0,0.0
6427,N,TYR,408,155,1,0.0,0.0
6428,CA,TYR,408,155,1,0.0,0.0
6429,C,TYR,408,155,1,0.0,0.0
6430,CB,TYR,408,155,1,0.0,0.0
6431,O,TYR,408,155,1,0.0,0.0
6432,CG,TYR,408,155,1,0.0,0.0
6433,CD1,TYR,408,155,1,0.0,0.0
6434,CD2,TYR,408,155,1,0.0,0.0
6435,CE1,TYR,408,155,1,0.0,0.0
6436,CE2,TYR,408,155,1,0.013837407,1.383740734308958
6437,OH,TYR,408,155,1,0.054689053,5.468905344605446
6438,CZ,TYR,408,155,1,0.0037738383,0.377383828163147
6439,H,TYR,408,155,1,0.0,0.0
6440,HA,TYR,408,155,1,0.0,0.0
6441,HB2,TYR,408,155,1,0.0,0.0
6442,HB3,TYR,408,155,1,0.0,0.0
6443,HD1,TYR,408,155,1,0.0,0.0
6444,HD2,TYR,408,155,1,0.0,0.0
6445,HE1,TYR,408,155,1,0.0026546456,0.26546455919742584
6446,HE2,TYR,408,155,1,0.026546456,2.6546455919742584
6447,HH,TYR,408,155,1,0.0008848819,0.08848818833939731
6448,N,PRO,409,156,1,0.0,0.0
6449,CA,PRO,409,156,1,0.0,0.0
6450,C,PRO,409,156,1,0.0,0.0
6451,CB,PRO,409,156,1,0.023900976,2.390097640454769
6452,O,PRO,409,156,1,0.0,0.0
6453,CG,PRO,409,156,1,0.0,0.0
6454,CD,PRO,409,156,1,0.0,0.0
6455,HA,PRO,409,156,1,0.0,0.0
6456,HB2,PRO,409,156,1,0.01415811,1.415811013430357
6457,HB3,PRO,409,156,1,0.07344519,7.344519346952438
6458,HG2,PRO,409,156,1,0.0,0.0
6459,HG3,PRO,409,156,1,0.07521496,7.521495968103409
6460,HD2,PRO,409,156,1,0.0,0.0
6461,HD3,PRO,409,156,1,0.0,0.0
6462,N,ALA,410,157,1,0.0,0.0
6463,CA,ALA,410,157,1,0.0,0.0
6464,C,ALA,410,157,1,0.0,0.0
6465,CB,ALA,410,157,1,0.046544008,4.654400795698166
6466,O,ALA,410,157,1,0.023438167,2.3438166826963425
6467,H,ALA,410,157,1,0.034510393,3.451039269566536
6468,HA,ALA,410,157,1,0.0,0.0
6469,HB1,ALA,410,157,1,0.08229402,8.229401707649231
6470,HB2,ALA,410,157,1,0.0,0.0
6471,HB3,ALA,410,157,1,0.11503465,11.503464728593826
6472,N,GLN,411,158,1,0.0,0.0
6473,CA,GLN,411,158,1,0.0,0.0
6474,C,GLN,411,158,1,0.0037738383,0.377383828163147
6475,CB,GLN,411,158,1,0.008805623,0.8805623278021812
6476,O,GLN,411,158,1,0.0,0.0
6477,CG,GLN,411,158,1,0.02264303,2.264302968978882
6478,CD,GLN,411,158,1,0.04151222,4.151222109794617
6479,H,GLN,411,158,1,0.0,0.0
6480,HA,GLN,411,158,1,0.06548126,6.548126041889191
6481,HB2,GLN,411,158,1,0.0026546456,0.26546455919742584
6482,HB3,GLN,411,158,1,0.1513148,15.131479501724243
6483,HG2,GLN,411,158,1,0.20263796,20.26379555463791
6484,HG3,GLN,411,158,1,0.13007763,13.007763028144836
6485,NE2,GLN,411,158,1,0.116193786,11.619378626346588
6486,OE1,GLN,411,158,1,0.055805158,5.5805157870054245
6487,HE21,GLN,411,158,1,0.16193338,16.193337738513947
6488,HE22,GLN,411,158,1,0.2486518,24.865180253982544
6489,N,ILE,412,159,1,0.012530702,1.2530702166259289
6490,CA,ILE,412,159,1,0.0,0.0
6491,C,ILE,412,159,1,0.0163533,1.6353299841284752
6492,CB,ILE,412,159,1,0.0,0.0
6493,O,ILE,412,159,1,0.22656894,22.656893730163574
6494,CG1,ILE,412,159,1,0.0,0.0
6495,CG2,ILE,412,159,1,0.0050317845,0.5031784530729055
6496,CD1,ILE,412,159,1,0.0,0.0
6497,H,ILE,412,159,1,0.078754485,7.87544846534729
6498,HA,ILE,412,159,1,0.010618582,1.0618582367897034
6499,HB,ILE,412,159,1,0.0,0.0
6500,HG12,ILE,412,159,1,0.0,0.0
6501,HG13,ILE,412,159,1,0.0,0.0
6502,HG21,ILE,412,159,1,0.0,0.0
6503,HG22,ILE,412,159,1,0.040704567,4.070456698536873
6504,HG23,ILE,412,159,1,0.015042992,1.5042992308735847
6505,HD11,ILE,412,159,1,0.0,0.0
6506,HD12,ILE,412,159,1,0.0,0.0
6507,HD13,ILE,412,159,1,0.0,0.0
6508,N,LYS,413,160,1,0.0022783095,0.22783095482736826
6509,CA,LYS,413,160,1,0.0,0.0
6510,C,LYS,413,160,1,0.0,0.0
6511,CB,LYS,413,160,1,0.0037738383,0.377383828163147
6512,O,LYS,413,160,1,0.0,0.0
6513,CG,LYS,413,160,1,0.0,0.0
6514,CD,LYS,413,160,1,0.0,0.0
6515,CE,LYS,413,160,1,0.0025158923,0.25158922653645277
6516,NZ,LYS,413,160,1,0.019365631,1.936563104391098
6517,H,LYS,413,160,1,0.0,0.0
6518,HA,LYS,413,160,1,0.022122048,2.212204784154892
6519,HB2,LYS,413,160,1,0.12742299,12.74229884147644
6520,HB3,LYS,413,160,1,0.0,0.0
6521,HG2,LYS,413,160,1,0.0,0.0
6522,HG3,LYS,413,160,1,0.1221137,12.211369723081589
6523,HD2,LYS,413,160,1,0.13892646,13.892646133899689
6524,HD3,LYS,413,160,1,0.0,0.0
6525,HE2,LYS,413,160,1,0.0,0.0
6526,HE3,LYS,413,160,1,0.17166708,17.166708409786224
6527,HZ1,LYS,413,160,1,0.2690041,26.900410652160645
6528,HZ2,LYS,413,160,1,0.18405543,18.405543267726898
6529,HZ3,LYS,413,160,1,0.08760331,8.760330826044083
6530,N,VAL,414,161,1,0.0,0.0
6531,CA,VAL,414,161,1,0.0,0.0
6532,C,VAL,414,161,1,0.0,0.0
6533,CB,VAL,414,161,1,0.0,0.0
6534,O,VAL,414,161,1,0.15848665,15.848664939403534
6535,CG1,VAL,414,161,1,0.0,0.0
6536,CG2,VAL,414,161,1,0.0,0.0
6537,H,VAL,414,161,1,0.08229402,8.229401707649231
6538,HA,VAL,414,161,1,0.0,0.0
6539,HB,VAL,414,161,1,0.01415811,1.415811013430357
6540,HG11,VAL,414,161,1,0.0,0.0
6541,HG12,VAL,414,161,1,0.0,0.0
6542,HG13,VAL,414,161,1,0.0,0.0
6543,HG21,VAL,414,161,1,0.0,0.0
6544,HG22,VAL,414,161,1,0.0026546456,0.26546455919742584
6545,HG23,VAL,414,161,1,0.0,0.0
6546,N,ARG,415,162,1,0.0,0.0
6547,CA,ARG,415,162,1,0.0,0.0
6548,C,ARG,415,162,1,0.0,0.0
6549,CB,ARG,415,162,1,0.0,0.0
6550,O,ARG,415,162,1,0.0,0.0
6551,CG,ARG,415,162,1,0.0,0.0
6552,CD,ARG,415,162,1,0.0,0.0
6553,NE,ARG,415,162,1,0.0,0.0
6554,NH1,ARG,415,162,1,0.026200559,2.6200558990240097
6555,NH2,ARG,415,162,1,0.004556619,0.4556619096547365
6556,CZ,ARG,415,162,1,0.0,0.0
6557,H,ARG,415,162,1,0.0,0.0
6558,HA,ARG,415,162,1,0.02300693,2.3006929084658623
6559,HB2,ARG,415,162,1,0.0,0.0
6560,HB3,ARG,415,162,1,0.0,0.0
6561,HG2,ARG,415,162,1,0.086718425,8.671842515468597
6562,HG3,ARG,415,162,1,0.0,0.0
6563,HD2,ARG,415,162,1,0.0,0.0
6564,HD3,ARG,415,162,1,0.031855747,3.18557471036911
6565,HE,ARG,415,162,1,0.0,0.0
6566,HH11,ARG,415,162,1,0.048668504,4.86685037612915
6567,HH12,ARG,415,162,1,0.22829953,22.829952836036682
6568,HH21,ARG,415,162,1,0.0,0.0
6569,HH22,ARG,415,162,1,0.18405543,18.405543267726898
6570,N,TRP,416,163,1,0.0,0.0
6571,CA,TRP,416,163,1,0.0,0.0
6572,C,TRP,416,163,1,0.0,0.0
6573,CB,TRP,416,163,1,0.0,0.0
6574,O,TRP,416,163,1,0.0,0.0
6575,CG,TRP,416,163,1,0.0,0.0
6576,CD1,TRP,416,163,1,0.0,0.0
6577,CD2,TRP,416,163,1,0.0,0.0
6578,CE2,TRP,416,163,1,0.0,0.0
6579,CE3,TRP,416,163,1,0.0,0.0
6580,NE1,TRP,416,163,1,0.0,0.0
6581,CH2,TRP,416,163,1,0.0,0.0
6582,CZ2,TRP,416,163,1,0.0,0.0
6583,CZ3,TRP,416,163,1,0.0,0.0
6584,H,TRP,416,163,1,0.016812757,1.6812756657600403
6585,HA,TRP,416,163,1,0.0,0.0
6586,HB2,TRP,416,163,1,0.0,0.0
6587,HB3,TRP,416,163,1,0.0,0.0
6588,HD1,TRP,416,163,1,0.0,0.0
6589,HE1,TRP,416,163,1,0.0,0.0
6590,HE3,TRP,416,163,1,0.0,0.0
6591,HZ2,TRP,416,163,1,0.0,0.0
6592,HZ3,TRP,416,163,1,0.0,0.0
6593,HH2,TRP,416,163,1,0.0,0.0
6594,N,PHE,417,164,1,0.0,0.0
6595,CA,PHE,417,164,1,0.0,0.0
6596,C,PHE,417,164,1,0.0,0.0
6597,CB,PHE,417,164,1,0.0050317845,0.5031784530729055
6598,O,PHE,417,164,1,0.0,0.0
6599,CG,PHE,417,164,1,0.023900976,2.390097640454769
6600,CD1,PHE,417,164,1,0.023900976,2.390097640454769
6601,CD2,PHE,417,164,1,0.012579462,1.2579461559653282
6602,CE1,PHE,417,164,1,0.06667115,6.667114794254303
6603,CE2,PHE,417,164,1,0.0075476766,0.754767656326294
6604,CZ,PHE,417,164,1,0.052833736,5.283373594284058
6605,H,PHE,417,164,1,0.0,0.0
6606,HA,PHE,417,164,1,0.0,0.0
6607,HB2,PHE,417,164,1,0.0,0.0
6608,HB3,PHE,417,164,1,0.0,0.0
6609,HD1,PHE,417,164,1,0.0,0.0
6610,HD2,PHE,417,164,1,0.0,0.0
6611,HE1,PHE,417,164,1,0.13981134,13.981133699417114
6612,HE2,PHE,417,164,1,0.0,0.0
6613,HZ,PHE,417,164,1,0.010618582,1.0618582367897034
6614,N,ARG,418,165,1,0.0,0.0
6615,CA,ARG,418,165,1,0.0,0.0
6616,C,ARG,418,165,1,0.0,0.0
6617,CB,ARG,418,165,1,0.0,0.0
6618,O,ARG,418,165,1,0.014509341,1.450934074819088
6619,CG,ARG,418,165,1,0.0,0.0
6620,CD,ARG,418,165,1,0.0037738383,0.377383828163147
6621,NE,ARG,418,165,1,0.020504786,2.05047857016325
6622,NH1,ARG,418,165,1,0.07062759,7.062759250402451
6623,NH2,ARG,418,165,1,0.06834929,6.8349286913871765
6624,CZ,ARG,418,165,1,0.049059898,4.905989766120911
6625,H,ARG,418,165,1,0.0,0.0
6626,HA,ARG,418,165,1,0.0,0.0
6627,HB2,ARG,418,165,1,0.0,0.0
6628,HB3,ARG,418,165,1,0.0026546456,0.26546455919742584
6629,HG2,ARG,418,165,1,0.0044244095,0.44244094751775265
6630,HG3,ARG,418,165,1,0.0,0.0
6631,HD2,ARG,418,165,1,0.0,0.0
6632,HD3,ARG,418,165,1,0.012388347,1.238834671676159
6633,HE,ARG,418,165,1,0.0008848819,0.08848818833939731
6634,HH11,ARG,418,165,1,0.04601386,4.6013858169317245
6635,HH12,ARG,418,165,1,0.22652976,22.65297621488571
6636,HH21,ARG,418,165,1,0.09556724,9.55672413110733
6637,HH22,ARG,418,165,1,0.09733701,9.7337007522583
6638,N,ASN,419,166,1,0.0,0.0
6639,CA,ASN,419,166,1,0.0,0.0
6640,C,ASN,419,166,1,0.0,0.0
6641,CB,ASN,419,166,1,0.011321515,1.132151484489441
6642,O,ASN,419,166,1,0.09598487,9.598486870527267
6643,CG,ASN,419,166,1,0.03899633,3.899633139371872
6644,H,ASN,419,166,1,0.0,0.0
6645,HA,ASN,419,166,1,0.057517324,5.751732364296913
6646,HB2,ASN,419,166,1,0.03716504,3.716503828763962
6647,HB3,ASN,419,166,1,0.17166708,17.166708409786224
6648,ND2,ASN,419,166,1,0.07062759,7.062759250402451
6649,OD1,ASN,419,166,1,0.043528024,4.352802410721779
6650,HD22,ASN,419,166,1,0.15219969,15.219968557357788
6651,HD21,ASN,419,166,1,0.02300693,2.3006929084658623
6652,N,ASP,420,167,1,0.0,0.0
6653,CA,ASP,420,167,1,0.0,0.0
6654,C,ASP,420,167,1,0.0,0.0
6655,CB,ASP,420,167,1,0.020127138,2.012713812291622
6656,O,ASP,420,167,1,0.20313077,20.313076674938202
6657,CG,ASP,420,167,1,0.044028115,4.402811452746391
6658,OD1,ASP,420,167,1,0.37277845,37.2778445482254
6659,OD2,ASP,420,167,1,0.46653113,46.65311276912689
6660,H,ASP,420,167,1,0.007963937,0.7963936775922775
6661,HA,ASP,420,167,1,0.033625513,3.3625513315200806
6662,HB2,ASP,420,167,1,0.06990567,6.990566849708557
6663,HB3,ASP,420,167,1,0.13981134,13.981133699417114
6664,N,GLN,421,168,1,0.0,0.0
6665,CA,GLN,421,168,1,0.0,0.0
6666,C,GLN,421,168,1,0.0,0.0
6667,CB,GLN,421,168,1,0.0025158923,0.25158922653645277
6668,O,GLN,421,168,1,0.0,0.0
6669,CG,GLN,421,168,1,0.0025158923,0.25158922653645277
6670,CD,GLN,421,168,1,0.07170293,7.1702927350997925
6671,H,GLN,421,168,1,0.0,0.0
6672,HA,GLN,421,168,1,0.03628016,3.6280158907175064
6673,HB2,GLN,421,168,1,0.030970866,3.09708658605814
6674,HB3,GLN,421,168,1,0.04689874,4.68987412750721
6675,HG2,GLN,421,168,1,0.053977795,5.397779494524002
6676,HG3,GLN,421,168,1,0.086718425,8.671842515468597
6677,NE2,GLN,421,168,1,0.14125519,14.125518500804901
6678,OE1,GLN,421,168,1,0.40737766,40.73776602745056
6679,HE21,GLN,421,168,1,0.29997495,29.99749481678009
6680,HE22,GLN,421,168,1,0.25130644,25.13064444065094
6681,N,GLU,422,169,1,0.0,0.0
6682,CA,GLU,422,169,1,0.0,0.0
6683,C,GLU,422,169,1,0.0,0.0
6684,CB,GLU,422,169,1,0.006289731,0.6289730779826641
6685,O,GLU,422,169,1,0.17969261,17.96926110982895
6686,CG,GLU,422,169,1,0.0,0.0
6687,CD,GLU,422,169,1,0.008805623,0.8805623278021812
6688,OE1,GLU,422,169,1,0.15290613,15.2906134724617
6689,OE2,GLU,422,169,1,0.2544715,25.44715106487274
6690,H,GLU,422,169,1,0.10530094,10.530094057321548
6691,HA,GLU,422,169,1,0.0,0.0
6692,HB2,GLU,422,169,1,0.009733701,0.9733701124787331
6693,HB3,GLU,422,169,1,0.096452124,9.645212441682816
6694,HG2,GLU,422,169,1,0.0,0.0
6695,HG3,GLU,422,169,1,0.0,0.0
6696,N,GLU,423,170,1,0.0,0.0
6697,CA,GLU,423,170,1,0.0,0.0
6698,C,GLU,423,170,1,0.0,0.0
6699,CB,GLU,423,170,1,0.0,0.0
6700,O,GLU,423,170,1,0.016741548,1.6741547733545303
6701,CG,GLU,423,170,1,0.0,0.0
6702,CD,GLU,423,170,1,0.0050317845,0.5031784530729055
6703,OE1,GLU,423,170,1,0.15848665,15.848664939403534
6704,OE2,GLU,423,170,1,0.13728069,13.728068768978119
6705,H,GLU,423,170,1,0.0,0.0
6706,HA,GLU,423,170,1,0.0061941734,0.6194173358380795
6707,HB2,GLU,423,170,1,0.0,0.0
6708,HB3,GLU,423,170,1,0.0,0.0
6709,HG2,GLU,423,170,1,0.0,0.0
6710,HG3,GLU,423,170,1,0.0,0.0
6711,N,THR,424,171,1,0.0,0.0
6712,CA,THR,424,171,1,0.0,0.0
6713,C,THR,424,171,1,0.0,0.0
6714,CB,THR,424,171,1,0.0050317845,0.5031784530729055
6715,O,THR,424,171,1,0.16406716,16.406716406345367
6716,CG2,THR,424,171,1,0.04277017,4.277016967535019
6717,OG1,THR,424,171,1,0.2098274,20.982739329338074
6718,H,THR,424,171,1,0.021237165,2.1237164735794067
6719,HA,THR,424,171,1,0.04247433,4.2474329471588135
6720,HB,THR,424,171,1,0.15219969,15.219968557357788
6721,HG21,THR,424,171,1,0.008848819,0.8848818950355053
6722,HG22,THR,424,171,1,0.12476835,12.476834654808044
6723,HG23,THR,424,171,1,0.20794724,20.7947239279747
6724,HG1,THR,424,171,1,0.06105685,6.105684861540794
6725,N,THR,425,172,1,0.0,0.0
6726,CA,THR,425,172,1,0.0,0.0
6727,C,THR,425,172,1,0.0012579461,0.12579461326822639
6728,CB,THR,425,172,1,0.0050317845,0.5031784530729055
6729,O,THR,425,172,1,0.010044929,1.0044928640127182
6730,CG2,THR,425,172,1,0.098119795,9.811979532241821
6731,OG1,THR,425,172,1,0.18080871,18.080870807170868
6732,H,THR,425,172,1,0.0008848819,0.08848818833939731
6733,HA,THR,425,172,1,0.045128975,4.512897506356239
6734,HB,THR,425,172,1,0.1566241,15.662409365177155
6735,HG21,THR,425,172,1,0.2442274,24.422739446163177
6736,HG22,THR,425,172,1,0.12742299,12.74229884147644
6737,HG23,THR,425,172,1,0.13804157,13.804157078266144
6738,HG1,THR,425,172,1,0.08760331,8.760330826044083
6739,N,GLY,426,173,1,0.010252393,1.025239285081625
6740,CA,GLY,426,173,1,0.021385085,2.1385084837675095
6741,C,GLY,426,173,1,0.0,0.0
6742,O,GLY,426,173,1,0.0022322063,0.22322062868624926
6743,H,GLY,426,173,1,0.16458803,16.458803415298462
6744,HA2,GLY,426,173,1,0.0831789,8.317890018224716
6745,HA3,GLY,426,173,1,0.04601386,4.6013858169317245
6746,N,VAL,427,174,1,0.0,0.0
6747,CA,VAL,427,174,1,0.0,0.0
6748,C,VAL,427,174,1,0.0,0.0
6749,CB,VAL,427,174,1,0.0,0.0
6750,O,VAL,427,174,1,0.23661387,23.661386966705322
6751,CG1,VAL,427,174,1,0.023900976,2.390097640454769
6752,CG2,VAL,427,174,1,0.0,0.0
6753,H,VAL,427,174,1,0.0017697638,0.17697637667879462
6754,HA,VAL,427,174,1,0.0,0.0
6755,HB,VAL,427,174,1,0.04158945,4.158945009112358
6756,HG11,VAL,427,174,1,0.01858252,1.858251914381981
6757,HG12,VAL,427,174,1,0.14246598,14.24659788608551
6758,HG13,VAL,427,174,1,0.0,0.0
6759,HG21,VAL,427,174,1,0.0,0.0
6760,HG22,VAL,427,174,1,0.0,0.0
6761,HG23,VAL,427,174,1,0.008848819,0.8848818950355053
6762,N,VAL,428,175,1,0.0,0.0
6763,CA,VAL,428,175,1,0.0,0.0
6764,C,VAL,428,175,1,0.0,0.0
6765,CB,VAL,428,175,1,0.0,0.0
6766,O,VAL,428,175,1,0.0,0.0
6767,CG1,VAL,428,175,1,0.0050317845,0.5031784530729055
6768,CG2,VAL,428,175,1,0.070444986,7.04449862241745
6769,H,VAL,428,175,1,0.0,0.0
6770,HA,VAL,428,175,1,0.031855747,3.18557471036911
6771,HB,VAL,428,175,1,0.012388347,1.238834671676159
6772,HG11,VAL,428,175,1,0.0,0.0
6773,HG12,VAL,428,175,1,0.14689039,14.689038693904877
6774,HG13,VAL,428,175,1,0.0,0.0
6775,HG21,VAL,428,175,1,0.16989732,16.989731788635254
6776,HG22,VAL,428,175,1,0.01415811,1.415811013430357
6777,HG23,VAL,428,175,1,0.027431339,2.7431339025497437
6778,N,SER,429,176,1,0.0,0.0
6779,CA,SER,429,176,1,0.0,0.0
6780,C,SER,429,176,1,0.0,0.0
6781,CB,SER,429,176,1,0.013837407,1.383740734308958
6782,O,SER,429,176,1,0.13839678,13.839678466320038
6783,OG,SER,429,176,1,0.16629937,16.629937291145325
6784,H,SER,429,176,1,0.050438266,5.043826624751091
6785,HA,SER,429,176,1,0.0,0.0
6786,HB2,SER,429,176,1,0.0,0.0
6787,HB3,SER,429,176,1,0.035395276,3.539527580142021
6788,HG,SER,429,176,1,0.21945071,21.94507122039795
6789,N,THR,430,177,1,0.0,0.0
6790,CA,THR,430,177,1,0.0,0.0
6791,C,THR,430,177,1,0.0037738383,0.377383828163147
6792,CB,THR,430,177,1,0.0,0.0
6793,O,THR,430,177,1,0.023438167,2.3438166826963425
6794,CG2,THR,430,177,1,0.0037738383,0.377383828163147
6795,OG1,THR,430,177,1,0.0,0.0
6796,H,THR,430,177,1,0.0,0.0
6797,HA,THR,430,177,1,0.0026546456,0.26546455919742584
6798,HB,THR,430,177,1,0.0,0.0
6799,HG21,THR,430,177,1,0.007079055,0.7079055067151785
6800,HG22,THR,430,177,1,0.0,0.0
6801,HG23,THR,430,177,1,0.0,0.0
6802,HG1,THR,430,177,1,0.0,0.0
6803,N,PRO,431,178,1,0.0056957738,0.5695773754268885
6804,CA,PRO,431,178,1,0.0,0.0
6805,C,PRO,431,178,1,0.0,0.0
6806,CB,PRO,431,178,1,0.0037738383,0.377383828163147
6807,O,PRO,431,178,1,0.0,0.0
6808,CG,PRO,431,178,1,0.015095353,1.509535312652588
6809,CD,PRO,431,178,1,0.0075476766,0.754767656326294
6810,HA,PRO,431,178,1,0.11326488,11.326488107442856
6811,HB2,PRO,431,178,1,0.007079055,0.7079055067151785
6812,HB3,PRO,431,178,1,0.058402203,5.8402203023433685
6813,HG2,PRO,431,178,1,0.0008848819,0.08848818833939731
6814,HG3,PRO,431,178,1,0.119459055,11.945905536413193
6815,HD2,PRO,431,178,1,0.0,0.0
6816,HD3,PRO,431,178,1,0.114149764,11.414976418018341
6817,N,LEU,432,179,1,0.0,0.0
6818,CA,LEU,432,179,1,0.0,0.0
6819,C,LEU,432,179,1,0.0,0.0
6820,CB,LEU,432,179,1,0.006289731,0.6289730779826641
6821,O,LEU,432,179,1,0.16295105,16.29510521888733
6822,CG,LEU,432,179,1,0.0,0.0
6823,CD1,LEU,432,179,1,0.0,0.0
6824,CD2,LEU,432,179,1,0.017611247,1.7611246556043625
6825,H,LEU,432,179,1,0.11768929,11.768928915262222
6826,HA,LEU,432,179,1,0.0,0.0
6827,HB2,LEU,432,179,1,0.09556724,9.55672413110733
6828,HB3,LEU,432,179,1,0.09468236,9.468235820531845
6829,HG,LEU,432,179,1,0.0,0.0
6830,HD11,LEU,432,179,1,0.026546456,2.6546455919742584
6831,HD12,LEU,432,179,1,0.0,0.0
6832,HD13,LEU,432,179,1,0.0,0.0
6833,HD21,LEU,432,179,1,0.114149764,11.414976418018341
6834,HD22,LEU,432,179,1,0.0,0.0
6835,HD23,LEU,432,179,1,0.09999165,9.999164938926697
6836,N,ILE,433,180,1,0.0,0.0
6837,CA,ILE,433,180,1,0.0,0.0
6838,C,ILE,433,180,1,0.0,0.0
6839,CB,ILE,433,180,1,0.0,0.0
6840,O,ILE,433,180,1,0.0,0.0
6841,CG1,ILE,433,180,1,0.0,0.0
6842,CG2,ILE,433,180,1,0.0,0.0
6843,CD1,ILE,433,180,1,0.0025158923,0.25158922653645277
6844,H,ILE,433,180,1,0.0,0.0
6845,HA,ILE,433,180,1,0.0,0.0
6846,HB,ILE,433,180,1,0.0,0.0
6847,HG12,ILE,433,180,1,0.0,0.0
6848,HG13,ILE,433,180,1,0.0,0.0
6849,HG21,ILE,433,180,1,0.0,0.0
6850,HG22,ILE,433,180,1,0.0,0.0
6851,HG23,ILE,433,180,1,0.005309291,0.5309291183948517
6852,HD11,ILE,433,180,1,0.011503465,1.1503464542329311
6853,HD12,ILE,433,180,1,0.0,0.0
6854,HD13,ILE,433,180,1,0.0,0.0
6855,N,ARG,434,181,1,0.0,0.0
6856,CA,ARG,434,181,1,0.0,0.0
6857,C,ARG,434,181,1,0.0,0.0
6858,CB,ARG,434,181,1,0.0037738383,0.377383828163147
6859,O,ARG,434,181,1,0.012277135,1.227713469415903
6860,CG,ARG,434,181,1,0.0,0.0
6861,CD,ARG,434,181,1,0.0,0.0
6862,NE,ARG,434,181,1,0.0056957738,0.5695773754268885
6863,NH1,ARG,434,181,1,0.0,0.0
6864,NH2,ARG,434,181,1,0.03075718,3.0757179483771324
6865,CZ,ARG,434,181,1,0.0,0.0
6866,H,ARG,434,181,1,0.06990567,6.990566849708557
6867,HA,ARG,434,181,1,0.0,0.0
6868,HB2,ARG,434,181,1,0.03804992,3.804992139339447
6869,HB3,ARG,434,181,1,0.071675435,7.167543470859528
6870,HG2,ARG,434,181,1,0.0,0.0
6871,HG3,ARG,434,181,1,0.0,0.0
6872,HD2,ARG,434,181,1,0.015042992,1.5042992308735847
6873,HD3,ARG,434,181,1,0.0,0.0
6874,HE,ARG,434,181,1,0.13361716,13.361716270446777
6875,HH11,ARG,434,181,1,0.0,0.0
6876,HH12,ARG,434,181,1,0.0,0.0
6877,HH21,ARG,434,181,1,0.19201937,19.201937317848206
6878,HH22,ARG,434,181,1,0.0929126,9.291259944438934
6879,N,ASN,435,182,1,0.0,0.0
6880,CA,ASN,435,182,1,0.0,0.0
6881,C,ASN,435,182,1,0.0,0.0
6882,CB,ASN,435,182,1,0.0,0.0
6883,O,ASN,435,182,1,0.0,0.0
6884,CG,ASN,435,182,1,0.0,0.0
6885,H,ASN,435,182,1,0.0,0.0
6886,HA,ASN,435,182,1,0.0,0.0
6887,HB2,ASN,435,182,1,0.0,0.0
6888,HB3,ASN,435,182,1,0.0,0.0
6889,ND2,ASN,435,182,1,0.0,0.0
6890,OD1,ASN,435,182,1,0.0,0.0
6891,HD22,ASN,435,182,1,0.0,0.0
6892,HD21,ASN,435,182,1,0.0,0.0
6893,N,GLY,436,183,1,0.0,0.0
6894,CA,GLY,436,183,1,0.0,0.0
6895,C,GLY,436,183,1,0.0,0.0
6896,O,GLY,436,183,1,0.0703145,7.031449675559998
6897,H,GLY,436,183,1,0.0,0.0
6898,HA2,GLY,436,183,1,0.0,0.0
6899,HA3,GLY,436,183,1,0.0,0.0
6900,N,ASP,437,184,1,0.0,0.0
6901,CA,ASP,437,184,1,0.0,0.0
6902,C,ASP,437,184,1,0.0,0.0
6903,CB,ASP,437,184,1,0.028932761,2.8932761400938034
6904,O,ASP,437,184,1,0.06585009,6.585008651018143
6905,CG,ASP,437,184,1,0.0,0.0
6906,OD1,ASP,437,184,1,0.0,0.0
6907,OD2,ASP,437,184,1,0.14955781,14.955781400203705
6908,H,ASP,437,184,1,0.0,0.0
6909,HA,ASP,437,184,1,0.06105685,6.105684861540794
6910,HB2,ASP,437,184,1,0.16016363,16.016362607479095
6911,HB3,ASP,437,184,1,0.058402203,5.8402203023433685
6912,N,TRP,438,185,1,0.0,0.0
6913,CA,TRP,438,185,1,0.0,0.0
6914,C,TRP,438,185,1,0.0,0.0
6915,CB,TRP,438,185,1,0.0,0.0
6916,O,TRP,438,185,1,0.0,0.0
6917,CG,TRP,438,185,1,0.0,0.0
6918,CD1,TRP,438,185,1,0.0025158923,0.25158922653645277
6919,CD2,TRP,438,185,1,0.0,0.0
6920,CE2,TRP,438,185,1,0.0,0.0
6921,CE3,TRP,438,185,1,0.0,0.0
6922,NE1,TRP,438,185,1,0.0,0.0
6923,CH2,TRP,438,185,1,0.0,0.0
6924,CZ2,TRP,438,185,1,0.0,0.0
6925,CZ3,TRP,438,185,1,0.0025158923,0.25158922653645277
6926,H,TRP,438,185,1,0.0,0.0
6927,HA,TRP,438,185,1,0.0,0.0
6928,HB2,TRP,438,185,1,0.0,0.0
6929,HB3,TRP,438,185,1,0.0,0.0
6930,HD1,TRP,438,185,1,0.021237165,2.1237164735794067
6931,HE1,TRP,438,185,1,0.0044244095,0.44244094751775265
6932,HE3,TRP,438,185,1,0.0,0.0
6933,HZ2,TRP,438,185,1,0.0,0.0
6934,HZ3,TRP,438,185,1,0.0,0.0
6935,HH2,TRP,438,185,1,0.0,0.0
6936,N,THR,439,186,1,0.0,0.0
6937,CA,THR,439,186,1,0.0,0.0
6938,C,THR,439,186,1,0.0,0.0
6939,CB,THR,439,186,1,0.0,0.0
6940,O,THR,439,186,1,0.0,0.0
6941,CG2,THR,439,186,1,0.0025158923,0.25158922653645277
6942,OG1,THR,439,186,1,0.0,0.0
6943,H,THR,439,186,1,0.0,0.0
6944,HA,THR,439,186,1,0.0,0.0
6945,HB,THR,439,186,1,0.0,0.0
6946,HG21,THR,439,186,1,0.0,0.0
6947,HG22,THR,439,186,1,0.0,0.0
6948,HG23,THR,439,186,1,0.086718425,8.671842515468597
6949,HG1,THR,439,186,1,0.0,0.0
6950,N,PHE,440,187,1,0.0,0.0
6951,CA,PHE,440,187,1,0.0,0.0
6952,C,PHE,440,187,1,0.0,0.0
6953,CB,PHE,440,187,1,0.0,0.0
6954,O,PHE,440,187,1,0.0,0.0
6955,CG,PHE,440,187,1,0.0,0.0
6956,CD1,PHE,440,187,1,0.0,0.0
6957,CD2,PHE,440,187,1,0.0,0.0
6958,CE1,PHE,440,187,1,0.0050317845,0.5031784530729055
6959,CE2,PHE,440,187,1,0.0,0.0
6960,CZ,PHE,440,187,1,0.008805623,0.8805623278021812
6961,H,PHE,440,187,1,0.0,0.0
6962,HA,PHE,440,187,1,0.0,0.0
6963,HB2,PHE,440,187,1,0.0,0.0
6964,HB3,PHE,440,187,1,0.0,0.0
6965,HD1,PHE,440,187,1,0.0,0.0
6966,HD2,PHE,440,187,1,0.0,0.0
6967,HE1,PHE,440,187,1,0.02300693,2.3006929084658623
6968,HE2,PHE,440,187,1,0.008848819,0.8848818950355053
6969,HZ,PHE,440,187,1,0.05132315,5.132314935326576
6970,N,GLN,441,188,1,0.0,0.0
6971,CA,GLN,441,188,1,0.0,0.0
6972,C,GLN,441,188,1,0.0,0.0
6973,CB,GLN,441,188,1,0.0,0.0
6974,O,GLN,441,188,1,0.0,0.0
6975,CG,GLN,441,188,1,0.0,0.0
6976,CD,GLN,441,188,1,0.0,0.0
6977,H,GLN,441,188,1,0.0,0.0
6978,HA,GLN,441,188,1,0.0,0.0
6979,HB2,GLN,441,188,1,0.0,0.0
6980,HB3,GLN,441,188,1,0.0,0.0
6981,HG2,GLN,441,188,1,0.0,0.0
6982,HG3,GLN,441,188,1,0.0,0.0
6983,NE2,GLN,441,188,1,0.0,0.0
6984,OE1,GLN,441,188,1,0.0714306,7.143060117959976
6985,HE21,GLN,441,188,1,0.0,0.0
6986,HE22,GLN,441,188,1,0.0,0.0
6987,N,ILE,442,189,1,0.0,0.0
6988,CA,ILE,442,189,1,0.0,0.0
6989,C,ILE,442,189,1,0.0,0.0
6990,CB,ILE,442,189,1,0.0,0.0
6991,O,ILE,442,189,1,0.0,0.0
6992,CG1,ILE,442,189,1,0.0,0.0
6993,CG2,ILE,442,189,1,0.0,0.0
6994,CD1,ILE,442,189,1,0.06415525,6.4155250787734985
6995,H,ILE,442,189,1,0.0,0.0
6996,HA,ILE,442,189,1,0.0,0.0
6997,HB,ILE,442,189,1,0.0,0.0
6998,HG12,ILE,442,189,1,0.0,0.0
6999,HG13,ILE,442,189,1,0.0,0.0
7000,HG21,ILE,442,189,1,0.0,0.0
7001,HG22,ILE,442,189,1,0.0,0.0
7002,HG23,ILE,442,189,1,0.0,0.0
7003,HD11,ILE,442,189,1,0.030085985,3.0085984617471695
7004,HD12,ILE,442,189,1,0.04601386,4.6013858169317245
7005,HD13,ILE,442,189,1,0.03628016,3.6280158907175064
7006,N,LEU,443,190,1,0.0,0.0
7007,CA,LEU,443,190,1,0.0,0.0
7008,C,LEU,443,190,1,0.0,0.0
7009,CB,LEU,443,190,1,0.0,0.0
7010,O,LEU,443,190,1,0.0,0.0
7011,CG,LEU,443,190,1,0.0,0.0
7012,CD1,LEU,443,190,1,0.044028115,4.402811452746391
7013,CD2,LEU,443,190,1,0.0025158923,0.25158922653645277
7014,H,LEU,443,190,1,0.0,0.0
7015,HA,LEU,443,190,1,0.0,0.0
7016,HB2,LEU,443,190,1,0.0,0.0
7017,HB3,LEU,443,190,1,0.0,0.0
7018,HG,LEU,443,190,1,0.0,0.0
7019,HD11,LEU,443,190,1,0.109725356,10.972535610198975
7020,HD12,LEU,443,190,1,0.13096252,13.096252083778381
7021,HD13,LEU,443,190,1,0.009733701,0.9733701124787331
7022,HD21,LEU,443,190,1,0.0,0.0
7023,HD22,LEU,443,190,1,0.07079055,7.079055160284042
7024,HD23,LEU,443,190,1,0.0044244095,0.44244094751775265
7025,N,VAL,444,191,1,0.0,0.0
7026,CA,VAL,444,191,1,0.0,0.0
7027,C,VAL,444,191,1,0.0,0.0
7028,CB,VAL,444,191,1,0.0,0.0
7029,O,VAL,444,191,1,0.0,0.0
7030,CG1,VAL,444,191,1,0.0,0.0
7031,CG2,VAL,444,191,1,0.0,0.0
7032,H,VAL,444,191,1,0.0,0.0
7033,HA,VAL,444,191,1,0.0,0.0
7034,HB,VAL,444,191,1,0.0,0.0
7035,HG11,VAL,444,191,1,0.0,0.0
7036,HG12,VAL,444,191,1,0.0,0.0
7037,HG13,VAL,444,191,1,0.022122048,2.212204784154892
7038,HG21,VAL,444,191,1,0.0,0.0
7039,HG22,VAL,444,191,1,0.027431339,2.7431339025497437
7040,HG23,VAL,444,191,1,0.0,0.0
7041,N,MET,445,192,1,0.0,0.0
7042,CA,MET,445,192,1,0.0,0.0
7043,C,MET,445,192,1,0.0012579461,0.12579461326822639
7044,CB,MET,445,192,1,0.0,0.0
7045,O,MET,445,192,1,0.0011161031,0.11161031434312463
7046,CG,MET,445,192,1,0.0,0.0
7047,SD,MET,445,192,1,0.121977575,12.197757512331009
7048,CE,MET,445,192,1,0.0,0.0
7049,H,MET,445,192,1,0.0,0.0
7050,HA,MET,445,192,1,0.0,0.0
7051,HB2,MET,445,192,1,0.0017697638,0.17697637667879462
7052,HB3,MET,445,192,1,0.0,0.0
7053,HG2,MET,445,192,1,0.0,0.0
7054,HG3,MET,445,192,1,0.0,0.0
7055,HE1,MET,445,192,1,0.0,0.0
7056,HE2,MET,445,192,1,0.0,0.0
7057,HE3,MET,445,192,1,0.015927874,1.592787355184555
7058,N,LEU,446,193,1,0.0,0.0
7059,CA,LEU,446,193,1,0.0,0.0
7060,C,LEU,446,193,1,0.0,0.0
7061,CB,LEU,446,193,1,0.0,0.0
7062,O,LEU,446,193,1,0.0,0.0
7063,CG,LEU,446,193,1,0.0,0.0
7064,CD1,LEU,446,193,1,0.0,0.0
7065,CD2,LEU,446,193,1,0.0,0.0
7066,H,LEU,446,193,1,0.0,0.0
7067,HA,LEU,446,193,1,0.0,0.0
7068,HB2,LEU,446,193,1,0.0,0.0
7069,HB3,LEU,446,193,1,0.0,0.0
7070,HG,LEU,446,193,1,0.0,0.0
7071,HD11,LEU,446,193,1,0.0,0.0
7072,HD12,LEU,446,193,1,0.0,0.0
7073,HD13,LEU,446,193,1,0.0,0.0
7074,HD21,LEU,446,193,1,0.0,0.0
7075,HD22,LEU,446,193,1,0.0,0.0
7076,HD23,LEU,446,193,1,0.0,0.0
7077,N,GLU,447,194,1,0.0,0.0
7078,CA,GLU,447,194,1,0.0,0.0
7079,C,GLU,447,194,1,0.0075476766,0.754767656326294
7080,CB,GLU,447,194,1,0.0075476766,0.754767656326294
7081,O,GLU,447,194,1,0.08259163,8.259163051843643
7082,CG,GLU,447,194,1,0.0,0.0
7083,CD,GLU,447,194,1,0.03899633,3.899633139371872
7084,OE1,GLU,447,194,1,0.026786476,2.6786476373672485
7085,OE2,GLU,447,194,1,0.13728069,13.728068768978119
7086,H,GLU,447,194,1,0.0,0.0
7087,HA,GLU,447,194,1,0.0,0.0
7088,HB2,GLU,447,194,1,0.010618582,1.0618582367897034
7089,HB3,GLU,447,194,1,0.081409134,8.140913397073746
7090,HG2,GLU,447,194,1,0.039819684,3.9819683879613876
7091,HG3,GLU,447,194,1,0.005309291,0.5309291183948517
7092,HE2,GLU,447,194,1,0.039819684,3.9819683879613876
7093,N,MET,448,195,1,0.0,0.0
7094,CA,MET,448,195,1,0.0,0.0
7095,C,MET,448,195,1,0.0,0.0
7096,CB,MET,448,195,1,0.0,0.0
7097,O,MET,448,195,1,0.0,0.0
7098,CG,MET,448,195,1,0.0,0.0
7099,SD,MET,448,195,1,0.0938289,9.382890164852142
7100,CE,MET,448,195,1,0.0,0.0
7101,H,MET,448,195,1,0.0,0.0
7102,HA,MET,448,195,1,0.04158945,4.158945009112358
7103,HB2,MET,448,195,1,0.0,0.0
7104,HB3,MET,448,195,1,0.0017697638,0.17697637667879462
7105,HG2,MET,448,195,1,0.0,0.0
7106,HG3,MET,448,195,1,0.0,0.0
7107,HE1,MET,448,195,1,0.0,0.0
7108,HE2,MET,448,195,1,0.0,0.0
7109,HE3,MET,448,195,1,0.0,0.0
7110,N,THR,449,196,1,0.0,0.0
7111,CA,THR,449,196,1,0.0,0.0
7112,C,THR,449,196,1,0.0,0.0
7113,CB,THR,449,196,1,0.0025158923,0.25158922653645277
7114,O,THR,449,196,1,0.010044929,1.0044928640127182
7115,CG2,THR,449,196,1,0.026416868,2.641686797142029
7116,OG1,THR,449,196,1,0.06250177,6.250177323818207
7117,H,THR,449,196,1,0.052208032,5.2208032459020615
7118,HA,THR,449,196,1,0.0,0.0
7119,HB,THR,449,196,1,0.08937307,8.937306702136993
7120,HG21,THR,449,196,1,0.10530094,10.530094057321548
7121,HG22,THR,449,196,1,0.043359213,4.335921257734299
7122,HG23,THR,449,196,1,0.0,0.0
7123,HG1,THR,449,196,1,0.033625513,3.3625513315200806
7124,N,PRO,450,197,1,0.0,0.0
7125,CA,PRO,450,197,1,0.0,0.0
7126,C,PRO,450,197,1,0.0,0.0
7127,CB,PRO,450,197,1,0.0,0.0
7128,O,PRO,450,197,1,0.0,0.0
7129,CG,PRO,450,197,1,0.0,0.0
7130,CD,PRO,450,197,1,0.0,0.0
7131,HA,PRO,450,197,1,0.0,0.0
7132,HB2,PRO,450,197,1,0.0,0.0
7133,HB3,PRO,450,197,1,0.0,0.0
7134,HG2,PRO,450,197,1,0.009733701,0.9733701124787331
7135,HG3,PRO,450,197,1,0.0008848819,0.08848818833939731
7136,HD2,PRO,450,197,1,0.0,0.0
7137,HD3,PRO,450,197,1,0.0,0.0
7138,N,GLN,451,198,1,0.0,0.0
7139,CA,GLN,451,198,1,0.0,0.0
7140,C,GLN,451,198,1,0.0,0.0
7141,CB,GLN,451,198,1,0.0,0.0
7142,O,GLN,451,198,1,0.0,0.0
7143,CG,GLN,451,198,1,0.0012579461,0.12579461326822639
7144,CD,GLN,451,198,1,0.04151222,4.151222109794617
7145,H,GLN,451,198,1,0.0,0.0
7146,HA,GLN,451,198,1,0.0,0.0
7147,HB2,GLN,451,198,1,0.0,0.0
7148,HB3,GLN,451,198,1,0.06194173,6.19417317211628
7149,HG2,GLN,451,198,1,0.04778362,4.778362065553665
7150,HG3,GLN,451,198,1,0.0,0.0
7151,NE2,GLN,451,198,1,0.096828155,9.68281552195549
7152,OE1,GLN,451,198,1,0.25223932,25.223931670188904
7153,HE21,GLN,451,198,1,0.26723433,26.723432540893555
7154,HE22,GLN,451,198,1,0.16724268,16.724267601966858
7155,N,HIS,452,199,1,0.0,0.0
7156,CA,HIS,452,199,1,0.0,0.0
7157,C,HIS,452,199,1,0.0050317845,0.5031784530729055
7158,CB,HIS,452,199,1,0.027674815,2.767481468617916
7159,O,HIS,452,199,1,0.20647909,20.647908747196198
7160,CG,HIS,452,199,1,0.031448655,3.144865483045578
7161,H,HIS,452,199,1,0.069020785,6.902078539133072
7162,HA,HIS,452,199,1,0.0,0.0
7163,HB2,HIS,452,199,1,0.14335087,14.335086941719055
7164,HB3,HIS,452,199,1,0.11503465,11.503464728593826
7165,CD2,HIS,452,199,1,0.08302444,8.302444219589233
7166,ND1,HIS,452,199,1,0.027339716,2.7339715510606766
7167,CE1,HIS,452,199,1,0.06163936,6.163936108350754
7168,NE2,HIS,452,199,1,0.0034174644,0.34174644388258457
7169,HD1,HIS,452,199,1,0.027431339,2.7431339025497437
7170,HD2,HIS,452,199,1,0.057517324,5.751732364296913
7171,HE1,HIS,452,199,1,0.03804992,3.804992139339447
7172,HE2,HIS,452,199,1,0.0017697638,0.17697637667879462
7173,N,GLY,453,200,1,0.0,0.0
7174,CA,GLY,453,200,1,0.031448655,3.144865483045578
7175,C,GLY,453,200,1,0.017611247,1.7611246556043625
7176,O,GLY,453,200,1,0.16741547,16.741546988487244
7177,H,GLY,453,200,1,0.038934804,3.8934804499149323
7178,HA2,GLY,453,200,1,0.21414141,21.414141356945038
7179,HA3,GLY,453,200,1,0.15485433,15.485432744026184
7180,N,ASP,454,201,1,0.0,0.0
7181,CA,ASP,454,201,1,0.0,0.0
7182,C,ASP,454,201,1,0.0,0.0
7183,CB,ASP,454,201,1,0.0,0.0
7184,O,ASP,454,201,1,0.0011161031,0.11161031434312463
7185,CG,ASP,454,201,1,0.0,0.0
7186,OD1,ASP,454,201,1,0.07477891,7.477890700101852
7187,OD2,ASP,454,201,1,0.0,0.0
7188,H,ASP,454,201,1,0.0,0.0
7189,HA,ASP,454,201,1,0.0,0.0
7190,HB2,ASP,454,201,1,0.0,0.0
7191,HB3,ASP,454,201,1,0.0,0.0
7192,N,VAL,455,202,1,0.0,0.0
7193,CA,VAL,455,202,1,0.0,0.0
7194,C,VAL,455,202,1,0.0,0.0
7195,CB,VAL,455,202,1,0.0012579461,0.12579461326822639
7196,O,VAL,455,202,1,0.0011161031,0.11161031434312463
7197,CG1,VAL,455,202,1,0.0,0.0
7198,CG2,VAL,455,202,1,0.06667115,6.667114794254303
7199,H,VAL,455,202,1,0.0,0.0
7200,HA,VAL,455,202,1,0.0,0.0
7201,HB,VAL,455,202,1,0.022122048,2.212204784154892
7202,HG11,VAL,455,202,1,0.0,0.0
7203,HG12,VAL,455,202,1,0.0,0.0
7204,HG13,VAL,455,202,1,0.09114283,9.114283323287964
7205,HG21,VAL,455,202,1,0.02389181,2.3891810327768326
7206,HG22,VAL,455,202,1,0.005309291,0.5309291183948517
7207,HG23,VAL,455,202,1,0.14777528,14.777527749538422
7208,N,TYR,456,203,1,0.0,0.0
7209,CA,TYR,456,203,1,0.0,0.0
7210,C,TYR,456,203,1,0.0,0.0
7211,CB,TYR,456,203,1,0.0,0.0
7212,O,TYR,456,203,1,0.0,0.0
7213,CG,TYR,456,203,1,0.0,0.0
7214,CD1,TYR,456,203,1,0.0,0.0
7215,CD2,TYR,456,203,1,0.0,0.0
7216,CE1,TYR,456,203,1,0.0,0.0
7217,CE2,TYR,456,203,1,0.0,0.0
7218,OH,TYR,456,203,1,0.0,0.0
7219,CZ,TYR,456,203,1,0.0,0.0
7220,H,TYR,456,203,1,0.0,0.0
7221,HA,TYR,456,203,1,0.0,0.0
7222,HB2,TYR,456,203,1,0.0,0.0
7223,HB3,TYR,456,203,1,0.0,0.0
7224,HD1,TYR,456,203,1,0.0,0.0
7225,HD2,TYR,456,203,1,0.0,0.0
7226,HE1,TYR,456,203,1,0.0,0.0
7227,HE2,TYR,456,203,1,0.0,0.0
7228,HH,TYR,456,203,1,0.0,0.0
7229,N,THR,457,204,1,0.0,0.0
7230,CA,THR,457,204,1,0.0,0.0
7231,C,THR,457,204,1,0.0,0.0
7232,CB,THR,457,204,1,0.0037738383,0.377383828163147
7233,O,THR,457,204,1,0.0,0.0
7234,CG2,THR,457,204,1,0.020127138,2.012713812291622
7235,OG1,THR,457,204,1,0.043528024,4.352802410721779
7236,H,THR,457,204,1,0.0,0.0
7237,HA,THR,457,204,1,0.0,0.0
7238,HB,THR,457,204,1,0.008848819,0.8848818950355053
7239,HG21,THR,457,204,1,0.04689874,4.68987412750721
7240,HG22,THR,457,204,1,0.024776693,2.477669343352318
7241,HG23,THR,457,204,1,0.0,0.0
7242,HG1,THR,457,204,1,0.0,0.0
7243,N,CYS,458,205,1,0.0,0.0
7244,CA,CYS,458,205,1,0.0,0.0
7245,C,CYS,458,205,1,0.0,0.0
7246,CB,CYS,458,205,1,0.0,0.0
7247,O,CYS,458,205,1,0.0,0.0
7248,SG,CYS,458,205,1,0.0,0.0
7249,H,CYS,458,205,1,0.0,0.0
7250,HA,CYS,458,205,1,0.0,0.0
7251,HB2,CYS,458,205,1,0.0,0.0
7252,HB3,CYS,458,205,1,0.0,0.0
7253,N,HIS,459,206,1,0.0,0.0
7254,CA,HIS,459,206,1,0.0,0.0
7255,C,HIS,459,206,1,0.0,0.0
7256,CB,HIS,459,206,1,0.0,0.0
7257,O,HIS,459,206,1,0.0,0.0
7258,CG,HIS,459,206,1,0.0,0.0
7259,H,HIS,459,206,1,0.0,0.0
7260,HA,HIS,459,206,1,0.0,0.0
7261,HB2,HIS,459,206,1,0.0017697638,0.17697637667879462
7262,HB3,HIS,459,206,1,0.0,0.0
7263,CD2,HIS,459,206,1,0.05157579,5.157579109072685
7264,ND1,HIS,459,206,1,0.0,0.0
7265,CE1,HIS,459,206,1,0.0012579461,0.12579461326822639
7266,NE2,HIS,459,206,1,0.0113915475,1.139154750853777
7267,HD1,HIS,459,206,1,0.0,0.0
7268,HD2,HIS,459,206,1,0.06636614,6.636614352464676
7269,HE1,HIS,459,206,1,0.0,0.0
7270,HE2,HIS,459,206,1,0.13538693,13.538692891597748
7271,N,VAL,460,207,1,0.0,0.0
7272,CA,VAL,460,207,1,0.0,0.0
7273,C,VAL,460,207,1,0.0,0.0
7274,CB,VAL,460,207,1,0.0,0.0
7275,O,VAL,460,207,1,0.0,0.0
7276,CG1,VAL,460,207,1,0.0,0.0
7277,CG2,VAL,460,207,1,0.0,0.0
7278,H,VAL,460,207,1,0.0,0.0
7279,HA,VAL,460,207,1,0.0,0.0
7280,HB,VAL,460,207,1,0.0,0.0
7281,HG11,VAL,460,207,1,0.0,0.0
7282,HG12,VAL,460,207,1,0.0,0.0
7283,HG13,VAL,460,207,1,0.0,0.0
7284,HG21,VAL,460,207,1,0.0,0.0
7285,HG22,VAL,460,207,1,0.0,0.0
7286,HG23,VAL,460,207,1,0.0,0.0
7287,N,GLU,461,208,1,0.0,0.0
7288,CA,GLU,461,208,1,0.0,0.0
7289,C,GLU,461,208,1,0.011321515,1.132151484489441
7290,CB,GLU,461,208,1,0.008805623,0.8805623278021812
7291,O,GLU,461,208,1,0.01785765,1.785765029489994
7292,CG,GLU,461,208,1,0.0,0.0
7293,CD,GLU,461,208,1,0.03899633,3.899633139371872
7294,OE1,GLU,461,208,1,0.1428612,14.286120235919952
7295,OE2,GLU,461,208,1,0.22656894,22.656893730163574
7296,H,GLU,461,208,1,0.0,0.0
7297,HA,GLU,461,208,1,0.0044244095,0.44244094751775265
7298,HB2,GLU,461,208,1,0.0026546456,0.26546455919742584
7299,HB3,GLU,461,208,1,0.12565322,12.56532222032547
7300,HG2,GLU,461,208,1,0.015042992,1.5042992308735847
7301,HG3,GLU,461,208,1,0.0,0.0
7302,N,HIS,462,209,1,0.0022783095,0.22783095482736826
7303,CA,HIS,462,209,1,0.0025158923,0.25158922653645277
7304,C,HIS,462,209,1,0.030190706,3.019070625305176
7305,CB,HIS,462,209,1,0.0,0.0
7306,O,HIS,462,209,1,0.046876334,4.687633365392685
7307,CG,HIS,462,209,1,0.0,0.0
7308,H,HIS,462,209,1,0.020352283,2.0352283492684364
7309,HA,HIS,462,209,1,0.0017697638,0.17697637667879462
7310,HB2,HIS,462,209,1,0.0,0.0
7311,HB3,HIS,462,209,1,0.0,0.0
7312,CD2,HIS,462,209,1,0.0,0.0
7313,ND1,HIS,462,209,1,0.0,0.0
7314,CE1,HIS,462,209,1,0.0,0.0
7315,NE2,HIS,462,209,1,0.0,0.0
7316,HD1,HIS,462,209,1,0.0,0.0
7317,HD2,HIS,462,209,1,0.0,0.0
7318,HE1,HIS,462,209,1,0.0,0.0
7319,HE2,HIS,462,209,1,0.0,0.0
7320,N,PRO,463,210,1,0.0011391548,0.11391547741368413
7321,CA,PRO,463,210,1,0.0,0.0
7322,C,PRO,463,210,1,0.0,0.0
7323,CB,PRO,463,210,1,0.0012579461,0.12579461326822639
7324,O,PRO,463,210,1,0.20871128,20.871128141880035
7325,CG,PRO,463,210,1,0.015095353,1.509535312652588
7326,CD,PRO,463,210,1,0.0012579461,0.12579461326822639
7327,HA,PRO,463,210,1,0.14512064,14.512063562870026
7328,HB2,PRO,463,210,1,0.0,0.0
7329,HB3,PRO,463,210,1,0.13273229,13.273228704929352
7330,HG2,PRO,463,210,1,0.016812757,1.6812756657600403
7331,HG3,PRO,463,210,1,0.17697638,17.697638273239136
7332,HD2,PRO,463,210,1,0.0,0.0
7333,HD3,PRO,463,210,1,0.06194173,6.19417317211628
7334,N,SER,464,211,1,0.0,0.0
7335,CA,SER,464,211,1,0.0,0.0
7336,C,SER,464,211,1,0.006289731,0.6289730779826641
7337,CB,SER,464,211,1,0.0,0.0
7338,O,SER,464,211,1,0.1417451,14.174510538578033
7339,OG,SER,464,211,1,0.0,0.0
7340,H,SER,464,211,1,0.0,0.0
7341,HA,SER,464,211,1,0.030970866,3.09708658605814
7342,HB2,SER,464,211,1,0.015042992,1.5042992308735847
7343,HB3,SER,464,211,1,0.0,0.0
7344,HG,SER,464,211,1,0.0,0.0
7345,N,LEU,465,212,1,0.0,0.0
7346,CA,LEU,465,212,1,0.0,0.0
7347,C,LEU,465,212,1,0.011321515,1.132151484489441
7348,CB,LEU,465,212,1,0.0,0.0
7349,O,LEU,465,212,1,0.17187989,17.187988758087158
7350,CG,LEU,465,212,1,0.0,0.0
7351,CD1,LEU,465,212,1,0.0,0.0
7352,CD2,LEU,465,212,1,0.012579462,1.2579461559653282
7353,H,LEU,465,212,1,0.0,0.0
7354,HA,LEU,465,212,1,0.0,0.0
7355,HB2,LEU,465,212,1,0.0044244095,0.44244094751775265
7356,HB3,LEU,465,212,1,0.0,0.0
7357,HG,LEU,465,212,1,0.0,0.0
7358,HD11,LEU,465,212,1,0.0,0.0
7359,HD12,LEU,465,212,1,0.0,0.0
7360,HD13,LEU,465,212,1,0.0,0.0
7361,HD21,LEU,465,212,1,0.007963937,0.7963936775922775
7362,HD22,LEU,465,212,1,0.0,0.0
7363,HD23,LEU,465,212,1,0.063711494,6.37114942073822
7364,N,GLN,466,213,1,0.0,0.0
7365,CA,GLN,466,213,1,0.0,0.0
7366,C,GLN,466,213,1,0.0,0.0
7367,CB,GLN,466,213,1,0.0,0.0
7368,O,GLN,466,213,1,0.25670373,25.67037343978882
7369,CG,GLN,466,213,1,0.0075476766,0.754767656326294
7370,CD,GLN,466,213,1,0.08554034,8.554033935070038
7371,H,GLN,466,213,1,0.059287086,5.928708612918854
7372,HA,GLN,466,213,1,0.076984726,7.698472589254379
7373,HB2,GLN,466,213,1,0.053977795,5.397779494524002
7374,HB3,GLN,466,213,1,0.081409134,8.140913397073746
7375,HG2,GLN,466,213,1,0.15219969,15.219968557357788
7376,HG3,GLN,466,213,1,0.09733701,9.7337007522583
7377,NE2,GLN,466,213,1,0.13214195,13.214194774627686
7378,OE1,GLN,466,213,1,0.3560369,35.6036901473999
7379,HE21,GLN,466,213,1,0.30351448,30.35144805908203
7380,HE22,GLN,466,213,1,0.24599716,24.599716067314148
7381,N,ASN,467,214,1,0.0,0.0
7382,CA,ASN,467,214,1,0.0,0.0
7383,C,ASN,467,214,1,0.0075476766,0.754767656326294
7384,CB,ASN,467,214,1,0.021385085,2.1385084837675095
7385,O,ASN,467,214,1,0.033483095,3.3483095467090607
7386,CG,ASN,467,214,1,0.040254276,4.025427624583244
7387,H,ASN,467,214,1,0.03274063,3.2740630209445953
7388,HA,ASN,467,214,1,0.0,0.0
7389,HB2,ASN,467,214,1,0.08583354,8.583354204893112
7390,HB3,ASN,467,214,1,0.08848819,8.848819136619568
7391,ND2,ASN,467,214,1,0.072905906,7.290590554475784
7392,OD1,ASN,467,214,1,0.31362498,31.362497806549072
7393,HD22,ASN,467,214,1,0.21945071,21.94507122039795
7394,HD21,ASN,467,214,1,0.25042158,25.042158365249634
7395,N,PRO,468,215,1,0.0034174644,0.34174644388258457
7396,CA,PRO,468,215,1,0.0,0.0
7397,C,PRO,468,215,1,0.0,0.0
7398,CB,PRO,468,215,1,0.0,0.0
7399,O,PRO,468,215,1,0.12946796,12.946796417236328
7400,CG,PRO,468,215,1,0.017611247,1.7611246556043625
7401,CD,PRO,468,215,1,0.028932761,2.8932761400938034
7402,HA,PRO,468,215,1,0.0017697638,0.17697637667879462
7403,HB2,PRO,468,215,1,0.009733701,0.9733701124787331
7404,HB3,PRO,468,215,1,0.0,0.0
7405,HG2,PRO,468,215,1,0.09202772,9.202771633863449
7406,HG3,PRO,468,215,1,0.058402203,5.8402203023433685
7407,HD2,PRO,468,215,1,0.12034394,12.034393846988678
7408,HD3,PRO,468,215,1,0.109725356,10.972535610198975
7409,N,ILE,469,216,1,0.0,0.0
7410,CA,ILE,469,216,1,0.0,0.0
7411,C,ILE,469,216,1,0.0,0.0
7412,CB,ILE,469,216,1,0.0,0.0
7413,O,ILE,469,216,1,0.0,0.0
7414,CG1,ILE,469,216,1,0.0,0.0
7415,CG2,ILE,469,216,1,0.011321515,1.132151484489441
7416,CD1,ILE,469,216,1,0.017611247,1.7611246556043625
7417,H,ILE,469,216,1,0.0,0.0
7418,HA,ILE,469,216,1,0.03274063,3.2740630209445953
7419,HB,ILE,469,216,1,0.0,0.0
7420,HG12,ILE,469,216,1,0.14689039,14.689038693904877
7421,HG13,ILE,469,216,1,0.0,0.0
7422,HG21,ILE,469,216,1,0.01415811,1.415811013430357
7423,HG22,ILE,469,216,1,0.0,0.0
7424,HG23,ILE,469,216,1,0.114149764,11.414976418018341
7425,HD11,ILE,469,216,1,0.055747557,5.574755743145943
7426,HD12,ILE,469,216,1,0.045128975,4.512897506356239
7427,HD13,ILE,469,216,1,0.0,0.0
7428,N,THR,470,217,1,0.0,0.0
7429,CA,THR,470,217,1,0.0,0.0
7430,C,THR,470,217,1,0.0,0.0
7431,CB,THR,470,217,1,0.0012579461,0.12579461326822639
7432,O,THR,470,217,1,0.19196974,19.196973741054535
7433,CG2,THR,470,217,1,0.013837407,1.383740734308958
7434,OG1,THR,470,217,1,0.20871128,20.871128141880035
7435,H,THR,470,217,1,0.05132315,5.132314935326576
7436,HA,THR,470,217,1,0.0,0.0
7437,HB,THR,470,217,1,0.008848819,0.8848818950355053
7438,HG21,THR,470,217,1,0.13981134,13.981133699417114
7439,HG22,THR,470,217,1,0.0,0.0
7440,HG23,THR,470,217,1,0.048668504,4.86685037612915
7441,HG1,THR,470,217,1,0.14069621,14.06962126493454
7442,N,VAL,471,218,1,0.0,0.0
7443,CA,VAL,471,218,1,0.0,0.0
7444,C,VAL,471,218,1,0.0,0.0
7445,CB,VAL,471,218,1,0.0,0.0
7446,O,VAL,471,218,1,0.0,0.0
7447,CG1,VAL,471,218,1,0.050317846,5.031784623861313
7448,CG2,VAL,471,218,1,0.0050317845,0.5031784530729055
7449,H,VAL,471,218,1,0.0,0.0
7450,HA,VAL,471,218,1,0.026546456,2.6546455919742584
7451,HB,VAL,471,218,1,0.0,0.0
7452,HG11,VAL,471,218,1,0.069020785,6.902078539133072
7453,HG12,VAL,471,218,1,0.081409134,8.140913397073746
7454,HG13,VAL,471,218,1,0.0,0.0
7455,HG21,VAL,471,218,1,0.13892646,13.892646133899689
7456,HG22,VAL,471,218,1,0.0,0.0
7457,HG23,VAL,471,218,1,0.0,0.0
7458,N,GLU,472,219,1,0.0,0.0
7459,CA,GLU,472,219,1,0.0,0.0
7460,C,GLU,472,219,1,0.0012579461,0.12579461326822639
7461,CB,GLU,472,219,1,0.0,0.0
7462,O,GLU,472,219,1,0.19866636,19.866636395454407
7463,CG,GLU,472,219,1,0.0,0.0
7464,CD,GLU,472,219,1,0.04277017,4.277016967535019
7465,OE1,GLU,472,219,1,0.41184205,41.18420481681824
7466,OE2,GLU,472,219,1,0.13728069,13.728068768978119
7467,H,GLU,472,219,1,0.07433008,7.433007657527924
7468,HA,GLU,472,219,1,0.0,0.0
7469,HB2,GLU,472,219,1,0.10530094,10.530094057321548
7470,HB3,GLU,472,219,1,0.0,0.0
7471,HG2,GLU,472,219,1,0.0,0.0
7472,HG3,GLU,472,219,1,0.040704567,4.070456698536873
7473,N,TRP,473,220,1,0.0,0.0
7474,CA,TRP,473,220,1,0.0,0.0
7475,C,TRP,473,220,1,0.0,0.0
7476,CB,TRP,473,220,1,0.0,0.0
7477,O,TRP,473,220,1,0.0,0.0
7478,CG,TRP,473,220,1,0.0,0.0
7479,CD1,TRP,473,220,1,0.03899633,3.899633139371872
7480,CD2,TRP,473,220,1,0.0,0.0
7481,CE2,TRP,473,220,1,0.0,0.0
7482,CE3,TRP,473,220,1,0.0,0.0
7483,NE1,TRP,473,220,1,0.0056957738,0.5695773754268885
7484,CH2,TRP,473,220,1,0.0025158923,0.25158922653645277
7485,CZ2,TRP,473,220,1,0.0,0.0
7486,CZ3,TRP,473,220,1,0.0,0.0
7487,H,TRP,473,220,1,0.0,0.0
7488,HA,TRP,473,220,1,0.024776693,2.477669343352318
7489,HB2,TRP,473,220,1,0.0,0.0
7490,HB3,TRP,473,220,1,0.0,0.0
7491,HD1,TRP,473,220,1,0.10530094,10.530094057321548
7492,HE1,TRP,473,220,1,0.10795559,10.795558989048004
7493,HE3,TRP,473,220,1,0.0,0.0
7494,HZ2,TRP,473,220,1,0.0,0.0
7495,HZ3,TRP,473,220,1,0.0,0.0
7496,HH2,TRP,473,220,1,0.01415811,1.415811013430357
7497,N,ARG,474,221,1,0.0,0.0
7498,CA,ARG,474,221,1,0.0,0.0
7499,C,ARG,474,221,1,0.0,0.0
7500,CB,ARG,474,221,1,0.0012579461,0.12579461326822639
7501,O,ARG,474,221,1,0.0,0.0
7502,CG,ARG,474,221,1,0.0,0.0
7503,CD,ARG,474,221,1,0.0075476766,0.754767656326294
7504,NE,ARG,474,221,1,0.013669858,1.3669857755303383
7505,NH1,ARG,474,221,1,0.12530702,12.530702352523804
7506,NH2,ARG,474,221,1,0.1184721,11.847209930419922
7507,CZ,ARG,474,221,1,0.096861854,9.686185419559479
7508,H,ARG,474,221,1,0.07344519,7.344519346952438
7509,HA,ARG,474,221,1,0.0,0.0
7510,HB2,ARG,474,221,1,0.03628016,3.6280158907175064
7511,HB3,ARG,474,221,1,0.04689874,4.68987412750721
7512,HG2,ARG,474,221,1,0.0,0.0
7513,HG3,ARG,474,221,1,0.043359213,4.335921257734299
7514,HD2,ARG,474,221,1,0.10353118,10.353118181228638
7515,HD3,ARG,474,221,1,0.13538693,13.538692891597748
7516,HE,ARG,474,221,1,0.0,0.0
7517,HH11,ARG,474,221,1,0.09025795,9.025795012712479
7518,HH12,ARG,474,221,1,0.22652976,22.65297621488571
7519,HH21,ARG,474,221,1,0.11326488,11.326488107442856
7520,HH22,ARG,474,221,1,0.25307623,25.30762255191803
7521,N,ALA,475,222,1,0.0,0.0
7522,CA,ALA,475,222,1,0.0012579461,0.12579461326822639
7523,C,ALA,475,222,1,0.011321515,1.132151484489441
7524,CB,ALA,475,222,1,0.0,0.0
7525,O,ALA,475,222,1,0.02455427,2.455426938831806
7526,H,ALA,475,222,1,0.0,0.0
7527,HA,ALA,475,222,1,0.0017697638,0.17697637667879462
7528,HB1,ALA,475,222,1,0.0,0.0
7529,HB2,ALA,475,222,1,0.0,0.0
7530,HB3,ALA,475,222,1,0.0026546456,0.26546455919742584
7531,N,GLN,476,223,1,0.0,0.0
7532,CA,GLN,476,223,1,0.0,0.0
7533,C,GLN,476,223,1,0.0,0.0
7534,CB,GLN,476,223,1,0.0,0.0
7535,O,GLN,476,223,1,0.081475526,8.147552609443665
7536,CG,GLN,476,223,1,0.0037738383,0.377383828163147
7537,CD,GLN,476,223,1,0.0654132,6.541319936513901
7538,H,GLN,476,223,1,0.0,0.0
7539,HA,GLN,476,223,1,0.022122048,2.212204784154892
7540,HB2,GLN,476,223,1,0.0017697638,0.17697637667879462
7541,HB3,GLN,476,223,1,0.0,0.0
7542,HG2,GLN,476,223,1,0.08583354,8.583354204893112
7543,HG3,GLN,476,223,1,0.040704567,4.070456698536873
7544,NE2,GLN,476,223,1,0.13442026,13.44202607870102
7545,OE1,GLN,476,223,1,0.118306935,11.830693483352661
7546,HE21,GLN,476,223,1,0.29643545,29.643544554710388
7547,HE22,GLN,476,223,1,0.25042158,25.042158365249634
7548,N,SER,477,224,1,0.0,0.0
7549,CA,SER,477,224,1,0.0,0.0
7550,C,SER,477,224,1,0.0,0.0
7551,CB,SER,477,224,1,0.0012579461,0.12579461326822639
7552,O,SER,477,224,1,0.0,0.0
7553,OG,SER,477,224,1,0.0,0.0
7554,H,SER,477,224,1,0.029201102,2.9201101511716843
7555,HA,SER,477,224,1,0.0,0.0
7556,HB2,SER,477,224,1,0.0,0.0
7557,HB3,SER,477,224,1,0.049553387,4.955338686704636
7558,HG,SER,477,224,1,0.0,0.0
7559,N,GLU,478,225,1,0.0,0.0
7560,CA,GLU,478,225,1,0.0,0.0
7561,C,GLU,478,225,1,0.0,0.0
7562,CB,GLU,478,225,1,0.0075476766,0.754767656326294
7563,O,GLU,478,225,1,0.0033483095,0.33483095467090607
7564,CG,GLU,478,225,1,0.008805623,0.8805623278021812
7565,CD,GLU,478,225,1,0.047801953,4.780195280909538
7566,OE1,GLU,478,225,1,0.47545993,47.54599332809448
7567,OE2,GLU,478,225,1,0.3549208,35.49208045005798
7568,H,GLU,478,225,1,0.0035395275,0.35395275335758924
7569,HA,GLU,478,225,1,0.0,0.0
7570,HB2,GLU,478,225,1,0.08937307,8.937306702136993
7571,HB3,GLU,478,225,1,0.0831789,8.317890018224716
7572,HG2,GLU,478,225,1,0.10884047,10.88404729962349
7573,HG3,GLU,478,225,1,0.12034394,12.034393846988678
7574,N,SER,479,226,1,0.0011391548,0.11391547741368413
7575,CA,SER,479,226,1,0.0012579461,0.12579461326822639
7576,C,SER,479,226,1,0.0,0.0
7577,CB,SER,479,226,1,0.033964545,3.3964544534683228
7578,O,SER,479,226,1,0.0,0.0
7579,OG,SER,479,226,1,0.15848665,15.848664939403534
7580,H,SER,479,226,1,0.055747557,5.574755743145943
7581,HA,SER,479,226,1,0.038934804,3.8934804499149323
7582,HB2,SER,479,226,1,0.21060188,21.060188114643097
7583,HB3,SER,479,226,1,0.025661575,2.566157467663288
7584,HG,SER,479,226,1,0.0061941734,0.6194173358380795
7585,N,ALA,480,227,1,0.0,0.0
7586,CA,ALA,480,227,1,0.0,0.0
7587,C,ALA,480,227,1,0.0012579461,0.12579461326822639
7588,CB,ALA,480,227,1,0.0,0.0
7589,O,ALA,480,227,1,0.0,0.0
7590,H,ALA,480,227,1,0.0,0.0
7591,HA,ALA,480,227,1,0.0,0.0
7592,HB1,ALA,480,227,1,0.0,0.0
7593,HB2,ALA,480,227,1,0.015927874,1.592787355184555
7594,HB3,ALA,480,227,1,0.0,0.0
7595,N,GLN,481,228,1,0.0,0.0
7596,CA,GLN,481,228,1,0.0,0.0
7597,C,GLN,481,228,1,0.0,0.0
7598,CB,GLN,481,228,1,0.0050317845,0.5031784530729055
7599,O,GLN,481,228,1,0.0,0.0
7600,CG,GLN,481,228,1,0.0025158923,0.25158922653645277
7601,CD,GLN,481,228,1,0.03899633,3.899633139371872
7602,H,GLN,481,228,1,0.0,0.0
7603,HA,GLN,481,228,1,0.005309291,0.5309291183948517
7604,HB2,GLN,481,228,1,0.0008848819,0.08848818833939731
7605,HB3,GLN,481,228,1,0.024776693,2.477669343352318
7606,HG2,GLN,481,228,1,0.030085985,3.0085984617471695
7607,HG3,GLN,481,228,1,0.0017697638,0.17697637667879462
7608,NE2,GLN,481,228,1,0.06379267,6.379266828298569
7609,OE1,GLN,481,228,1,0.24331048,24.331048130989075
7610,HE21,GLN,481,228,1,0.17874613,17.874613404273987
7611,HE22,GLN,481,228,1,0.030085985,3.0085984617471695
7612,N,SER,482,229,1,0.004556619,0.4556619096547365
7613,CA,SER,482,229,1,0.0025158923,0.25158922653645277
7614,C,SER,482,229,1,0.0012579461,0.12579461326822639
7615,CB,SER,482,229,1,0.052833736,5.283373594284058
7616,O,SER,482,229,1,0.0357153,3.571530058979988
7617,OG,SER,482,229,1,0.15737054,15.737053751945496
7618,H,SER,482,229,1,0.0,0.0
7619,HA,SER,482,229,1,0.045128975,4.512897506356239
7620,HB2,SER,482,229,1,0.21060188,21.060188114643097
7621,HB3,SER,482,229,1,0.101761416,10.176141560077667
7622,HG,SER,482,229,1,0.0,0.0
7623,N,LYS,483,230,1,0.0,0.0
7624,CA,LYS,483,230,1,0.0,0.0
7625,C,LYS,483,230,1,0.0,0.0
7626,CB,LYS,483,230,1,0.0,0.0
7627,O,LYS,483,230,1,0.0,0.0
7628,CG,LYS,483,230,1,0.0075476766,0.754767656326294
7629,CD,LYS,483,230,1,0.0,0.0
7630,CE,LYS,483,230,1,0.033964545,3.3964544534683228
7631,NZ,LYS,483,230,1,0.019365631,1.936563104391098
7632,H,LYS,483,230,1,0.0,0.0
7633,HA,LYS,483,230,1,0.020352283,2.0352283492684364
7634,HB2,LYS,483,230,1,0.0,0.0
7635,HB3,LYS,483,230,1,0.0,0.0
7636,HG2,LYS,483,230,1,0.09114283,9.114283323287964
7637,HG3,LYS,483,230,1,0.005309291,0.5309291183948517
7638,HD2,LYS,483,230,1,0.0,0.0
7639,HD3,LYS,483,230,1,0.009733701,0.9733701124787331
7640,HE2,LYS,483,230,1,0.17520662,17.520661652088165
7641,HE3,LYS,483,230,1,0.015927874,1.592787355184555
7642,HZ1,LYS,483,230,1,0.23803322,23.80332201719284
7643,HZ2,LYS,483,230,1,0.119459055,11.945905536413193
7644,HZ3,LYS,483,230,1,0.0061941734,0.6194173358380795
7645,N,MET,484,231,1,0.0,0.0
7646,CA,MET,484,231,1,0.0,0.0
7647,C,MET,484,231,1,0.0,0.0
7648,CB,MET,484,231,1,0.0,0.0
7649,O,MET,484,231,1,0.0,0.0
7650,CG,MET,484,231,1,0.0012579461,0.12579461326822639
7651,SD,MET,484,231,1,0.32974157,32.974156737327576
7652,CE,MET,484,231,1,0.09434596,9.434595704078674
7653,H,MET,484,231,1,0.0,0.0
7654,HA,MET,484,231,1,0.0,0.0
7655,HB2,MET,484,231,1,0.0,0.0
7656,HB3,MET,484,231,1,0.0,0.0
7657,HG2,MET,484,231,1,0.0,0.0
7658,HG3,MET,484,231,1,0.0,0.0
7659,HE1,MET,484,231,1,0.17963102,17.96310245990753
7660,HE2,MET,484,231,1,0.0044244095,0.44244094751775265
7661,HE3,MET,484,231,1,0.15396945,15.396945178508759
7662,N,LEU,485,232,1,0.0,0.0
7663,CA,LEU,485,232,1,0.0,0.0
7664,C,LEU,485,232,1,0.0012579461,0.12579461326822639
7665,CB,LEU,485,232,1,0.010063569,1.006356906145811
7666,O,LEU,485,232,1,0.053572953,5.357295274734497
7667,CG,LEU,485,232,1,0.0,0.0
7668,CD1,LEU,485,232,1,0.075476766,7.5476765632629395
7669,CD2,LEU,485,232,1,0.099377744,9.937774389982224
7670,H,LEU,485,232,1,0.0,0.0
7671,HA,LEU,485,232,1,0.0,0.0
7672,HB2,LEU,485,232,1,0.010618582,1.0618582367897034
7673,HB3,LEU,485,232,1,0.096452124,9.645212441682816
7674,HG,LEU,485,232,1,0.020352283,2.0352283492684364
7675,HD11,LEU,485,232,1,0.1902496,19.024960696697235
7676,HD12,LEU,485,232,1,0.16989732,16.989731788635254
7677,HD13,LEU,485,232,1,0.030970866,3.09708658605814
7678,HD21,LEU,485,232,1,0.058402203,5.8402203023433685
7679,HD22,LEU,485,232,1,0.2052926,20.529259741306305
7680,HD23,LEU,485,232,1,0.17343685,17.343685030937195
7681,N,SER,486,233,1,0.007974084,0.7974083535373211
7682,CA,SER,486,233,1,0.0012579461,0.12579461326822639
7683,C,SER,486,233,1,0.0,0.0
7684,CB,SER,486,233,1,0.0163533,1.6353299841284752
7685,O,SER,486,233,1,0.013393238,1.3393238186836243
7686,OG,SER,486,233,1,0.20424688,20.42468786239624
7687,H,SER,486,233,1,0.0,0.0
7688,HA,SER,486,233,1,0.06990567,6.990566849708557
7689,HB2,SER,486,233,1,0.06459638,6.4596377313137054
7690,HB3,SER,486,233,1,0.0,0.0
7691,HG,SER,486,233,1,0.2150263,21.502630412578583
7692,N,GLY,487,234,1,0.0,0.0
7693,CA,GLY,487,234,1,0.0,0.0
7694,C,GLY,487,234,1,0.0,0.0
7695,O,GLY,487,234,1,0.0,0.0
7696,H,GLY,487,234,1,0.0,0.0
7697,HA2,GLY,487,234,1,0.0,0.0
7698,HA3,GLY,487,234,1,0.0,0.0
7699,N,ILE,488,235,1,0.0,0.0
7700,CA,ILE,488,235,1,0.0,0.0
7701,C,ILE,488,235,1,0.0,0.0
7702,CB,ILE,488,235,1,0.0,0.0
7703,O,ILE,488,235,1,0.0,0.0
7704,CG1,ILE,488,235,1,0.0,0.0
7705,CG2,ILE,488,235,1,0.0654132,6.541319936513901
7706,CD1,ILE,488,235,1,0.06163936,6.163936108350754
7707,H,ILE,488,235,1,0.0,0.0
7708,HA,ILE,488,235,1,0.03274063,3.2740630209445953
7709,HB,ILE,488,235,1,0.0035395275,0.35395275335758924
7710,HG12,ILE,488,235,1,0.13007763,13.007763028144836
7711,HG13,ILE,488,235,1,0.0,0.0
7712,HG21,ILE,488,235,1,0.13361716,13.361716270446777
7713,HG22,ILE,488,235,1,0.055747557,5.574755743145943
7714,HG23,ILE,488,235,1,0.10530094,10.530094057321548
7715,HD11,ILE,488,235,1,0.14335087,14.335086941719055
7716,HD12,ILE,488,235,1,0.10884047,10.88404729962349
7717,HD13,ILE,488,235,1,0.010618582,1.0618582367897034
7718,N,GLY,489,236,1,0.004556619,0.4556619096547365
7719,CA,GLY,489,236,1,0.030190706,3.019070625305176
7720,C,GLY,489,236,1,0.033964545,3.3964544534683228
7721,O,GLY,489,236,1,0.04576023,4.576022922992706
7722,H,GLY,489,236,1,0.0,0.0
7723,HA2,GLY,489,236,1,0.111495115,11.149511486291885
7724,HA3,GLY,489,236,1,0.14954504,14.954504370689392
7725,N,GLY,490,237,1,0.02164394,2.164394035935402
7726,CA,GLY,490,237,1,0.013837407,1.383740734308958
7727,C,GLY,490,237,1,0.0,0.0
7728,O,GLY,490,237,1,0.0044644126,0.4464412573724985
7729,H,GLY,490,237,1,0.0,0.0
7730,HA2,GLY,490,237,1,0.09025795,9.025795012712479
7731,HA3,GLY,490,237,1,0.0008848819,0.08848818833939731
7732,N,PHE,491,238,1,0.0,0.0
7733,CA,PHE,491,238,1,0.0,0.0
7734,C,PHE,491,238,1,0.0,0.0
7735,CB,PHE,491,238,1,0.0075476766,0.754767656326294
7736,O,PHE,491,238,1,0.0011161031,0.11161031434312463
7737,CG,PHE,491,238,1,0.02264303,2.264302968978882
7738,CD1,PHE,491,238,1,0.0654132,6.541319936513901
7739,CD2,PHE,491,238,1,0.0327066,3.2706599682569504
7740,CE1,PHE,491,238,1,0.074218825,7.421882450580597
7741,CE2,PHE,491,238,1,0.06289731,6.289730966091156
7742,CZ,PHE,491,238,1,0.070444986,7.04449862241745
7743,H,PHE,491,238,1,0.0,0.0
7744,HA,PHE,491,238,1,0.0,0.0
7745,HB2,PHE,491,238,1,0.0061941734,0.6194173358380795
7746,HB3,PHE,491,238,1,0.0,0.0
7747,HD1,PHE,491,238,1,0.04158945,4.158945009112358
7748,HD2,PHE,491,238,1,0.0,0.0
7749,HE1,PHE,491,238,1,0.1566241,15.662409365177155
7750,HE2,PHE,491,238,1,0.07256032,7.256031781435013
7751,HZ,PHE,491,238,1,0.20440772,20.44077217578888
7752,N,VAL,492,239,1,0.0,0.0
7753,CA,VAL,492,239,1,0.0,0.0
7754,C,VAL,492,239,1,0.0,0.0
7755,CB,VAL,492,239,1,0.0,0.0
7756,O,VAL,492,239,1,0.0,0.0
7757,CG1,VAL,492,239,1,0.035222493,3.522249311208725
7758,CG2,VAL,492,239,1,0.04528606,4.528605937957764
7759,H,VAL,492,239,1,0.0,0.0
7760,HA,VAL,492,239,1,0.0,0.0
7761,HB,VAL,492,239,1,0.017697638,1.7697637900710106
7762,HG11,VAL,492,239,1,0.1362718,13.627180457115173
7763,HG12,VAL,492,239,1,0.20440772,20.44077217578888
7764,HG13,VAL,492,239,1,0.019467402,1.9467402249574661
7765,HG21,VAL,492,239,1,0.17166708,17.166708409786224
7766,HG22,VAL,492,239,1,0.05663244,5.663244053721428
7767,HG23,VAL,492,239,1,0.0,0.0
7768,N,LEU,493,240,1,0.0022783095,0.22783095482736826
7769,CA,LEU,493,240,1,0.0,0.0
7770,C,LEU,493,240,1,0.0,0.0
7771,CB,LEU,493,240,1,0.0,0.0
7772,O,LEU,493,240,1,0.0,0.0
7773,CG,LEU,493,240,1,0.0,0.0
7774,CD1,LEU,493,240,1,0.08805623,8.805622905492783
7775,CD2,LEU,493,240,1,0.06918704,6.918703764677048
7776,H,LEU,493,240,1,0.0,0.0
7777,HA,LEU,493,240,1,0.0017697638,0.17697637667879462
7778,HB2,LEU,493,240,1,0.040704567,4.070456698536873
7779,HB3,LEU,493,240,1,0.0,0.0
7780,HG,LEU,493,240,1,0.0,0.0
7781,HD11,LEU,493,240,1,0.17697638,17.697638273239136
7782,HD12,LEU,493,240,1,0.1221137,12.211369723081589
7783,HD13,LEU,493,240,1,0.06548126,6.548126041889191
7784,HD21,LEU,493,240,1,0.02300693,2.3006929084658623
7785,HD22,LEU,493,240,1,0.13096252,13.096252083778381
7786,HD23,LEU,493,240,1,0.16193338,16.193337738513947
7787,N,GLY,494,241,1,0.0,0.0
7788,CA,GLY,494,241,1,0.0,0.0
7789,C,GLY,494,241,1,0.008805623,0.8805623278021812
7790,O,GLY,494,241,1,0.0,0.0
7791,H,GLY,494,241,1,0.0,0.0
7792,HA2,GLY,494,241,1,0.0,0.0
7793,HA3,GLY,494,241,1,0.0008848819,0.08848818833939731
7794,N,LEU,495,242,1,0.0,0.0
7795,CA,LEU,495,242,1,0.0,0.0
7796,C,LEU,495,242,1,0.0025158923,0.25158922653645277
7797,CB,LEU,495,242,1,0.008805623,0.8805623278021812
7798,O,LEU,495,242,1,0.06250177,6.250177323818207
7799,CG,LEU,495,242,1,0.0,0.0
7800,CD1,LEU,495,242,1,0.052833736,5.283373594284058
7801,CD2,LEU,495,242,1,0.06163936,6.163936108350754
7802,H,LEU,495,242,1,0.0,0.0
7803,HA,LEU,495,242,1,0.0,0.0
7804,HB2,LEU,495,242,1,0.0035395275,0.35395275335758924
7805,HB3,LEU,495,242,1,0.09468236,9.468235820531845
7806,HG,LEU,495,242,1,0.009733701,0.9733701124787331
7807,HD11,LEU,495,242,1,0.1805159,18.051590025424957
7808,HD12,LEU,495,242,1,0.027431339,2.7431339025497437
7809,HD13,LEU,495,242,1,0.030970866,3.09708658605814
7810,HD21,LEU,495,242,1,0.03274063,3.2740630209445953
7811,HD22,LEU,495,242,1,0.1318474,13.184739649295807
7812,HD23,LEU,495,242,1,0.15750897,15.75089693069458
7813,N,ILE,496,243,1,0.0,0.0
7814,CA,ILE,496,243,1,0.0,0.0
7815,C,ILE,496,243,1,0.0,0.0
7816,CB,ILE,496,243,1,0.0,0.0
7817,O,ILE,496,243,1,0.0044644126,0.4464412573724985
7818,CG1,ILE,496,243,1,0.0163533,1.6353299841284752
7819,CG2,ILE,496,243,1,0.017611247,1.7611246556043625
7820,CD1,ILE,496,243,1,0.08554034,8.554033935070038
7821,H,ILE,496,243,1,0.0,0.0
7822,HA,ILE,496,243,1,0.07521496,7.521495968103409
7823,HB,ILE,496,243,1,0.0,0.0
7824,HG12,ILE,496,243,1,0.15485433,15.485432744026184
7825,HG13,ILE,496,243,1,0.025661575,2.566157467663288
7826,HG21,ILE,496,243,1,0.12919275,12.919275462627411
7827,HG22,ILE,496,243,1,0.005309291,0.5309291183948517
7828,HG23,ILE,496,243,1,0.09468236,9.468235820531845
7829,HD11,ILE,496,243,1,0.14866015,14.866015315055847
7830,HD12,ILE,496,243,1,0.14512064,14.512063562870026
7831,HD13,ILE,496,243,1,0.024776693,2.477669343352318
7832,N,PHE,497,244,1,0.0,0.0
7833,CA,PHE,497,244,1,0.0,0.0
7834,C,PHE,497,244,1,0.0,0.0
7835,CB,PHE,497,244,1,0.0,0.0
7836,O,PHE,497,244,1,0.0,0.0
7837,CG,PHE,497,244,1,0.0,0.0
7838,CD1,PHE,497,244,1,0.0075476766,0.754767656326294
7839,CD2,PHE,497,244,1,0.0,0.0
7840,CE1,PHE,497,244,1,0.074218825,7.421882450580597
7841,CE2,PHE,497,244,1,0.06289731,6.289730966091156
7842,CZ,PHE,497,244,1,0.120762825,12.076282501220703
7843,H,PHE,497,244,1,0.0,0.0
7844,HA,PHE,497,244,1,0.0017697638,0.17697637667879462
7845,HB2,PHE,497,244,1,0.0,0.0
7846,HB3,PHE,497,244,1,0.0,0.0
7847,HD1,PHE,497,244,1,0.0,0.0
7848,HD2,PHE,497,244,1,0.0,0.0
7849,HE1,PHE,497,244,1,0.17432173,17.43217259645462
7850,HE2,PHE,497,244,1,0.058402203,5.8402203023433685
7851,HZ,PHE,497,244,1,0.25307623,25.30762255191803
7852,N,LEU,498,245,1,0.0,0.0
7853,CA,LEU,498,245,1,0.0,0.0
7854,C,LEU,498,245,1,0.0,0.0
7855,CB,LEU,498,245,1,0.0,0.0
7856,O,LEU,498,245,1,0.0,0.0
7857,CG,LEU,498,245,1,0.0,0.0
7858,CD1,LEU,498,245,1,0.010063569,1.006356906145811
7859,CD2,LEU,498,245,1,0.070444986,7.04449862241745
7860,H,LEU,498,245,1,0.0,0.0
7861,HA,LEU,498,245,1,0.0,0.0
7862,HB2,LEU,498,245,1,0.0,0.0
7863,HB3,LEU,498,245,1,0.0,0.0
7864,HG,LEU,498,245,1,0.0,0.0
7865,HD11,LEU,498,245,1,0.026546456,2.6546455919742584
7866,HD12,LEU,498,245,1,0.06548126,6.548126041889191
7867,HD13,LEU,498,245,1,0.0,0.0
7868,HD21,LEU,498,245,1,0.10530094,10.530094057321548
7869,HD22,LEU,498,245,1,0.1610485,16.10485017299652
7870,HD23,LEU,498,245,1,0.10087653,10.087653249502182
7871,N,GLY,499,246,1,0.0,0.0
7872,CA,GLY,499,246,1,0.031448655,3.144865483045578
7873,C,GLY,499,246,1,0.0075476766,0.754767656326294
7874,O,GLY,499,246,1,0.0044644126,0.4464412573724985
7875,H,GLY,499,246,1,0.0,0.0
7876,HA2,GLY,499,246,1,0.08760331,8.760330826044083
7877,HA3,GLY,499,246,1,0.1566241,15.662409365177155
7878,N,LEU,500,247,1,0.0022783095,0.22783095482736826
7879,CA,LEU,500,247,1,0.0,0.0
7880,C,LEU,500,247,1,0.0,0.0
7881,CB,LEU,500,247,1,0.0,0.0
7882,O,LEU,500,247,1,0.0,0.0
7883,CG,LEU,500,247,1,0.0,0.0
7884,CD1,LEU,500,247,1,0.07170293,7.1702927350997925
7885,CD2,LEU,500,247,1,0.10566747,10.566747188568115
7886,H,LEU,500,247,1,0.0,0.0
7887,HA,LEU,500,247,1,0.0,0.0
7888,HB2,LEU,500,247,1,0.0,0.0
7889,HB3,LEU,500,247,1,0.007079055,0.7079055067151785
7890,HG,LEU,500,247,1,0.063711494,6.37114942073822
7891,HD11,LEU,500,247,1,0.16989732,16.989731788635254
7892,HD12,LEU,500,247,1,0.14335087,14.335086941719055
7893,HD13,LEU,500,247,1,0.015042992,1.5042992308735847
7894,HD21,LEU,500,247,1,0.054862678,5.486267805099487
7895,HD22,LEU,500,247,1,0.2052926,20.529259741306305
7896,HD23,LEU,500,247,1,0.116804406,11.680440604686737
7897,N,GLY,501,248,1,0.0,0.0
7898,CA,GLY,501,248,1,0.0,0.0
7899,C,GLY,501,248,1,0.0,0.0
7900,O,GLY,501,248,1,0.0,0.0
7901,H,GLY,501,248,1,0.0,0.0
7902,HA2,GLY,501,248,1,0.0,0.0
7903,HA3,GLY,501,248,1,0.0,0.0
7904,N,LEU,502,249,1,0.0,0.0
7905,CA,LEU,502,249,1,0.0,0.0
7906,C,LEU,502,249,1,0.0037738383,0.377383828163147
7907,CB,LEU,502,249,1,0.0050317845,0.5031784530729055
7908,O,LEU,502,249,1,0.018973753,1.8973752856254578
7909,CG,LEU,502,249,1,0.0,0.0
7910,CD1,LEU,502,249,1,0.0654132,6.541319936513901
7911,CD2,LEU,502,249,1,0.06415525,6.4155250787734985
7912,H,LEU,502,249,1,0.0,0.0
7913,HA,LEU,502,249,1,0.0,0.0
7914,HB2,LEU,502,249,1,0.013273228,1.3273227959871292
7915,HB3,LEU,502,249,1,0.09556724,9.55672413110733
7916,HG,LEU,502,249,1,0.0,0.0
7917,HD11,LEU,502,249,1,0.1858252,18.58251988887787
7918,HD12,LEU,502,249,1,0.08229402,8.229401707649231
7919,HD13,LEU,502,249,1,0.030085985,3.0085984617471695
7920,HD21,LEU,502,249,1,0.009733701,0.9733701124787331
7921,HD22,LEU,502,249,1,0.08848819,8.848819136619568
7922,HD23,LEU,502,249,1,0.17874613,17.874613404273987
7923,N,ILE,503,250,1,0.0,0.0
7924,CA,ILE,503,250,1,0.0,0.0
7925,C,ILE,503,250,1,0.0,0.0
7926,CB,ILE,503,250,1,0.0,0.0
7927,O,ILE,503,250,1,0.0011161031,0.11161031434312463
7928,CG1,ILE,503,250,1,0.018869191,1.8869191408157349
7929,CG2,ILE,503,250,1,0.020127138,2.012713812291622
7930,CD1,ILE,503,250,1,0.09057212,9.057211875915527
7931,H,ILE,503,250,1,0.0,0.0
7932,HA,ILE,503,250,1,0.045128975,4.512897506356239
7933,HB,ILE,503,250,1,0.0,0.0
7934,HG12,ILE,503,250,1,0.15839386,15.839385986328125
7935,HG13,ILE,503,250,1,0.04601386,4.6013858169317245
7936,HG21,ILE,503,250,1,0.11061023,11.0610231757164
7937,HG22,ILE,503,250,1,0.017697638,1.7697637900710106
7938,HG23,ILE,503,250,1,0.08937307,8.937306702136993
7939,HD11,ILE,503,250,1,0.14423575,14.42357450723648
7940,HD12,ILE,503,250,1,0.23980299,23.98029863834381
7941,HD13,ILE,503,250,1,0.02831622,2.831622026860714
7942,N,ILE,504,251,1,0.0,0.0
7943,CA,ILE,504,251,1,0.0,0.0
7944,C,ILE,504,251,1,0.0,0.0
7945,CB,ILE,504,251,1,0.0,0.0
7946,O,ILE,504,251,1,0.007812722,0.7812721654772758
7947,CG1,ILE,504,251,1,0.011321515,1.132151484489441
7948,CG2,ILE,504,251,1,0.0,0.0
7949,CD1,ILE,504,251,1,0.04151222,4.151222109794617
7950,H,ILE,504,251,1,0.0,0.0
7951,HA,ILE,504,251,1,0.015927874,1.592787355184555
7952,HB,ILE,504,251,1,0.0,0.0
7953,HG12,ILE,504,251,1,0.14866015,14.866015315055847
7954,HG13,ILE,504,251,1,0.01858252,1.858251914381981
7955,HG21,ILE,504,251,1,0.0,0.0
7956,HG22,ILE,504,251,1,0.0,0.0
7957,HG23,ILE,504,251,1,0.09025795,9.025795012712479
7958,HD11,ILE,504,251,1,0.025661575,2.566157467663288
7959,HD12,ILE,504,251,1,0.17343685,17.343685030937195
7960,HD13,ILE,504,251,1,0.0,0.0
7961,N,HIS,505,252,1,0.0,0.0
7962,CA,HIS,505,252,1,0.0,0.0
7963,C,HIS,505,252,1,0.0,0.0
7964,CB,HIS,505,252,1,0.0,0.0
7965,O,HIS,505,252,1,0.0,0.0
7966,CG,HIS,505,252,1,0.0,0.0
7967,H,HIS,505,252,1,0.0,0.0
7968,HA,HIS,505,252,1,0.0,0.0
7969,HB2,HIS,505,252,1,0.0,0.0
7970,HB3,HIS,505,252,1,0.0,0.0
7971,CD2,HIS,505,252,1,0.008805623,0.8805623278021812
7972,ND1,HIS,505,252,1,0.0,0.0
7973,CE1,HIS,505,252,1,0.018869191,1.8869191408157349
7974,NE2,HIS,505,252,1,0.0011391548,0.11391547741368413
7975,HD1,HIS,505,252,1,0.0,0.0
7976,HD2,HIS,505,252,1,0.10618582,10.618582367897034
7977,HE1,HIS,505,252,1,0.111495115,11.149511486291885
7978,HE2,HIS,505,252,1,0.16281827,16.28182679414749
7979,N,HIS,506,253,1,0.0,0.0
7980,CA,HIS,506,253,1,0.0,0.0
7981,C,HIS,506,253,1,0.0,0.0
7982,CB,HIS,506,253,1,0.0163533,1.6353299841284752
7983,O,HIS,506,253,1,0.0033483095,0.33483095467090607
7984,CG,HIS,506,253,1,0.025158923,2.5158923119306564
7985,H,HIS,506,253,1,0.0,0.0
7986,HA,HIS,506,253,1,0.0,0.0
7987,HB2,HIS,506,253,1,0.030970866,3.09708658605814
7988,HB3,HIS,506,253,1,0.044244096,4.424409568309784
7989,CD2,HIS,506,253,1,0.08554034,8.554033935070038
7990,ND1,HIS,506,253,1,0.02847887,2.8478870168328285
7991,CE1,HIS,506,253,1,0.1773704,17.737039923667908
7992,NE2,HIS,506,253,1,0.05012281,5.0122808665037155
7993,HD1,HIS,506,253,1,0.13361716,13.361716270446777
7994,HD2,HIS,506,253,1,0.1362718,13.627180457115173
7995,HE1,HIS,506,253,1,0.26723433,26.723432540893555
7996,HE2,HIS,506,253,1,0.23980299,23.98029863834381
7997,N,ARG,507,254,1,0.0,0.0
7998,CA,ARG,507,254,1,0.0,0.0
7999,C,ARG,507,254,1,0.0012579461,0.12579461326822639
8000,CB,ARG,507,254,1,0.011321515,1.132151484489441
8001,O,ARG,507,254,1,0.11384252,11.384251713752747
8002,CG,ARG,507,254,1,0.0075476766,0.754767656326294
8003,CD,ARG,507,254,1,0.0075476766,0.754767656326294
8004,NE,ARG,507,254,1,0.02847887,2.8478870168328285
8005,NH1,ARG,507,254,1,0.10366309,10.366308689117432
8006,NH2,ARG,507,254,1,0.1435335,14.353349804878235
8007,CZ,ARG,507,254,1,0.059123468,5.912346765398979
8008,H,ARG,507,254,1,0.0,0.0
8009,HA,ARG,507,254,1,0.017697638,1.7697637900710106
8010,HB2,ARG,507,254,1,0.0035395275,0.35395275335758924
8011,HB3,ARG,507,254,1,0.10884047,10.88404729962349
8012,HG2,ARG,507,254,1,0.13804157,13.804157078266144
8013,HG3,ARG,507,254,1,0.057517324,5.751732364296913
8014,HD2,ARG,507,254,1,0.01858252,1.858251914381981
8015,HD3,ARG,507,254,1,0.14600551,14.600551128387451
8016,HE,ARG,507,254,1,0.13892646,13.892646133899689
8017,HH11,ARG,507,254,1,0.17520662,17.520661652088165
8018,HH12,ARG,507,254,1,0.25750062,25.750061869621277
8019,HH21,ARG,507,254,1,0.2539611,25.396108627319336
8020,HH22,ARG,507,254,1,0.2592704,25.927039980888367
8021,N,SER,508,255,1,0.0034174644,0.34174644388258457
8022,CA,SER,508,255,1,0.0012579461,0.12579461326822639
8023,C,SER,508,255,1,0.0,0.0
8024,CB,SER,508,255,1,0.0,0.0
8025,O,SER,508,255,1,0.008928825,0.892882514744997
8026,OG,SER,508,255,1,0.014509341,1.450934074819088
8027,H,SER,508,255,1,0.0,0.0
8028,HA,SER,508,255,1,0.033625513,3.3625513315200806
8029,HB2,SER,508,255,1,0.0,0.0
8030,HB3,SER,508,255,1,0.017697638,1.7697637900710106
8031,HG,SER,508,255,1,0.0,0.0
8032,N,GLN,509,256,1,0.0,0.0
8033,CA,GLN,509,256,1,0.0,0.0
8034,C,GLN,509,256,1,0.0012579461,0.12579461326822639
8035,CB,GLN,509,256,1,0.006289731,0.6289730779826641
8036,O,GLN,509,256,1,0.030134784,3.0134784057736397
8037,CG,GLN,509,256,1,0.0075476766,0.754767656326294
8038,CD,GLN,509,256,1,0.040254276,4.025427624583244
8039,H,GLN,509,256,1,0.0,0.0
8040,HA,GLN,509,256,1,0.009733701,0.9733701124787331
8041,HB2,GLN,509,256,1,0.007963937,0.7963936775922775
8042,HB3,GLN,509,256,1,0.07433008,7.433007657527924
8043,HG2,GLN,509,256,1,0.12299858,12.299858033657074
8044,HG3,GLN,509,256,1,0.005309291,0.5309291183948517
8045,NE2,GLN,509,256,1,0.06948844,6.948844343423843
8046,OE1,GLN,509,256,1,0.2935351,29.353511333465576
8047,HE21,GLN,509,256,1,0.2539611,25.396108627319336
8048,HE22,GLN,509,256,1,0.16989732,16.989731788635254
8049,N,LYS,510,257,1,0.0,0.0
8050,CA,LYS,510,257,1,0.0,0.0
8051,C,LYS,510,257,1,0.0037738383,0.377383828163147
8052,CB,LYS,510,257,1,0.012579462,1.2579461559653282
8053,O,LYS,510,257,1,0.034599196,3.4599196165800095
8054,CG,LYS,510,257,1,0.015095353,1.509535312652588
8055,CD,LYS,510,257,1,0.015095353,1.509535312652588
8056,CE,LYS,510,257,1,0.025158923,2.5158923119306564
8057,NZ,LYS,510,257,1,0.020504786,2.05047857016325
8058,H,LYS,510,257,1,0.0,0.0
8059,HA,LYS,510,257,1,0.0035395275,0.35395275335758924
8060,HB2,LYS,510,257,1,0.022122048,2.212204784154892
8061,HB3,LYS,510,257,1,0.10530094,10.530094057321548
8062,HG2,LYS,510,257,1,0.109725356,10.972535610198975
8063,HG3,LYS,510,257,1,0.04601386,4.6013858169317245
8064,HD2,LYS,510,257,1,0.09114283,9.114283323287964
8065,HD3,LYS,510,257,1,0.13273229,13.273228704929352
8066,HE2,LYS,510,257,1,0.18405543,18.405543267726898
8067,HE3,LYS,510,257,1,0.025661575,2.566157467663288
8068,HZ1,LYS,510,257,1,0.22741464,22.741463780403137
8069,HZ2,LYS,510,257,1,0.28227732,28.227731585502625
8070,HZ3,LYS,510,257,1,0.21591118,21.59111797809601
8071,N,GLY,511,258,1,0.0113915475,1.139154750853777
8072,CA,GLY,511,258,1,0.033964545,3.3964544534683228
8073,C,GLY,511,258,1,0.013837407,1.383740734308958
8074,O,GLY,511,258,1,0.17634429,17.634429037570953
8075,H,GLY,511,258,1,0.0,0.0
8076,HA2,GLY,511,258,1,0.14246598,14.24659788608551
8077,HA3,GLY,511,258,1,0.17609149,17.60914921760559
8078,N,LEU,512,259,1,0.0,0.0
8079,CA,LEU,512,259,1,0.0,0.0
8080,C,LEU,512,259,1,0.0,0.0
8081,CB,LEU,512,259,1,0.006289731,0.6289730779826641
8082,O,LEU,512,259,1,0.19643416,19.64341551065445
8083,CG,LEU,512,259,1,0.0,0.0
8084,CD1,LEU,512,259,1,0.0037738383,0.377383828163147
8085,CD2,LEU,512,259,1,0.099377744,9.937774389982224
8086,H,LEU,512,259,1,0.0,0.0
8087,HA,LEU,512,259,1,0.03804992,3.804992139339447
8088,HB2,LEU,512,259,1,0.0008848819,0.08848818833939731
8089,HB3,LEU,512,259,1,0.035395276,3.539527580142021
8090,HG,LEU,512,259,1,0.058402203,5.8402203023433685
8091,HD11,LEU,512,259,1,0.052208032,5.2208032459020615
8092,HD12,LEU,512,259,1,0.07786961,7.7869608998298645
8093,HD13,LEU,512,259,1,0.03274063,3.2740630209445953
8094,HD21,LEU,512,259,1,0.16193338,16.193337738513947
8095,HD22,LEU,512,259,1,0.20883213,20.883212983608246
8096,HD23,LEU,512,259,1,0.18405543,18.405543267726898
8097,N,LEU,513,260,1,0.0,0.0
8098,CA,LEU,513,260,1,0.0,0.0
8099,C,LEU,513,260,1,0.0075476766,0.754767656326294
8100,CB,LEU,513,260,1,0.008805623,0.8805623278021812
8101,O,LEU,513,260,1,0.2477749,24.77748990058899
8102,CG,LEU,513,260,1,0.0,0.0
8103,CD1,LEU,513,260,1,0.08554034,8.554033935070038
8104,CD2,LEU,513,260,1,0.099377744,9.937774389982224
8105,H,LEU,513,260,1,0.0,0.0
8106,HA,LEU,513,260,1,0.034510393,3.451039269566536
8107,HB2,LEU,513,260,1,0.015927874,1.592787355184555
8108,HB3,LEU,513,260,1,0.07079055,7.079055160284042
8109,HG,LEU,513,260,1,0.07963937,7.963936775922775
8110,HD11,LEU,513,260,1,0.1805159,18.051590025424957
8111,HD12,LEU,513,260,1,0.20706236,20.706236362457275
8112,HD13,LEU,513,260,1,0.022122048,2.212204784154892
8113,HD21,LEU,513,260,1,0.14866015,14.866015315055847
8114,HD22,LEU,513,260,1,0.20706236,20.706236362457275
8115,HD23,LEU,513,260,1,0.17166708,17.166708409786224
8116,N,HIS,514,261,1,0.0,0.0
8117,CA,HIS,514,261,1,0.0,0.0
8118,C,HIS,514,261,1,0.017611247,1.7611246556043625
8119,CB,HIS,514,261,1,0.023900976,2.390097640454769
8120,O,HIS,514,261,1,0.23103335,23.10333549976349
8121,CG,HIS,514,261,1,0.031448655,3.144865483045578
8122,OXT,HIS,514,261,1,0.4587184,45.87183892726898
8123,H,HIS,514,261,1,0.0,0.0
8124,HA,HIS,514,261,1,0.025661575,2.566157467663288
8125,HB2,HIS,514,261,1,0.059287086,5.928708612918854
8126,HB3,HIS,514,261,1,0.14335087,14.335086941719055
8127,CD2,HIS,514,261,1,0.12705256,12.705256044864655
8128,ND1,HIS,514,261,1,0.03987042,3.987041860818863
8129,CE1,HIS,514,261,1,0.19498165,19.4981649518013
8130,NE2,HIS,514,261,1,0.066070974,6.607097387313843
8131,HD1,HIS,514,261,1,0.21148677,21.148677170276642
8132,HD2,HIS,514,261,1,0.15308456,15.308456122875214
8133,HE1,HIS,514,261,1,0.2690041,26.900410652160645
8134,HE2,HIS,514,261,1,0.30528426,30.52842617034912
8135,N,ASP,515,1,2,0.013669858,1.3669857755303383
8136,CA,ASP,515,1,2,0.0,0.0
8137,C,ASP,515,1,2,0.0,0.0
8138,CB,ASP,515,1,2,0.0025158923,0.25158922653645277
8139,O,ASP,515,1,2,0.029018681,2.901868149638176
8140,CG,ASP,515,1,2,0.028932761,2.8932761400938034
8141,OD1,ASP,515,1,2,0.26228425,26.228424906730652
8142,OD2,ASP,515,1,2,0.47211164,47.211164236068726
8143,H,ASP,515,1,2,0.18405543,18.405543267726898
8144,HA,ASP,515,1,2,0.017697638,1.7697637900710106
8145,HB2,ASP,515,1,2,0.114149764,11.414976418018341
8146,HB3,ASP,515,1,2,0.0061941734,0.6194173358380795
8147,H2,ASP,515,1,2,0.21945071,21.94507122039795
8148,H3,ASP,515,1,2,0.14246598,14.24659788608551
8149,N,VAL,516,2,2,0.0,0.0
8150,CA,VAL,516,2,2,0.0,0.0
8151,C,VAL,516,2,2,0.008805623,0.8805623278021812
8152,CB,VAL,516,2,2,0.0,0.0
8153,O,VAL,516,2,2,0.0,0.0
8154,CG1,VAL,516,2,2,0.0,0.0
8155,CG2,VAL,516,2,2,0.008805623,0.8805623278021812
8156,H,VAL,516,2,2,0.026546456,2.6546455919742584
8157,HA,VAL,516,2,2,0.019467402,1.9467402249574661
8158,HB,VAL,516,2,2,0.015042992,1.5042992308735847
8159,HG11,VAL,516,2,2,0.011503465,1.1503464542329311
8160,HG12,VAL,516,2,2,0.038934804,3.8934804499149323
8161,HG13,VAL,516,2,2,0.0,0.0
8162,HG21,VAL,516,2,2,0.0035395275,0.35395275335758924
8163,HG22,VAL,516,2,2,0.0,0.0
8164,HG23,VAL,516,2,2,0.033625513,3.3625513315200806
8165,N,GLN,517,3,2,0.0,0.0
8166,CA,GLN,517,3,2,0.0,0.0
8167,C,GLN,517,3,2,0.0,0.0
8168,CB,GLN,517,3,2,0.0,0.0
8169,O,GLN,517,3,2,0.018973753,1.8973752856254578
8170,CG,GLN,517,3,2,0.006289731,0.6289730779826641
8171,CD,GLN,517,3,2,0.060381413,6.038141250610352
8172,H,GLN,517,3,2,0.0,0.0
8173,HA,GLN,517,3,2,0.0,0.0
8174,HB2,GLN,517,3,2,0.0,0.0
8175,HB3,GLN,517,3,2,0.06194173,6.19417317211628
8176,HG2,GLN,517,3,2,0.09822189,9.822189062833786
8177,HG3,GLN,517,3,2,0.031855747,3.18557471036911
8178,NE2,GLN,517,3,2,0.13328111,13.328111171722412
8179,OE1,GLN,517,3,2,0.1417451,14.174510538578033
8180,HE21,GLN,517,3,2,0.2982052,29.82051968574524
8181,HE22,GLN,517,3,2,0.2486518,24.865180253982544
8182,N,ASP,518,4,2,0.0,0.0
8183,CA,ASP,518,4,2,0.0,0.0
8184,C,ASP,518,4,2,0.0,0.0
8185,CB,ASP,518,4,2,0.006289731,0.6289730779826641
8186,O,ASP,518,4,2,0.05245685,5.245684832334518
8187,CG,ASP,518,4,2,0.0,0.0
8188,OD2,ASP,518,4,2,0.0,0.0
8189,OD1,ASP,518,4,2,0.0055805156,0.558051560074091
8190,H,ASP,518,4,2,0.0,0.0
8191,HA,ASP,518,4,2,0.0,0.0
8192,HB2,ASP,518,4,2,0.07609984,7.609984278678894
8193,HB3,ASP,518,4,2,0.0,0.0
8194,HD2,ASP,518,4,2,0.0,0.0
8195,N,ASP,519,5,2,0.0,0.0
8196,CA,ASP,519,5,2,0.0,0.0
8197,C,ASP,519,5,2,0.0,0.0
8198,CB,ASP,519,5,2,0.0,0.0
8199,O,ASP,519,5,2,0.030134784,3.0134784057736397
8200,CG,ASP,519,5,2,0.0,0.0
8201,OD1,ASP,519,5,2,0.0,0.0
8202,OD2,ASP,519,5,2,0.0,0.0
8203,H,ASP,519,5,2,0.0,0.0
8204,HA,ASP,519,5,2,0.0,0.0
8205,HB2,ASP,519,5,2,0.0,0.0
8206,HB3,ASP,519,5,2,0.0,0.0
8207,HD2,ASP,519,5,2,0.0,0.0
8208,N,GLU,520,6,2,0.0,0.0
8209,CA,GLU,520,6,2,0.0,0.0
8210,C,GLU,520,6,2,0.006289731,0.6289730779826641
8211,CB,GLU,520,6,2,0.0075476766,0.754767656326294
8212,O,GLU,520,6,2,0.029018681,2.901868149638176
8213,CG,GLU,520,6,2,0.0,0.0
8214,CD,GLU,520,6,2,0.013837407,1.383740734308958
8215,OE1,GLU,520,6,2,0.23772997,23.77299666404724
8216,OE2,GLU,520,6,2,0.3951005,39.51005041599274
8217,H,GLU,520,6,2,0.0,0.0
8218,HA,GLU,520,6,2,0.0,0.0
8219,HB2,GLU,520,6,2,0.02300693,2.3006929084658623
8220,HB3,GLU,520,6,2,0.071675435,7.167543470859528
8221,HG2,GLU,520,6,2,0.0,0.0
8222,HG3,GLU,520,6,2,0.0,0.0
8223,N,GLU,521,7,2,0.0,0.0
8224,CA,GLU,521,7,2,0.0,0.0
8225,C,GLU,521,7,2,0.0,0.0
8226,CB,GLU,521,7,2,0.0037738383,0.377383828163147
8227,O,GLU,521,7,2,0.12165524,12.165524065494537
8228,CG,GLU,521,7,2,0.0,0.0
8229,CD,GLU,521,7,2,0.0,0.0
8230,OE2,GLU,521,7,2,0.0,0.0
8231,OE1,GLU,521,7,2,0.09263656,9.263656288385391
8232,H,GLU,521,7,2,0.0,0.0
8233,HA,GLU,521,7,2,0.0044244095,0.44244094751775265
8234,HB2,GLU,521,7,2,0.04247433,4.2474329471588135
8235,HB3,GLU,521,7,2,0.009733701,0.9733701124787331
8236,HG2,GLU,521,7,2,0.009733701,0.9733701124787331
8237,HG3,GLU,521,7,2,0.0,0.0
8238,HE2,GLU,521,7,2,0.012388347,1.238834671676159
8239,N,ARG,522,8,2,0.0,0.0
8240,CA,ARG,522,8,2,0.0,0.0
8241,C,ARG,522,8,2,0.0,0.0
8242,CB,ARG,522,8,2,0.0,0.0
8243,O,ARG,522,8,2,0.0,0.0
8244,CG,ARG,522,8,2,0.0,0.0
8245,CD,ARG,522,8,2,0.0,0.0
8246,NE,ARG,522,8,2,0.0,0.0
8247,NH1,ARG,522,8,2,0.0,0.0
8248,NH2,ARG,522,8,2,0.0011391548,0.11391547741368413
8249,CZ,ARG,522,8,2,0.0,0.0
8250,H,ARG,522,8,2,0.0,0.0
8251,HA,ARG,522,8,2,0.0,0.0
8252,HB2,ARG,522,8,2,0.0026546456,0.26546455919742584
8253,HB3,ARG,522,8,2,0.0,0.0
8254,HG2,ARG,522,8,2,0.0,0.0
8255,HG3,ARG,522,8,2,0.0,0.0
8256,HD2,ARG,522,8,2,0.0,0.0
8257,HD3,ARG,522,8,2,0.0,0.0
8258,HE,ARG,522,8,2,0.0,0.0
8259,HH11,ARG,522,8,2,0.0,0.0
8260,HH12,ARG,522,8,2,0.0,0.0
8261,HH21,ARG,522,8,2,0.0,0.0
8262,HH22,ARG,522,8,2,0.0,0.0
8263,N,GLU,523,9,2,0.0,0.0
8264,CA,GLU,523,9,2,0.0,0.0
8265,C,GLU,523,9,2,0.0,0.0
8266,CB,GLU,523,9,2,0.008805623,0.8805623278021812
8267,O,GLU,523,9,2,0.011161031,1.116103120148182
8268,CG,GLU,523,9,2,0.006289731,0.6289730779826641
8269,CD,GLU,523,9,2,0.0,0.0
8270,OE1,GLU,523,9,2,0.0,0.0
8271,OE2,GLU,523,9,2,0.08035943,8.035942912101746
8272,H,GLU,523,9,2,0.012388347,1.238834671676159
8273,HA,GLU,523,9,2,0.0,0.0
8274,HB2,GLU,523,9,2,0.008848819,0.8848818950355053
8275,HB3,GLU,523,9,2,0.007079055,0.7079055067151785
8276,HG2,GLU,523,9,2,0.0017697638,0.17697637667879462
8277,HG3,GLU,523,9,2,0.026546456,2.6546455919742584
8278,HE2,GLU,523,9,2,0.17874613,17.874613404273987
8279,N,LEU,524,10,2,0.0,0.0
8280,CA,LEU,524,10,2,0.0,0.0
8281,C,LEU,524,10,2,0.04151222,4.151222109794617
8282,CB,LEU,524,10,2,0.0,0.0
8283,O,LEU,524,10,2,0.16853158,16.853158175945282
8284,CG,LEU,524,10,2,0.0,0.0
8285,CD1,LEU,524,10,2,0.0,0.0
8286,CD2,LEU,524,10,2,0.0,0.0
8287,OXT,LEU,524,10,2,0.0,0.0
8288,H,LEU,524,10,2,0.0,0.0
8289,HA,LEU,524,10,2,0.0,0.0
8290,HB2,LEU,524,10,2,0.0035395275,0.35395275335758924
8291,HB3,LEU,524,10,2,0.0,0.0
8292,HG,LEU,524,10,2,0.0,0.0
8293,HD11,LEU,524,10,2,0.0,0.0
8294,HD12,LEU,524,10,2,0.0,0.0
8295,HD13,LEU,524,10,2,0.04601386,4.6013858169317245
8296,HD21,LEU,524,10,2,0.0,0.0
8297,HD22,LEU,524,10,2,0.0,0.0
8298,HD23,LEU,524,10,2,0.0,0.0
